resnam,resnum,wcnSC,wcnCA
ASP,1,0.143882893666,0.228616339638
LYS,2,0.269300621834,0.335117928025
ARG,3,0.276190829536,0.413637204518
THR,4,0.405582278562,0.492254036212
CYS,5,0.673603844156,0.576360231707
VAL,6,0.316273609695,0.451179502338
SER,7,0.34657503652,0.497372817637
LEU,8,0.586502138594,0.631858693919
THR,9,0.530001586574,0.584421709044
THR,10,0.32728634642,0.460975386295
GLN,11,0.314500977798,0.466025235348
ARG,12,0.362006936605,0.535243960323
LEU,13,0.588218157972,0.587976106308
PRO,14,0.41134256652,0.54121132381
VAL,15,0.49531834791,0.60918866332
SER,16,0.354843939245,0.4837172604
ARG,17,0.346162646657,0.581844055476
ILE,18,0.617033068631,0.717889245054
LYS,19,0.360059797332,0.605231892104
THR,20,0.418761560458,0.599469010013
TYR,21,0.515802393186,0.672863783075
THR,22,0.475237363244,0.599088197434
ILE,23,0.478020135339,0.614714965984
THR,24,0.484660638445,0.583033274531
GLU,25,0.346874082419,0.519610920371
GLY,26,0.335663400723,0.428483558991
SER,27,0.356897172877,0.424068099138
LEU,28,0.426885075933,0.515282580751
ARG,29,0.445705239546,0.591570975196
ALA,30,0.675413495361,0.717137564195
VAL,31,0.693140983776,0.781363264717
ILE,32,0.606764430097,0.779672658802
PHE,33,0.709209144936,0.789714423216
ILE,34,0.512393959037,0.733022431518
THR,35,0.500957329762,0.703615417241
LYS,36,0.367560229865,0.547437633308
ARG,37,0.241115445917,0.434641681045
GLY,38,0.365159871819,0.490115499748
LEU,39,0.396182425513,0.514818942083
LYS,40,0.443784327478,0.63333247581
VAL,41,0.580063187185,0.684783960476
CYS,42,0.681199560195,0.758127796897
ALA,43,0.719620608399,0.765928008479
ASP,44,0.551697532148,0.673038616216
PRO,45,0.597591856769,0.62576472562
GLN,46,0.368531200629,0.488294769147
ALA,47,0.548779120579,0.565903935227
THR,48,0.310560321417,0.492450385922
TRP,49,0.577439313878,0.563703784457
VAL,50,0.680756870435,0.703456053086
ARG,51,0.393048397505,0.616984683517
ASP,52,0.361852730531,0.581018274676
VAL,53,0.606413655306,0.682676149723
VAL,54,0.551556577064,0.671853227997
ARG,55,0.30278020088,0.569597138255
SER,56,0.42628965262,0.543848866293
MET,57,0.526918976162,0.60845892378
ASP,58,0.411124083898,0.554299000627
ARG,59,0.22850149987,0.43069506008
LYS,60,0.26193399137,0.412444991197
SER,61,0.330210110158,0.379013795259
