Residue,Amino_Acid,Chain,RSA
   1,A,A,1.20930232558
   2,C,A,0.251497005988
   3,D,A,0.461139896373
   4,Y,A,0.216730038023
   5,T,A,0.267441860465
   6,C,A,0.0119760479042
   7,G,A,0.442307692308
   8,S,A,0.767741935484
   9,N,A,0.210256410256
  10,C,A,0.437125748503
  11,Y,A,0.0228136882129
  12,S,A,0.21935483871
  13,S,A,0.406451612903
  14,S,A,0.496774193548
  15,D,A,0.352331606218
  16,V,A,0.0114942528736
  17,S,A,0.412903225806
  18,T,A,0.43023255814
  19,A,A,0.062015503876
  20,Q,A,0.08
  21,A,A,0.449612403101
  22,A,A,0.240310077519
  23,G,A,0.0
  24,Y,A,0.125475285171
  25,Q,A,0.373333333333
  26,L,A,0.144278606965
  27,H,A,0.151785714286
  28,E,A,0.520179372197
  29,D,A,0.455958549223
  30,G,A,0.644230769231
  31,E,A,0.479820627803
  32,T,A,0.424418604651
  33,V,A,0.229885057471
  34,G,A,0.278846153846
  35,S,A,0.793548387097
  36,N,A,0.487179487179
  37,S,A,0.348387096774
  38,Y,A,0.0532319391635
  39,P,A,0.0440251572327
  40,H,A,0.299107142857
  41,K,A,0.453389830508
  42,Y,A,0.0380228136882
  43,N,A,0.461538461538
  44,N,A,0.164102564103
  45,Y,A,0.722433460076
  46,E,A,0.237668161435
  47,G,A,0.557692307692
  48,F,A,0.1375
  49,D,A,0.813471502591
  50,F,A,0.0666666666667
  51,S,A,0.754838709677
  52,V,A,0.120689655172
  53,S,A,0.554838709677
  54,S,A,0.593548387097
  55,P,A,0.207547169811
  56,Y,A,0.0798479087452
  57,Y,A,0.106463878327
  58,E,A,0.0896860986547
  59,W,A,0.00701754385965
  60,P,A,0.0062893081761
  61,I,A,0.0355329949239
  62,L,A,0.18407960199
  63,S,A,0.548387096774
  64,S,A,0.496774193548
  65,G,A,0.519230769231
  66,D,A,0.585492227979
  67,V,A,0.362068965517
  68,Y,A,0.0380228136882
  69,S,A,0.690322580645
  70,G,A,0.240384615385
  71,G,A,0.5
  72,S,A,0.677419354839
  73,P,A,0.14465408805
  74,G,A,0.394230769231
  75,A,A,0.232558139535
  76,D,A,0.0259067357513
  77,R,A,0.0255474452555
  78,V,A,0.0
  79,V,A,0.0
  80,F,A,0.0
  81,N,A,0.00512820512821
  82,E,A,0.313901345291
  83,N,A,0.589743589744
  84,N,A,0.379487179487
  85,Q,A,0.391111111111
  86,L,A,0.258706467662
  87,A,A,0.100775193798
  88,G,A,0.0673076923077
  89,V,A,0.0114942528736
  90,I,A,0.0
  91,T,A,0.0174418604651
  92,H,A,0.196428571429
  93,T,A,0.389534883721
  94,G,A,0.740384615385
  95,A,A,0.178294573643
  96,S,A,0.587096774194
  97,G,A,0.711538461538
  98,N,A,0.717948717949
  99,N,A,0.451282051282
 100,F,A,0.0708333333333
 101,V,A,0.316091954023
 102,E,A,0.434977578475
 103,C,A,0.059880239521
 104,T,A,0.808139534884
