Residue,Amino_Acid,Chain,RSA
   1,G,A,0.480769230769
   2,V,A,0.16091954023
   3,Q,A,0.475555555556
   4,V,A,0.206896551724
   5,E,A,0.385650224215
   6,T,A,0.517441860465
   7,I,A,0.421319796954
   8,S,A,0.367741935484
   9,P,A,0.641509433962
  10,G,A,0.240384615385
  11,D,A,0.373056994819
  12,G,A,0.490384615385
  13,R,A,0.78102189781
  14,T,A,0.354651162791
  15,F,A,0.316666666667
  16,P,A,0.0314465408805
  17,K,A,0.567796610169
  18,R,A,0.554744525547
  19,G,A,0.346153846154
  20,Q,A,0.262222222222
  21,T,A,0.162790697674
  22,C,A,0.0
  23,V,A,0.0459770114943
  24,V,A,0.0
  25,H,A,0.102678571429
  26,Y,A,0.0494296577947
  27,T,A,0.122093023256
  28,G,A,0.0
  29,M,A,0.183035714286
  30,L,A,0.10447761194
  31,E,A,0.659192825112
  32,D,A,0.683937823834
  33,G,A,0.5
  34,K,A,0.567796610169
  35,K,A,0.415254237288
  36,F,A,0.191666666667
  37,D,A,0.274611398964
  38,S,A,0.0258064516129
  39,S,A,0.0
  40,R,A,0.277372262774
  41,D,A,0.544041450777
  42,R,A,0.481751824818
  43,N,A,0.697435897436
  44,K,A,0.639830508475
  45,P,A,0.289308176101
  46,F,A,0.283333333333
  47,K,A,0.478813559322
  48,F,A,0.00833333333333
  49,M,A,0.28125
  50,L,A,0.0
  51,G,A,0.240384615385
  52,K,A,0.436440677966
  53,Q,A,0.737777777778
  54,E,A,0.529147982063
  55,V,A,0.14367816092
  56,I,A,0.111675126904
  57,R,A,0.503649635036
  58,G,A,0.0
  59,W,A,0.0315789473684
  60,E,A,0.0582959641256
  61,E,A,0.291479820628
  62,G,A,0.0
  63,V,A,0.0
  64,A,A,0.209302325581
  65,Q,A,0.502222222222
  66,M,A,0.0
  67,S,A,0.0193548387097
  68,V,A,0.201149425287
  69,G,A,0.326923076923
  70,Q,A,0.0755555555556
  71,R,A,0.266423357664
  72,A,A,0.0
  73,K,A,0.275423728814
  74,L,A,0.0
  75,T,A,0.220930232558
  76,I,A,0.0
  77,S,A,0.167741935484
  78,P,A,0.163522012579
  79,D,A,0.585492227979
  80,Y,A,0.163498098859
  81,A,A,0.15503875969
  82,Y,A,0.346007604563
  83,G,A,0.221153846154
  84,A,A,0.426356589147
  85,T,A,0.662790697674
  86,G,A,0.105769230769
  87,H,A,0.441964285714
  88,P,A,0.691823899371
  89,G,A,0.855769230769
  90,I,A,0.456852791878
  91,I,A,0.0406091370558
  92,P,A,0.396226415094
  93,P,A,0.528301886792
  94,H,A,0.584821428571
  95,A,A,0.116279069767
  96,T,A,0.186046511628
  97,L,A,0.0
  98,V,A,0.137931034483
  99,F,A,0.0291666666667
 100,D,A,0.124352331606
 101,V,A,0.0
 102,E,A,0.22869955157
 103,L,A,0.0
 104,L,A,0.313432835821
 105,K,A,0.411016949153
 106,L,A,0.164179104478
 107,E,A,0.479820627803
