Residue,Amino_Acid,Chain,RSA
   1,H,A,0.526785714286
   2,R,A,0.470802919708
   3,L,A,0.0199004975124
   4,S,A,0.225806451613
   5,A,A,0.53488372093
   6,E,A,0.735426008969
   7,E,A,0.304932735426
   8,R,A,0.233576642336
   9,D,A,0.549222797927
  10,Q,A,0.346666666667
  11,L,A,0.253731343284
  12,L,A,0.0149253731343
  13,P,A,0.301886792453
  14,N,A,0.682051282051
  15,L,A,0.0547263681592
  16,R,A,0.317518248175
  17,A,A,0.682170542636
  18,V,A,0.419540229885
  19,G,A,0.336538461538
  20,W,A,0.0175438596491
  21,N,A,0.517948717949
  22,E,A,0.443946188341
  23,L,A,0.28855721393
  24,E,A,0.878923766816
  25,G,A,0.855769230769
  26,R,A,0.361313868613
  27,D,A,0.145077720207
  28,A,A,0.015503875969
  29,I,A,0.0203045685279
  30,F,A,0.2625
  31,K,A,0.114406779661
  32,Q,A,0.395555555556
  33,F,A,0.0416666666667
  34,H,A,0.566964285714
  35,F,A,0.0625
  36,K,A,0.648305084746
  37,D,A,0.19170984456
  38,F,A,0.358333333333
  39,N,A,0.651282051282
  40,R,A,0.215328467153
  41,A,A,0.0
  42,F,A,0.4375
  43,G,A,0.259615384615
  44,F,A,0.0
  45,M,A,0.111607142857
  46,T,A,0.348837209302
  47,R,A,0.386861313869
  48,V,A,0.0
  49,A,A,0.31007751938
  50,L,A,0.616915422886
  51,Q,A,0.204444444444
  52,A,A,0.015503875969
  53,E,A,0.560538116592
  54,K,A,0.741525423729
  55,L,A,0.388059701493
  56,D,A,0.580310880829
  57,H,A,0.0535714285714
  58,H,A,0.424107142857
  59,P,A,0.138364779874
  60,E,A,0.439461883408
  61,W,A,0.249122807018
  62,F,A,0.520833333333
  63,N,A,0.276923076923
  64,V,A,0.396551724138
  65,Y,A,0.520912547529
  66,N,A,0.14358974359
  67,K,A,0.275423728814
  68,V,A,0.0
  69,H,A,0.178571428571
  70,I,A,0.0
  71,T,A,0.110465116279
  72,L,A,0.00497512437811
  73,S,A,0.135483870968
  74,T,A,0.0116279069767
  75,H,A,0.424107142857
  76,E,A,0.668161434978
  77,C,A,0.161676646707
  78,A,A,0.558139534884
  79,G,A,0.0
  80,L,A,0.0199004975124
  81,S,A,0.0
  82,E,A,0.434977578475
  83,R,A,0.295620437956
  84,D,A,0.0
  85,I,A,0.0659898477157
  86,N,A,0.466666666667
  87,L,A,0.0
  88,A,A,0.0
  89,S,A,0.309677419355
  90,F,A,0.195833333333
  91,I,A,0.0
  92,E,A,0.125560538117
  93,Q,A,0.64
  94,V,A,0.0
  95,A,A,0.116279069767
  96,V,A,0.626436781609
  97,S,A,0.4
  98,M,A,0.196428571429
  99,T,A,0.779069767442
