Residue,Amino_Acid,Chain,RSA
   1,M,A,0.241071428571
   2,N,A,0.415384615385
   3,R,A,0.529197080292
   4,E,A,0.470852017937
   5,E,A,0.417040358744
   6,M,A,0.0178571428571
   7,T,A,0.0697674418605
   8,L,A,0.437810945274
   9,L,A,0.164179104478
  10,G,A,0.0
  11,F,A,0.4875
  12,E,A,0.493273542601
  13,I,A,0.010152284264
  14,V,A,0.212643678161
  15,A,A,0.496124031008
  16,Y,A,0.334600760456
  17,A,A,0.0
  18,G,A,0.288461538462
  19,D,A,0.40932642487
  20,A,A,0.0
  21,R,A,0.313868613139
  22,S,A,0.4
  23,K,A,0.173728813559
  24,L,A,0.0
  25,L,A,0.457711442786
  26,E,A,0.439461883408
  27,A,A,0.0
  28,L,A,0.18407960199
  29,K,A,0.533898305085
  30,A,A,0.0852713178295
  31,A,A,0.015503875969
  32,E,A,0.385650224215
  33,N,A,0.651282051282
  34,G,A,0.413461538462
  35,D,A,0.450777202073
  36,F,A,0.216666666667
  37,A,A,0.62015503876
  38,K,A,0.279661016949
  39,A,A,0.0
  40,D,A,0.39896373057
  41,S,A,0.309677419355
  42,L,A,0.0199004975124
  43,V,A,0.172413793103
  44,V,A,0.626436781609
  45,E,A,0.363228699552
  46,A,A,0.0
  47,G,A,0.240384615385
  48,S,A,0.445161290323
  49,C,A,0.131736526946
  50,I,A,0.0152284263959
  51,A,A,0.449612403101
  52,E,A,0.394618834081
  53,A,A,0.0
  54,H,A,0.352678571429
  55,S,A,0.516129032258
  56,S,A,0.238709677419
  57,Q,A,0.08
  58,T,A,0.441860465116
  59,G,A,0.365384615385
  60,M,A,0.116071428571
  61,L,A,0.532338308458
  62,A,A,0.426356589147
  63,R,A,0.335766423358
  64,E,A,0.565022421525
  65,A,A,0.705426356589
  66,S,A,0.638709677419
  67,G,A,0.596153846154
  68,E,A,0.2466367713
  69,E,A,0.650224215247
  70,L,A,0.189054726368
  71,P,A,0.232704402516
  72,Y,A,0.562737642586
  73,S,A,0.0322580645161
  74,V,A,0.51724137931
  75,T,A,0.197674418605
  76,M,A,0.0535714285714
  77,M,A,0.401785714286
  78,H,A,0.401785714286
  79,G,A,0.0
  80,Q,A,0.168888888889
  81,D,A,0.466321243523
  82,H,A,0.209821428571
  83,L,A,0.0
  84,M,A,0.473214285714
  85,T,A,0.372093023256
  86,T,A,0.0
  87,I,A,0.116751269036
  88,L,A,0.587064676617
  89,L,A,0.164179104478
  90,K,A,0.275423728814
  91,D,A,0.497409326425
  92,V,A,0.379310344828
  93,I,A,0.0203045685279
  94,H,A,0.522321428571
  95,H,A,0.513392857143
  96,L,A,0.323383084577
  97,I,A,0.0304568527919
  98,E,A,0.237668161435
  99,L,A,0.587064676617
 100,Y,A,0.410646387833
 101,K,A,0.377118644068
 102,R,A,0.817518248175
