Residue,Amino_Acid,Chain,RSA
   2,P,A,1.15094339623
   3,A,A,0.77519379845
   4,L,A,0.28855721393
   5,A,A,0.496124031008
   6,D,A,0.492227979275
   7,V,A,0.0919540229885
   8,C,A,0.173652694611
   9,R,A,0.379562043796
  10,T,A,0.412790697674
  11,K,A,0.707627118644
  12,L,A,0.044776119403
  13,P,A,0.251572327044
  14,S,A,0.522580645161
  15,Q,A,0.231111111111
  16,A,A,0.0
  17,Q,A,0.213333333333
  18,D,A,0.419689119171
  19,T,A,0.046511627907
  20,L,A,0.0746268656716
  21,A,A,0.410852713178
  22,L,A,0.199004975124
  23,I,A,0.157360406091
  24,A,A,0.697674418605
  25,K,A,0.572033898305
  26,N,A,0.697435897436
  27,G,A,0.0961538461538
  28,P,A,0.698113207547
  29,Y,A,0.235741444867
  30,P,A,0.48427672956
  31,Y,A,0.281368821293
  32,N,A,0.876923076923
  33,R,A,0.547445255474
  34,D,A,0.0829015544041
  35,G,A,0.278846153846
  36,V,A,0.367816091954
  37,V,A,0.33908045977
  38,F,A,0.108333333333
  39,E,A,0.372197309417
  40,N,A,0.0820512820513
  41,R,A,0.755474452555
  42,E,A,0.766816143498
  43,S,A,0.393548387097
  44,R,A,0.551094890511
  45,L,A,0.00497512437811
  46,P,A,0.396226415094
  47,K,A,0.720338983051
  48,K,A,0.449152542373
  49,G,A,0.528846153846
  50,N,A,0.805128205128
  51,G,A,0.278846153846
  52,Y,A,0.148288973384
  53,Y,A,0.0266159695817
  54,H,A,0.258928571429
  55,E,A,0.130044843049
  56,F,A,0.05
  57,T,A,0.00581395348837
  58,V,A,0.0
  59,V,A,0.218390804598
  60,T,A,0.209302325581
  61,P,A,0.572327044025
  62,G,A,0.798076923077
  63,S,A,0.258064516129
  64,N,A,0.85641025641
  65,D,A,0.492227979275
  66,R,A,0.142335766423
  67,G,A,0.173076923077
  68,T,A,0.418604651163
  69,R,A,0.215328467153
  70,R,A,0.0328467153285
  71,V,A,0.0
  72,V,A,0.00574712643678
  73,T,A,0.104651162791
  74,G,A,0.0769230769231
  75,G,A,0.5
  76,Y,A,0.790874524715
  77,G,A,0.557692307692
  78,E,A,0.179372197309
  79,Q,A,0.208888888889
  80,Y,A,0.0342205323194
  81,W,A,0.059649122807
  82,S,A,0.0
  83,P,A,0.289308176101
  84,D,A,0.300518134715
  85,H,A,0.459821428571
  86,Y,A,0.136882129278
  87,A,A,0.403100775194
  88,T,A,0.372093023256
  89,F,A,0.0666666666667
  90,Q,A,0.248888888889
  91,E,A,0.340807174888
  92,I,A,0.0456852791878
  93,D,A,0.113989637306
  94,P,A,0.622641509434
  95,R,A,0.773722627737
  96,C,A,0.341317365269
