"pdb_aa","rate"
K,0.2493
P,0.1543
I,0.453
W,0.8038
E,0.958
Q,1.638
I,-0.1827
G,-0.6274
S,0.9038
S,-0.4844
F,-1.294
I,-0.6087
Q,1.219
H,-0.3447
Y,-1.198
Y,-1.154
Q,1.322
L,0.06723
F,-1.165
D,-0.9627
N,1.473
D,-0.1328
R,-1.299
T,1.555
Q,2.253
L,-1.032
G,1.16
A,1.426
I,-0.6938
Y,-1.192
I,-0.2855
D,1.434
A,1.792
S,-1.299
C,-0.7967
L,-0.9641
T,-0.8573
W,-0.6461
E,-1.297
G,-0.3117
Q,1.52
Q,-0.0308
F,2.508
Q,0.1716
G,-1.252
K,1.122
A,2.883
A,0.9231
I,-1.299
V,0.8618
E,0.616
K,-1.092
L,-0.4391
S,1.487
S,0.3413
L,-1.181
P,-0.5368
F,-1.15
Q,0.1908
K,0.5183
I,-1.021
Q,1.478
H,-1.12
S,1.393
I,-0.133
T,0.1608
A,-0.5458
Q,1.336
D,-1.299
H,-0.1472
Q,-1.251
P,-1.018
T,-0.6286
P,0.7091
D,-0.6371
S,0.4887
C,-0.3508
I,-0.2809
I,0.3907
S,-0.9063
M,0.07425
V,-1.097
V,-0.7068
G,-1.294
Q,-0.2934
L,-0.834
K,0.618
A,-0.2091
D,-0.6655
E,0.6875
D,-0.059
P,-0.1444
I,-0.3174
M,-0.4029
G,-0.08613
F,-0.3698
H,-0.4014
Q,-1.104
M,0.6907
F,-1.167
L,-0.0003521
L,-1.11
K,0.9853
N,0.1219
I,1.204
N,1.5
D,1.177
A,-0.1005
W,0.8038
V,0.9198
C,-0.6485
T,1.365
N,-1.13
D,-0.9717
M,0.2005
F,-1.002
R,-1.131
L,-0.8437
A,-0.12
L,0.4947
H,-0.1893
N,-0.4212
F,1.949
G,1.214
