"pdb_aa","rate"
K,1.209
P,1.473
I,1.706
W,1.609
E,1.477
Q,2.281
I,0.9607
G,0.6154
S,1.774
S,0.7216
F,0.07822
I,0.5291
Q,1.993
H,0.7597
Y,0.1111
Y,0.1398
Q,2.24
L,1.105
F,0.196
D,0.3847
N,2.274
D,1.088
R,0.07079
T,2.239
Q,2.322
L,0.2458
G,1.82
A,2.241
I,0.5734
Y,0.2092
I,0.7701
D,2.132
A,2.789
S,0.1312
C,0.432
L,0.3959
T,0.3555
W,0.5983
E,0.1415
G,0.8476
Q,2.181
Q,0.9705
F,2.303
Q,1.268
G,0.1284
K,1.637
A,3.484
A,1.768
I,0.05247
V,1.633
E,1.535
K,0.2498
L,0.8294
S,2.273
S,1.323
L,0.1898
P,0.6189
F,0.254
Q,1.197
K,1.429
I,0.2881
Q,2.205
H,0.2067
S,1.799
I,0.9055
T,1.127
A,0.6001
Q,1.84
D,0.05351
H,0.8233
Q,0.1403
P,0.2572
T,0.6982
P,1.668
D,1.376
S,2.103
C,0.7751
I,0.8506
I,1.677
S,0.3127
M,1.142
V,0.2172
V,0.562
G,0.06143
Q,0.7745
L,0.3275
K,1.449
A,0.7709
D,0.5173
E,1.344
D,0.7272
P,1.915
I,0.8425
M,0.5868
G,0.9049
F,0.7655
H,0.7363
Q,0.2192
M,1.469
F,0.2414
L,0.9799
L,0.172
K,1.981
N,1.049
I,1.777
N,2.238
D,1.6
A,0.7932
W,1.214
V,1.735
C,0.4775
T,2.261
N,0.1813
D,0.2631
M,0.9786
F,0.1612
R,0.2423
L,0.3396
A,0.8855
L,1.269
H,0.846
N,0.9255
F,2.121
G,2.787
