"pdb_aa","rate"
K,0.2011
P,0.5456
I,0.8513
W,0.7243
E,0.5517
Q,1.604
I,-0.1245
G,-0.5767
S,0.9401
S,-0.4377
F,-1.28
I,-0.6897
Q,1.228
H,-0.3878
Y,-1.237
Y,-1.199
Q,1.551
L,0.06433
F,-1.126
D,-0.8788
N,1.595
D,0.0425
R,-1.29
T,1.549
Q,1.658
L,-1.061
G,1.001
A,1.552
I,-0.6317
Y,-1.109
I,-0.3741
D,1.409
A,2.269
S,-1.211
C,-0.8169
L,-0.8641
T,-0.917
W,-0.599
E,-1.197
G,-0.2726
Q,1.474
Q,-0.1117
F,1.633
Q,0.2776
G,-1.214
K,0.7609
A,3.179
A,0.9319
I,-1.314
V,0.7554
E,0.628
K,-1.055
L,-0.2965
S,1.594
S,0.3494
L,-1.134
P,-0.572
F,-1.05
Q,0.1851
K,0.4881
I,-1.005
Q,1.505
H,-1.112
S,0.9725
I,-0.1968
T,0.09375
A,-0.5967
Q,1.027
D,-1.312
H,-0.3044
Q,-1.199
P,-1.046
T,-0.4683
P,0.8017
D,0.4195
S,1.37
C,-0.3676
I,-0.2688
I,0.8132
S,-0.9731
M,0.1131
V,-1.098
V,-0.6466
G,-1.302
Q,-0.3683
L,-0.9536
K,0.515
A,-0.3731
D,-0.7052
E,0.3772
D,-0.4303
P,1.125
I,-0.2793
M,-0.6142
G,-0.1977
F,-0.3801
H,-0.4184
Q,-1.095
M,0.5416
F,-1.066
L,-0.09944
L,-1.157
K,1.212
N,-0.009598
I,0.9445
N,1.548
D,0.712
A,-0.3438
W,0.2064
V,0.8897
C,-0.7572
T,1.578
N,-1.145
D,-1.038
M,-0.1012
F,-1.171
R,-1.065
L,-0.9379
A,-0.2231
L,0.2797
H,-0.2747
N,-0.1707
F,1.395
G,2.267
