"pdb_aa","rate"
K,1.205
P,1.136
I,1.351
W,1.604
E,1.715
Q,2.205
I,0.8935
G,0.5731
S,1.676
S,0.6762
F,0.09311
I,0.5866
Q,1.903
H,0.7768
Y,0.162
Y,0.1937
Q,1.978
L,1.074
F,0.1862
D,0.3316
N,2.086
D,0.9295
R,0.08932
T,2.145
Q,2.648
L,0.2816
G,1.861
A,2.052
I,0.5253
Y,0.1663
I,0.8194
D,2.058
A,2.316
S,0.08966
C,0.4512
L,0.3306
T,0.4076
W,0.5597
E,0.09104
G,0.8005
Q,2.12
Q,1.003
F,2.832
Q,1.149
G,0.1232
K,1.834
A,3.102
A,1.69
I,0.08945
V,1.646
E,1.469
K,0.2382
L,0.7088
S,2.097
S,1.271
L,0.174
P,0.6384
F,0.1968
Q,1.163
K,1.398
I,0.2895
Q,2.09
H,0.218
S,2.029
I,0.9293
T,1.141
A,0.6319
Q,1.987
D,0.08956
H,0.9191
Q,0.1243
P,0.2919
T,0.5722
P,1.536
D,0.5661
S,1.377
C,0.7724
I,0.8227
I,1.307
S,0.3722
M,1.079
V,0.2351
V,0.5159
G,0.09286
Q,0.8137
L,0.4243
K,1.47
A,0.8745
D,0.5457
E,1.52
D,0.9826
P,0.9211
I,0.7965
M,0.7348
G,0.963
F,0.7587
H,0.736
Q,0.2295
M,1.523
F,0.1844
L,1.025
L,0.2252
K,1.735
N,1.113
I,1.892
N,2.106
D,1.873
A,0.9527
W,1.604
V,1.688
C,0.5579
T,2.009
N,0.211
D,0.3251
M,1.17
F,0.3036
R,0.2107
L,0.4173
A,0.9386
L,1.381
H,0.8887
N,0.7217
F,2.429
G,1.9
