"pdb_aa","rate"
A,-0.3613
P,-0.8852
P,1.528
R,-0.6576
L,-0.8812
I,-0.6241
C,-1.261
D,-1.251
S,-0.1557
R,-0.5773
V,-1.151
L,-0.747
E,-0.3281
R,-0.44
Y,-0.9104
L,-1.184
L,0.04042
E,-1.147
A,-1.3
K,0.5815
E,-0.4847
A,-0.7385
E,-1.144
K,0.07061
I,0.2462
T,-0.5888
T,0.368
G,1.794
C,-1.029
A,0.8005
E,0.8747
H,1.672
C,-0.4181
S,0.7379
L,0.4296
N,0.9241
E,0.7748
K,1.026
I,0.2435
T,-0.1795
V,-1.098
P,-0.7332
D,0.193
T,-1.259
K,0.4383
V,-1.141
N,-0.896
F,0.385
Y,1.58
A,1.33
W,-0.4231
K,0.3268
R,1.915
M,-0.638
E,0.4832
V,1.39
G,2.427
Q,0.8944
Q,-0.5555
A,-1.171
V,2.649
E,-1.294
V,-1.236
W,-0.9163
Q,0.3435
G,-1.213
L,-0.8973
A,0.6146
L,-0.6724
L,-0.942
S,-0.4004
E,-0.1024
A,-1.255
V,0.3923
L,2.806
R,0.5407
G,-0.1556
Q,-0.03587
A,0.314
L,-0.3965
L,-0.2527
V,-0.1479
K,-0.5535
S,0.07046
S,-0.09348
Q,-0.5847
P,0.8327
W,1.686
E,1.082
P,1.679
L,0.237
Q,0.8734
L,0.4218
H,-0.3238
V,-0.2735
D,-0.5149
K,-0.5664
A,-0.09925
V,0.8253
S,-0.582
G,-0.6264
L,-0.5133
R,-0.07191
S,-1.288
L,-0.1858
T,0.1183
T,-0.4536
L,-0.8642
L,-0.9637
R,-0.7097
A,-0.1751
L,-1.028
G,-0.5225
A,-0.2356
Q,-0.6654
K,0.1651
E,1.712
A,0.1439
I,2.143
S,0.6571
N,2.145
S,0.9014
D,0.3685
A,0.06424
A,0.8575
S,1.067
A,2.812
A,2.757
P,1.095
L,1.082
R,0.4212
T,-0.608
I,1.037
T,2.299
A,-0.4397
D,-0.8292
T,-0.7616
F,-0.4101
R,1.277
K,-0.3527
L,-1.099
F,-0.4987
R,-0.1468
V,-0.4414
Y,-0.4505
S,-0.1475
N,-1.118
F,-1.205
L,-1.218
R,-1.3
G,-1.278
K,-1.208
L,-0.8792
K,-0.02236
L,-1.209
Y,-0.4584
T,0.1782
G,1.055
E,0.5091
A,-0.9282
C,-1.255
R,0.1218
T,0.9004
G,1.987
D,0.3813
R,-0.6599
