"pdb_aa","rate"
A,1.538
D,1.472
K,2.514
E,1.429
L,0.9037
K,1.021
F,0.7758
L,0.06047
V,0.3946
V,0.06293
D,0.02305
D,0.01659
F,0.1738
S,0.4968
T,0.08141
M,0.0649
R,0.1675
R,0.2291
I,0.103
V,0.5566
R,0.5608
N,0.3511
L,0.4229
L,0.06082
K,1.225
E,0.5166
L,0.8064
G,0.2448
F,1.146
N,2.527
N,0.4917
V,0.8993
E,1.398
E,0.2642
A,0.06249
E,0.7112
D,0.2313
G,0.0189
V,1.878
D,1.741
A,0.149
L,0.7055
N,2.467
K,1.192
L,0.6127
Q,1.798
A,2.74
G,2.356
G,4.171
Y,1.111
G,0.8854
F,0.4712
V,0.3531
I,0.5584
S,0.2223
D,0.01801
W,0.3002
N,0.03967
M,0.01714
P,0.1665
N,0.8899
M,0.1207
D,0.521
G,0.0189
L,0.4614
E,1.091
L,0.1508
L,0.1416
K,1.194
T,1.822
I,0.3556
R,0.06362
A,1.301
D,0.7059
G,4.166
A,3.886
M,1.123
S,1.88
A,2.525
L,1.216
P,0.08443
V,0.1711
L,0.3261
M,0.08897
V,0.3153
T,0.02338
A,0.04553
E,0.09092
A,0.269
K,0.4134
K,0.4855
E,0.6917
N,0.263
I,0.2316
I,0.8194
A,0.708
A,0.01693
A,0.2894
Q,0.6792
A,0.3784
G,0.1428
A,0.07456
S,0.4325
G,0.2694
Y,0.08464
V,0.3637
V,0.2684
K,0.01702
P,0.03644
F,0.02635
T,0.2896
A,0.4168
A,1.032
T,0.5782
L,0.1053
E,1.05
E,0.8184
K,0.05955
L,0.5345
N,2.159
K,0.8472
I,0.2884
F,1.168
E,1.837
K,1.328
L,1.946
G,2.843
M,4.167
