"pdb_aa","rate"
Q,3.67
V,1.662
Q,1.429
F,-0.5431
K,-0.7953
L,0.9038
V,-0.3599
L,0.008689
V,0.3551
G,-0.7234
D,-0.6063
G,0.01965
G,-0.2436
T,-0.3104
G,-1.291
K,-1.448
T,-1.006
T,-0.474
F,-0.7464
V,0.08403
K,0.2551
R,-0.7856
H,-0.3854
L,-0.2125
K,2.007
K,1.986
Y,0.2043
V,1.105
A,-1.031
T,-1.363
L,1.742
G,-0.2137
V,-0.522
E,0.3952
V,-0.2472
H,-0.2853
P,1.217
L,0.7461
V,4.616
F,-0.5486
H,1.15
T,-0.7581
N,-0.4576
R,1.565
G,-0.1589
P,3.941
I,-0.7934
K,0.7618
F,-0.8762
N,0.4538
V,-0.2251
W,0.2308
D,-1.091
T,-0.5514
A,-0.8797
G,0.3673
Q,-0.5556
E,-0.4521
K,-0.6863
F,0.9634
G,0.6543
G,-0.3824
L,0.6957
R,0.04186
D,-0.2542
G,0.1219
Y,0.2113
Y,0.1217
I,0.5453
Q,1.697
A,1.014
Q,-0.3395
C,-0.03935
A,-1.048
I,-1.407
I,-0.5241
M,-1.1
F,-0.6161
D,-1.37
V,-1.211
T,-0.8813
S,-0.2932
R,-0.04763
V,0.3327
T,-0.4932
Y,-0.3942
K,-0.0691
N,-1.462
V,-0.8929
P,0.2004
N,-0.2164
W,-0.4219
H,-0.1946
R,-0.05106
D,-0.3069
L,0.1721
V,0.238
R,-0.7073
V,-0.4104
C,0.09535
E,0.8407
N,0.4471
I,-0.5018
P,-1.1
I,-1
V,-1.038
L,-0.3216
C,-0.4163
G,-0.7339
N,-1.47
K,-1.469
V,-0.6524
D,-1.39
I,0.3503
K,0.5399
D,0.6032
R,-0.8927
K,-0.3065
V,-1.136
K,0.1208
A,0.4396
K,0.4426
S,1.157
I,-0.2487
V,0.7049
F,-0.1895
H,-0.2597
R,-0.5845
K,0.4438
K,0.5662
N,-0.7594
L,-0.9178
Q,0.1003
Y,0.1001
Y,1.077
D,0.1502
I,-0.8475
S,-1.419
A,-0.7214
K,0.6466
S,0.3101
N,0.03675
Y,1.471
N,-0.9341
F,1.34
E,0.1721
K,0.4692
P,-0.9945
F,-0.5949
L,0.6771
W,1.943
L,-0.7041
A,-1.116
R,-0.7856
K,1.326
L,-0.3883
I,1.071
G,0.4889
D,0.4588
P,2.035
N,0.8241
L,-0.728
E,2.088
F,-0.03247
V,-0.008785
