"pdb_aa","rate"
D,0.9592
K,0.3599
N,0.63
E,0.7102
L,0.8478
V,0.1286
Q,0.3008
K,0.7491
A,0.08781
K,0.1315
L,0.1814
A,0.1815
E,0.09141
Q,0.07221
A,0.08959
E,0.03285
R,0.03871
Y,0.0809
D,0.2012
D,0.08453
M,0.03308
A,0.08779
A,0.8606
C,0.8222
M,0.05494
K,0.1518
S,1.161
V,0.1405
T,0.1501
E,0.5894
Q,1.274
G,0.7099
A,1.235
E,0.2416
L,0.085
S,0.4269
N,0.1756
E,0.05905
E,0.05118
R,0.0122
N,0.03039
L,0.006813
L,0.08324
S,0.00848
V,0.01004
A,0.04009
Y,0.07873
K,0.0138
N,0.02291
V,0.05275
V,0.0736
G,0.05994
A,0.1937
R,0.05509
R,0.01209
S,0.02915
S,0.05117
W,0.06755
R,0.01218
V,0.06763
V,0.2477
S,0.03358
S,0.02657
I,0.1155
E,0.07925
Q,0.2277
K,0.09221
T,0.2901
E,0.3397
G,0.8029
A,0.4246
E,0.5837
K,0.4267
K,0.3618
Q,0.6376
Q,1.5
M,0.9328
A,0.2855
R,0.7007
E,1.167
Y,0.07829
R,0.09872
E,1.17
K,0.4121
I,0.2192
E,0.04176
T,1.991
E,0.02254
L,0.04494
R,0.8377
D,1.454
I,0.08911
C,0.06753
N,1.258
D,0.3238
V,0.1104
L,0.06809
S,1.557
L,0.2056
L,0.1721
E,0.3834
K,1.154
F,0.7297
L,0.04496
I,0.221
P,0.538
N,0.573
A,0.28
S,1.17
Q,1
A,0.7119
E,0.05938
S,0.08207
K,0.2778
V,0.02395
F,0.01958
Y,0.1213
L,0.4285
K,0.01389
M,0.01794
K,0.1118
G,0.0327
D,0.02036
Y,0.06465
Y,0.5258
R,0.02905
Y,0.06429
L,0.09859
A,0.04452
E,0.04104
V,0.07312
A,0.2173
A,0.8751
G,0.6453
D,0.9229
D,1.305
K,0.1955
K,0.7658
G,1.632
I,0.2553
V,0.2341
D,0.7847
Q,0.9821
S,0.05932
Q,0.3145
Q,1.277
A,0.1376
Y,0.007463
Q,0.3418
E,0.977
A,0.009933
F,0.4044
E,0.6092
I,0.3717
S,0.06413
K,0.7301
K,0.9256
E,0.8149
M,0.09556
Q,0.7705
P,0.3886
T,0.009233
H,0.03411
P,0.02919
I,0.04396
R,0.03795
L,0.00682
G,0.01936
L,0.00682
A,0.01721
L,0.03188
N,0.003793
F,0.1156
S,0.003414
V,0.0039
F,0.03335
Y,0.2768
Y,0.03507
E,0.01321
I,0.0232
L,0.4997
N,0.111
S,0.2814
P,0.1494
E,0.3782
K,0.4057
A,0.003869
C,0.02192
S,0.8654
L,0.07
A,0.01721
K,0.02363
T,0.5109
A,0.05146
F,0.03364
D,0.05377
E,0.3796
A,0.04521
I,0.05847
A,0.1873
E,0.08935
L,0.03197
D,0.04572
T,0.3227
L,0.03216
S,0.2708
E,0.09013
E,0.2991
S,0.03967
Y,0.0212
K,0.01388
D,0.02884
S,0.02664
T,0.02915
L,0.01878
I,0.00989
M,0.02507
Q,0.01191
L,0.006822
L,0.006822
R,0.06328
D,0.0205
N,0.02321
L,0.01887
T,0.01613
L,0.08433
W,0.09507
