"pdb_aa","rate"
D,1.566
K,-0.01533
N,0.8633
E,1.285
L,1.871
V,-0.4132
Q,-0.0281
K,0.9772
A,-0.5775
K,-0.4471
L,-0.3066
A,-0.4383
E,-0.6299
Q,-0.6476
A,-0.5163
E,-0.6309
R,-0.5767
Y,-0.4683
D,-0.2043
D,-0.5439
M,-0.705
A,-0.5407
A,1.456
C,1.226
M,-0.5881
K,-0.3408
S,2.388
V,-0.3964
T,-0.3197
E,0.6773
Q,2.267
G,1.227
A,2.49
E,-0.2433
L,-0.6716
S,0.3815
N,-0.3089
E,-0.6351
E,-0.6829
R,-0.7592
N,-0.6944
L,-0.7401
L,-0.5372
S,-0.7703
V,-0.7441
A,-0.6471
Y,-0.619
K,-0.7544
N,-0.7281
V,-0.594
V,-0.5623
G,-0.7019
A,-0.2883
R,-0.6229
R,-0.7595
S,-0.6978
S,-0.6242
W,-0.6085
R,-0.7343
V,-0.6701
V,-0.0904
S,-0.6724
S,-0.7062
I,-0.5382
E,-0.6585
Q,-0.143
K,-0.5999
T,0.4445
E,-0.182
G,0.6139
A,0.7235
E,2.25
K,1.206
K,-0.1214
Q,0.8208
Q,2.459
M,1.746
A,-0.08327
R,0.9532
E,1.863
Y,-0.6186
R,-0.4857
E,1.881
K,0.1035
I,-0.2097
E,-0.6791
T,3.421
E,-0.7059
L,-0.74
R,1.27
D,3.299
I,-0.4511
C,-0.6129
N,2.478
D,0.1154
V,-0.535
L,-0.5796
S,3.43
L,-0.2145
L,-0.4969
E,0.404
K,2.206
F,1.297
L,-0.7044
I,-0.226
P,0.8183
N,0.8511
A,-0.1276
S,2.406
Q,1.945
A,1.477
E,-0.6588
S,-0.5066
K,0.1985
V,-0.7093
F,-0.7376
Y,-0.4748
L,0.09306
K,-0.7542
M,-0.7233
K,-0.5511
G,-0.7385
D,-0.7601
Y,-0.6956
Y,0.4824
R,-0.6695
Y,-0.7347
L,-0.4218
A,-0.6357
E,-0.7065
V,-0.6274
A,-0.3651
A,1.287
G,0.4554
D,1.662
D,2.281
K,-0.2075
K,1.338
G,3.27
I,0.11
V,-0.18
D,1.658
Q,1.688
S,-0.5867
Q,0.1544
Q,2.126
A,-0.3511
Y,-0.7347
Q,0.3422
E,1.985
A,-0.7449
F,0.4671
E,0.8239
I,0.1316
S,-0.6599
K,1.131
K,2.264
E,1.34
M,-0.5667
Q,0.9565
P,0.2546
T,-0.7781
H,-0.5417
P,-0.6816
I,-0.622
R,-0.6919
L,-0.7686
G,-0.7385
L,-0.7686
A,-0.7446
L,-0.7048
N,-0.7777
F,-0.4542
S,-0.7787
V,-0.7774
F,-0.7375
Y,-0.1109
Y,-0.7347
E,-0.7299
I,-0.6934
L,0.6148
N,-0.4078
S,-0.1834
P,-0.4711
E,0.2227
K,0.2431
A,-0.7661
C,-0.6892
S,1.319
L,-0.4322
A,-0.7265
K,-0.7027
T,0.8174
A,-0.5809
F,-0.6998
D,-0.6277
E,0.1392
A,-0.6912
I,-0.5989
A,-0.3071
E,-0.4296
L,-0.6714
D,-0.6696
T,0.2148
L,-0.5974
S,-0.1256
E,-0.4621
E,-0.08802
S,-0.6536
Y,-0.6591
K,-0.726
D,-0.7137
S,-0.7339
T,-0.7299
L,-0.7046
I,-0.7268
M,-0.6447
Q,-0.7128
L,-0.6698
L,-0.7401
R,-0.7342
D,-0.7347
N,-0.7665
L,-0.7041
T,-0.7298
L,-0.5659
W,-0.3944
