"pdb_aa","rate"
D,1.703
K,0.1614
N,0.8561
E,1.062
L,1.416
V,-0.4334
Q,0.009479
K,1.162
A,-0.5384
K,-0.426
L,-0.2977
A,-0.2976
E,-0.5291
Q,-0.5785
A,-0.5338
E,-0.6798
R,-0.6647
Y,-0.5562
D,-0.2468
D,-0.5468
M,-0.6792
A,-0.5384
A,1.449
C,1.351
M,-0.623
K,-0.3739
S,2.223
V,-0.4028
T,-0.3782
E,0.7516
Q,2.512
G,1.062
A,2.411
E,-0.1429
L,-0.5456
S,0.3338
N,-0.3125
E,-0.6124
E,-0.6326
R,-0.7329
N,-0.6861
L,-0.7467
L,-0.5502
S,-0.7424
V,-0.7384
A,-0.6611
Y,-0.5618
K,-0.7288
N,-0.7053
V,-0.6286
V,-0.575
G,-0.6101
A,-0.2661
R,-0.6226
R,-0.7331
S,-0.6893
S,-0.6327
W,-0.5905
R,-0.7329
V,-0.5903
V,-0.1272
S,-0.6779
S,-0.6959
I,-0.4673
E,-0.5604
Q,-0.1785
K,-0.5271
T,-0.01816
E,0.1093
G,1.301
A,0.3277
E,0.7369
K,0.3332
K,0.1662
Q,0.8757
Q,3.093
M,1.635
A,-0.03007
R,1.038
E,2.237
Y,-0.5629
R,-0.5104
E,2.245
K,0.2957
I,-0.2005
E,-0.6568
T,4.356
E,-0.7063
L,-0.6487
R,1.39
D,2.974
I,-0.5351
C,-0.5906
N,2.472
D,0.06849
V,-0.4802
L,-0.5891
S,3.24
L,-0.2356
L,-0.3216
E,0.2218
K,2.203
F,1.113
L,-0.6486
I,-0.1959
P,0.6195
N,0.7095
A,-0.04403
S,2.245
Q,1.809
A,1.067
E,-0.6115
S,-0.5532
K,-0.04979
V,-0.7027
F,-0.7139
Y,-0.4523
L,0.3379
K,-0.7285
M,-0.7181
K,-0.4767
G,-0.6802
D,-0.7119
Y,-0.598
Y,0.5882
R,-0.6895
Y,-0.5989
L,-0.5107
A,-0.6497
E,-0.6587
V,-0.5762
A,-0.2053
A,1.486
G,0.8955
D,1.609
D,2.593
K,-0.2615
K,1.205
G,3.432
I,-0.1077
V,-0.1621
D,1.254
Q,1.762
S,-0.6117
Q,0.04468
Q,2.52
A,-0.4103
Y,-0.7451
Q,0.115
E,1.749
A,-0.7387
F,0.2759
E,0.8026
I,0.1917
S,-0.5993
K,1.114
K,1.616
E,1.332
M,-0.5185
Q,1.218
P,0.2352
T,-0.7405
H,-0.6765
P,-0.6892
I,-0.6512
R,-0.6666
L,-0.7467
G,-0.7145
L,-0.7467
A,-0.72
L,-0.6823
N,-0.7545
F,-0.4669
S,-0.7555
V,-0.7542
F,-0.6785
Y,-0.05237
Y,-0.674
E,-0.7303
I,-0.7046
L,0.5211
N,-0.4787
S,-0.04058
P,-0.3801
E,0.2084
K,0.2791
A,-0.7543
C,-0.7079
S,1.462
L,-0.5842
A,-0.72
K,-0.7035
T,0.5496
A,-0.6319
F,-0.6777
D,-0.626
E,0.212
A,-0.648
I,-0.6139
A,-0.2825
E,-0.5344
L,-0.682
D,-0.6467
T,0.06579
L,-0.6815
S,-0.06785
E,-0.5324
E,0.005134
S,-0.6622
Y,-0.7097
K,-0.7286
D,-0.6901
S,-0.6957
T,-0.6893
L,-0.716
I,-0.7388
M,-0.6998
Q,-0.7336
L,-0.7467
L,-0.7467
R,-0.6015
D,-0.7115
N,-0.7046
L,-0.7157
T,-0.7228
L,-0.5474
W,-0.5197
