"pdb_aa","rate"
D,1.496
K,0.4927
N,1.05
E,1.317
L,1.689
V,0.2403
Q,0.4846
K,1.122
A,0.1361
K,0.2188
L,0.3079
A,0.2244
E,0.1029
Q,0.09163
A,0.1749
E,0.1022
R,0.1366
Y,0.2054
D,0.3728
D,0.1574
M,0.05525
A,0.1595
A,1.426
C,1.28
M,0.1294
K,0.2862
S,2.017
V,0.251
T,0.2996
E,0.932
Q,1.94
G,1.281
A,2.082
E,0.3481
L,0.07641
S,0.7444
N,0.3065
E,0.09955
E,0.06921
R,0.02083
N,0.06192
L,0.03294
L,0.1617
S,0.0138
V,0.0304
A,0.09197
Y,0.1098
K,0.02386
N,0.04059
V,0.1256
V,0.1457
G,0.0572
A,0.3195
R,0.1073
R,0.02065
S,0.05977
S,0.1065
W,0.1164
R,0.03662
V,0.07738
V,0.4451
S,0.07589
S,0.05447
I,0.161
E,0.08474
Q,0.4117
K,0.1219
T,0.7843
E,0.3869
G,0.8918
A,0.9614
E,1.93
K,1.268
K,0.4254
Q,1.023
Q,2.062
M,1.61
A,0.4496
R,1.107
E,1.684
Y,0.11
R,0.1943
E,1.695
K,0.5681
I,0.3694
E,0.07162
T,2.673
E,0.05467
L,0.03302
R,1.308
D,2.595
I,0.2163
C,0.1137
N,2.074
D,0.5756
V,0.163
L,0.1347
S,2.678
L,0.3663
L,0.1872
E,0.7587
K,1.902
F,1.325
L,0.05563
I,0.359
P,1.021
N,1.042
A,0.4215
S,2.029
Q,1.736
A,1.439
E,0.08453
S,0.1811
K,0.6283
V,0.0525
F,0.03454
Y,0.2012
L,0.5614
K,0.02403
M,0.04363
K,0.1529
G,0.03397
D,0.02026
Y,0.06117
Y,0.8084
R,0.07773
Y,0.0364
L,0.2349
A,0.09916
E,0.05428
V,0.1045
A,0.2708
A,1.319
G,0.7913
D,1.556
D,1.949
K,0.3708
K,1.351
G,2.576
I,0.5722
V,0.3882
D,1.554
Q,1.573
S,0.1303
Q,0.6004
Q,1.851
A,0.2797
Y,0.03637
Q,0.7195
E,1.762
A,0.02994
F,0.7987
E,1.025
I,0.5859
S,0.08382
K,1.22
K,1.938
E,1.352
M,0.1429
Q,1.109
P,0.6639
T,0.008876
H,0.1588
P,0.07009
I,0.1079
R,0.06355
L,0.01487
G,0.034
L,0.01487
A,0.03012
L,0.05537
N,0.009101
F,0.2143
S,0.008479
V,0.009285
F,0.03462
Y,0.432
Y,0.03637
E,0.03943
I,0.06256
L,0.8924
N,0.2437
S,0.386
P,0.2036
E,0.6437
K,0.6566
A,0.01646
C,0.06526
S,1.339
L,0.2282
A,0.04161
K,0.05669
T,1.021
A,0.1339
F,0.05854
D,0.1042
E,0.5907
A,0.06399
I,0.1225
A,0.3076
E,0.2299
L,0.07651
D,0.0777
T,0.6387
L,0.1235
S,0.4228
E,0.2093
E,0.4466
S,0.08782
Y,0.08435
K,0.0419
D,0.04972
S,0.03686
T,0.03943
L,0.05549
I,0.04139
M,0.09346
Q,0.05028
L,0.07754
L,0.03298
R,0.03672
D,0.03637
N,0.01624
L,0.05577
T,0.03947
L,0.1434
W,0.2522
