"pdb_aa","rate"
Q,2.545
V,0.1824
Q,0.3853
F,-0.5358
K,-0.7329
L,-0.2066
V,-0.3999
L,-0.5087
V,-0.4898
G,-0.7228
D,-0.7328
G,-0.5912
G,-0.444
T,-0.4825
G,-0.7479
K,-0.8345
T,-0.728
T,-0.6852
F,-0.3667
V,-0.5045
K,-0.3372
R,-0.7245
H,-0.6771
L,0.04239
T,-0.511
G,-0.5971
E,-0.3912
F,-0.6683
E,-0.2412
K,0.004568
K,-0.01056
Y,-0.5918
V,-0.2221
A,-0.6919
T,-0.8333
L,-0.08281
G,-0.6347
V,-0.4937
E,-0.2541
V,-0.5534
H,-0.2106
P,-0.1059
L,-0.3578
V,1.099
F,-0.4683
H,1.038
T,-0.6279
N,-0.1195
R,0.9646
G,-0.5962
P,1.076
I,-0.4515
K,0.5028
F,-0.4831
N,-0.2852
V,-0.5829
W,-0.532
D,-0.8193
T,-0.7131
A,-0.735
G,-0.6351
Q,-0.6352
E,-0.6794
K,-0.5574
F,-0.2488
G,-0.3252
G,-0.496
L,-0.6283
R,-0.6374
D,-0.6211
G,-0.4793
Y,-0.5919
Y,-0.4707
I,-0.3883
Q,0.1446
A,-0.3884
Q,-0.1053
C,-0.4569
A,-0.5964
I,-0.7355
I,-0.4645
M,-0.6888
F,-0.647
D,-0.8344
V,-0.6158
T,-0.6969
S,-0.4612
R,-0.4358
V,0.4042
T,-0.6296
Y,-0.5604
K,0.008412
N,-0.6531
V,-0.6643
P,-0.004083
N,-0.2587
W,-0.545
H,-0.1284
R,-0.06689
D,-0.5832
L,-0.4525
V,0.2471
R,-0.4847
V,-0.4925
C,-0.4687
E,0.00119
N,-0.141
I,-0.5301
P,-0.5989
I,-0.3282
V,-0.5958
L,-0.4713
C,-0.376
G,-0.7265
N,-0.7659
K,-0.8347
V,-0.3408
D,-0.718
I,0.1778
K,0.1821
D,-0.06539
R,-0.607
K,-0.3126
V,-0.4908
K,-0.438
A,0.01364
K,-0.02039
S,0.9391
I,-0.2433
V,0.1368
F,-0.08572
H,-0.3522
R,-0.5812
K,0.03113
K,0.07996
N,-0.3633
L,-0.317
Q,-0.2223
Y,-0.5255
Y,0.09535
D,-0.5919
I,-0.5078
S,-0.8356
A,-0.7313
K,-0.5977
S,-0.3727
N,-0.5354
Y,-0.2219
N,-0.7271
F,-0.1789
E,-0.6937
K,-0.324
P,-0.7143
F,-0.7482
L,-0.07874
W,0.5893
L,-0.5302
A,-0.3817
R,-0.3612
K,-0.02216
L,-0.5632
I,0.4286
G,0.2202
D,-0.06972
P,2.014
N,2.091
L,-0.5368
E,0.9308
F,-0.2282
V,-0.1575
A,0.2641
M,0.2966
P,0.1318
A,-0.3265
L,-0.1318
A,1.596
P,0.005731
P,0.7828
E,0.3686
V,0.4312
V,2.979
M,0.8481
D,0.6819
P,3.405
A,4.084
L,3.152
A,1.308
A,3.327
Q,1.689
Y,1.823
E,1.585
H,3.293
D,0.9885
L,1.279
E,4.518
V,4.498
A,0.2641
Q,1.888
T,2.516
T,2.122
A,0.6337
L,-0.1112
P,-0.5828
D,0.633
E,0.7981
D,-0.01845
