"pdb_aa","rate"
Q,1.603
V,0.494
Q,0.5892
F,0.1568
K,0.06428
L,0.3114
V,0.2206
L,0.1695
V,0.1784
G,0.06902
D,0.06433
G,0.1308
G,0.1999
T,0.1818
G,0.05722
K,0.01658
T,0.06656
T,0.08666
F,0.2362
V,0.1715
K,0.25
R,0.0682
H,0.09049
L,0.4282
T,0.1684
G,0.128
E,0.2247
F,0.09459
E,0.2951
K,0.4105
K,0.4034
Y,0.1305
V,0.3041
A,0.08352
T,0.01714
L,0.3695
G,0.1104
V,0.1765
E,0.289
V,0.1486
H,0.3095
P,0.3586
L,0.2404
V,0.9243
F,0.1885
H,0.8954
T,0.1136
N,0.3522
R,0.8611
G,0.1284
P,0.9134
I,0.1964
K,0.6443
F,0.1815
N,0.2744
V,0.1347
W,0.1586
D,0.02373
T,0.07355
A,0.06328
G,0.1102
Q,0.1101
E,0.08941
K,0.1467
F,0.2915
G,0.2557
G,0.1755
L,0.1134
R,0.1091
D,0.1168
G,0.1833
Y,0.1305
Y,0.1873
I,0.226
Q,0.4762
A,0.226
Q,0.3589
C,0.1938
A,0.1284
I,0.06304
I,0.1903
M,0.08498
F,0.1046
D,0.01663
V,0.1193
T,0.08117
S,0.1918
R,0.2037
V,0.5981
T,0.1128
Y,0.1453
K,0.4123
N,0.1017
V,0.09646
P,0.4064
N,0.2869
W,0.1525
H,0.348
R,0.3769
D,0.1345
L,0.1959
V,0.5243
R,0.1808
V,0.1771
C,0.1883
E,0.4089
N,0.3421
I,0.1595
P,0.1272
I,0.2543
V,0.1286
L,0.1871
C,0.2318
G,0.06727
N,0.04881
K,0.01649
V,0.2483
D,0.07127
I,0.4918
K,0.4938
D,0.3776
R,0.1234
K,0.2616
V,0.1779
K,0.2027
A,0.4147
K,0.3988
S,0.8492
I,0.2941
V,0.4726
F,0.3681
H,0.243
R,0.1355
K,0.4229
K,0.4459
N,0.2378
L,0.2595
Q,0.304
Y,0.1617
Y,0.4531
D,0.1304
I,0.1699
S,0.01606
A,0.06504
K,0.1277
S,0.2334
N,0.157
Y,0.3041
N,0.06699
F,0.3243
E,0.08269
K,0.2562
P,0.07299
F,0.0571
L,0.3714
W,0.685
L,0.1594
A,0.2291
R,0.2388
K,0.3979
L,0.144
I,0.6095
G,0.5117
D,0.3756
P,1.354
N,1.39
L,0.1564
E,0.8453
F,0.3012
V,0.3344
A,0.5323
M,0.5475
P,0.4702
A,0.2551
L,0.3465
A,1.157
P,0.411
P,0.7758
E,0.5814
V,0.6107
V,1.807
M,0.8065
D,0.7284
P,2.007
A,2.325
L,1.888
A,1.022
A,1.97
Q,1.201
Y,1.264
E,1.152
H,1.954
D,0.8724
L,1.009
E,2.529
V,2.52
A,0.5323
Q,1.295
T,1.589
T,1.404
A,0.7058
L,0.3561
P,0.1348
D,0.7055
E,0.783
D,0.3997
