"pdb_aa","rate"
C,-0.7468
A,0.5179
I,0.1583
R,-0.3037
H,-1.115
P,0.07412
C,-1.102
H,1.667
N,0.6584
N,-0.8311
L,0.5036
M,-0.1742
N,0.8812
Q,-1.309
I,-0.6938
R,0.2079
S,0.5599
Q,-0.7308
L,0.0729
A,2.494
Q,-0.4703
L,-0.8988
N,-1.222
G,0.1939
S,-0.9662
A,-1.069
N,0.5942
A,1.823
L,0.1933
F,-0.1232
I,1.229
L,1.71
Y,0.4221
Y,0.5017
T,0.4042
A,-0.3327
Q,-1.381
G,-1.259
E,1.046
P,-1.294
F,-1.253
P,-0.1453
N,-0.08077
N,1.025
L,1.037
D,-0.8874
K,0.5101
L,-0.3992
C,-1.219
G,2.562
P,-0.3827
N,1.057
V,-0.2809
T,0.2291
D,0.2688
F,-1.013
P,-1.115
P,0.4326
F,-1.253
H,-0.5442
A,0.2417
N,-0.04658
G,-0.5918
T,-0.3178
E,0.1599
K,-0.3803
A,1.011
K,0.1465
L,-0.2713
V,-0.604
E,-0.1338
L,-0.6014
Y,-0.4006
R,0.2226
I,-0.6997
V,1.208
V,0.4108
Y,-0.733
L,-0.5328
G,0.3458
T,-0.2014
S,-0.9607
L,-0.8355
G,0.1695
N,-0.8346
I,-0.7439
T,-0.08526
R,0.978
D,-0.6248
Q,-1.381
K,1.113
I,3.133
L,-1.033
N,-0.9968
P,-0.8669
S,3.114
A,-0.9152
L,1.678
S,0.165
L,-1.247
H,-0.3538
S,0.7253
K,-0.08846
L,-1.247
N,0.8001
A,0.3887
T,-1.032
A,0.05547
D,0.6604
I,1.202
L,0.8364
R,-0.1703
G,-0.4441
L,-0.7893
L,0.02986
S,-0.7332
N,-1.125
V,-0.8402
L,0.8499
C,-0.9
R,0.0751
L,-1.247
C,-0.6434
S,0.8989
K,0.1702
Y,0.01283
H,0.2684
V,-0.6783
G,2.619
H,-0.3129
V,-0.9073
D,-0.3699
V,-0.42
T,2.459
Y,0.9543
G,0.7531
P,0.3654
D,0.3606
T,-0.6338
S,-0.1714
G,2.461
K,0.3224
D,1.458
V,2.849
F,-1.038
Q,0.1902
K,-0.3032
K,-1.017
K,-0.108
L,-0.601
G,-0.9719
C,-0.9946
Q,-0.1498
L,0.602
L,-1.054
G,1.391
K,-0.3639
Y,-0.9796
K,-0.08854
Q,-0.2579
I,-0.5461
I,-1.166
A,1.458
V,2.976
L,-0.5633
A,-0.3814
Q,-0.3003
A,0.2739
F,-0.9747
