"pdb_aa","rate"
T,2.175
G,1.213
E,1.452
S,2.194
K,1.27
C,0.3689
P,0.4865
L,0.3949
M,0.1501
V,0.189
K,0.05136
V,0.2343
L,0.1136
D,0.1196
A,0.3469
V,0.7035
R,1.286
G,0.05191
S,1.268
P,0.06237
A,0.1558
I,1.099
N,0.9637
V,0.423
A,1.835
V,0.4458
H,1.601
V,0.2007
F,1.165
R,1.237
K,1.476
A,1.623
A,2.075
D,1.841
D,2.36
T,2.362
W,0.6609
E,2.245
P,2.256
F,1.034
A,0.8218
S,1.779
G,0.63
K,1.953
T,0.05074
S,0.4547
E,1.72
S,0.3126
G,0.0511
E,0.09323
L,0.6324
H,1.376
G,1.195
L,0.3725
T,0.6349
T,1.18
E,2.246
E,2.106
Q,1.94
F,0.9744
V,2.235
E,1.48
G,0.1641
I,1.306
Y,0.1598
K,0.3369
V,0.6182
E,1.105
I,0.1678
D,0.9232
T,0.138
K,1.266
S,1.582
Y,0.1828
W,0.5061
K,1.624
A,2.174
L,1.941
G,1.203
I,1.198
S,1.69
P,0.7774
F,0.07354
H,0.3186
E,0.08005
H,1.071
A,0.318
E,0.5351
V,0.3998
V,0.5633
F,0.06097
T,1.359
A,0.5745
N,1.407
D,0.8948
S,1.584
G,0.7018
P,2.057
R,1.074
R,0.2408
Y,0.5212
T,0.09062
I,0.2626
A,0.1494
A,0.2501
L,0.1265
L,0.3362
S,0.1224
P,0.2796
Y,0.7662
S,0.2455
Y,0.4128
S,0.1387
T,0.05148
T,0.889
A,0.6028
V,0.1863
V,0.138
T,0.2493
N,0.2493
P,1.212
K,2.646
E,2.768
