"pdb_aa","rate"
T,1.738
G,0.4282
E,0.7532
S,1.765
K,0.5062
C,-0.7209
P,-0.5608
L,-0.6855
M,-1.019
V,-0.9658
K,-1.153
V,-0.9042
L,-1.069
D,-1.06
A,-0.7509
V,-0.2654
R,0.5284
G,-1.153
S,0.5029
P,-1.138
A,-1.011
I,0.2739
N,0.08894
V,-0.6472
A,1.275
V,-0.6162
H,0.9562
V,-0.95
F,0.3632
R,0.4608
K,0.7861
A,0.9863
A,1.602
D,1.284
D,1.991
T,1.993
W,-0.3233
E,1.834
P,1.849
F,0.1849
A,-0.1043
S,1.198
G,-0.3654
K,1.436
T,-1.154
S,-0.6041
E,1.119
S,-0.7975
G,-1.154
E,-1.096
L,-0.3621
H,0.6505
G,0.4035
L,-0.716
T,-0.3587
T,0.3837
E,1.835
E,1.645
Q,1.419
F,0.1035
V,1.819
E,0.7926
G,-0.9997
I,0.5553
Y,-1.006
K,-0.7644
V,-0.3815
E,0.2809
I,-0.9948
D,0.03383
T,-1.035
K,0.5006
S,0.9308
Y,-0.9743
W,-0.534
K,0.9877
A,1.737
L,1.419
G,0.415
I,0.4077
S,1.078
P,-0.1648
F,-1.123
H,-0.7894
E,-1.114
H,0.2357
A,-0.7902
E,-0.4946
V,-0.6788
V,-0.4562
F,-1.14
T,0.6278
A,-0.441
N,0.6931
D,-0.004898
S,0.9341
G,-0.2676
P,1.577
R,0.2393
R,-0.8954
Y,-0.5136
T,-1.1
I,-0.8657
A,-1.02
A,-0.8827
L,-1.051
L,-0.7654
S,-1.057
P,-0.8425
Y,-0.18
S,-0.889
Y,-0.6612
S,-1.034
T,-1.153
T,-0.01281
A,-0.4025
V,-0.9696
V,-1.035
T,-0.8838
N,-0.8838
P,0.4268
K,2.379
E,2.545
