"pdb_aa","rate"
T,1.467
G,1.213
E,1.757
S,1.971
K,1.333
C,0.334
P,0.5186
L,0.3163
M,0.1652
V,0.1908
K,0.03813
V,0.2415
L,0.09859
D,0.09722
A,0.3496
V,0.745
R,1.317
G,0.03547
S,1.169
P,0.04878
A,0.195
I,1.188
N,0.8053
V,0.4488
A,1.807
V,0.487
H,1.601
V,0.2172
F,1.149
R,1.228
K,1.331
A,1.83
A,2.38
D,2.281
D,1.907
T,1.952
W,0.695
E,2.377
P,2.349
F,1.004
A,0.8469
S,1.881
G,0.6373
K,2.045
T,0.0335
S,0.4608
E,1.725
S,0.3153
G,0.03305
E,0.1084
L,0.6579
H,1.487
G,1.219
L,0.3204
T,0.8966
T,1.222
E,1.963
E,1.69
Q,1.962
F,0.721
V,2.183
E,1.452
G,0.1773
I,1.177
Y,0.1891
K,0.2918
V,0.5612
E,1.074
I,0.1312
D,0.954
T,0.1482
K,1.362
S,1.6
Y,0.2009
W,0.5262
K,1.648
A,2.341
L,1.821
G,1.347
I,1.076
S,1.777
P,0.7508
F,0.102
H,0.3499
E,0.1056
H,1.083
A,0.3285
E,0.5441
V,0.3617
V,0.698
F,0.1038
T,1.378
A,0.596
N,1.525
D,0.8642
S,1.584
G,0.5219
P,2.055
R,1.043
R,0.2437
Y,0.5319
T,0.06097
I,0.2564
A,0.1281
A,0.2338
L,0.1202
L,0.323
S,0.1059
P,0.2116
Y,0.7288
S,0.265
Y,0.3728
S,0.1113
T,0.04497
T,0.8915
A,0.5944
V,0.204
V,0.1168
T,0.2439
N,0.2357
P,1.137
K,2.875
E,3.294
