"pdb_aa","rate"
E,1.568
R,0.2369
D,0.3882
C,-0.4767
R,1.562
V,-0.4929
S,0.5683
S,0.3296
F,0.939
R,2.68
V,-0.6063
K,0.828
E,1.57
N,-0.04888
F,-0.2906
D,-0.09649
K,1.193
A,1.922
R,-0.01138
F,-0.05463
A,0.3319
G,-1.049
T,0.1391
W,-0.6536
Y,-1.037
A,-0.9663
M,0.3115
A,-0.1751
K,-1.002
K,-0.7659
D,-0.7975
P,-0.948
E,0.57
G,-0.9285
L,-0.6304
F,-1.048
L,-0.9298
Q,-0.1816
D,-1.016
N,-0.8981
I,-0.3946
V,0.7908
A,-0.8063
E,3.053
F,0.4869
S,1
V,0.9635
D,2.651
E,0.8369
N,1.123
G,-0.05709
H,2.317
M,-0.6369
S,0.5864
A,-0.7903
T,0.09507
A,-0.9774
K,2.097
G,-0.5712
R,-0.8174
V,-0.8679
R,0.4181
L,-0.5973
L,0.2148
N,0.05748
N,-0.4262
W,0.3087
D,-0.1268
V,0.3206
C,-1.037
A,-0.9823
D,0.3159
M,-1.107
V,0.03179
G,-0.4467
T,-0.4629
F,-0.6265
T,-0.2225
D,0.3561
T,-0.7901
E,2.68
D,-0.006167
P,-0.5434
A,-0.4658
K,-0.897
F,-0.6068
K,0.2496
M,-0.8001
K,0.1723
Y,-0.9172
W,-0.2784
G,-0.9306
V,-0.1446
A,-0.7885
S,-0.2783
F,0.001308
L,-0.9374
Q,-0.7807
K,-0.0231
G,-1.053
N,0.8519
D,-0.9203
D,-0.4811
H,-0.9175
W,-0.6773
I,-0.4939
I,-0.4722
D,-0.7286
T,-1.067
D,-1.028
Y,-0.9023
E,0.06095
T,-0.6752
F,-0.4433
A,-1.06
V,0.367
Q,-0.5956
Y,-0.6
S,-0.6153
C,-0.7283
R,-1.025
L,1.651
L,3.217
N,-0.4831
L,3.897
D,-0.6544
G,-0.7689
T,-0.3006
C,-0.7168
A,0.6986
D,-0.8214
S,-0.4076
Y,-0.5997
S,-0.5218
F,0.1879
V,0.745
F,-0.7308
A,-0.7954
R,-1.029
D,0.2862
P,0.4616
S,1.418
G,-0.744
F,-0.04046
S,1.023
P,1.104
Q,0.3733
V,0.2374
Q,-0.354
K,1.896
I,0.6615
V,-0.3039
R,-0.4594
Q,0.2653
R,-0.3996
Q,-0.9103
E,1.234
E,0.5755
L,0.2099
C,-1.032
L,-0.04124
A,1.242
R,-0.2979
Q,-0.2744
Y,-0.9058
R,-0.07655
L,1.528
I,-0.796
P,2.902
H,-0.7592
N,0.2385
G,-0.623
Y,2.398
C,0.5848
