"pdb_aa","rate"
S,1.744
K,1.416
C,0.3456
P,0.525
L,0.3263
M,0.1402
V,0.1584
K,0.05255
V,0.2641
L,0.0869
D,0.06531
A,0.3396
V,0.8503
R,1.326
G,0.05112
S,1.271
P,0.05557
A,0.1869
I,1.167
N,0.8614
V,0.405
A,1.856
V,0.4386
H,1.612
V,0.2031
F,1.137
R,1.245
K,1.445
A,2.669
A,1.882
D,1.34
D,1.896
T,1.661
W,0.7867
E,2.416
P,2.287
F,1.059
A,0.8969
S,2.124
G,0.6461
K,2.214
T,0.05066
S,0.4141
E,1.861
S,0.2963
G,0.05108
E,0.07223
L,0.5468
H,1.469
G,1.29
L,0.3181
T,0.5794
T,1.341
E,1.596
E,1.601
Q,2.182
F,1.078
V,1.942
E,1.519
G,0.1775
I,1.173
Y,0.1734
K,0.2518
V,0.5558
E,1.107
I,0.1171
D,1.03
T,0.1534
K,1.519
S,1.77
Y,0.2015
W,0.5208
K,1.832
A,2.258
L,1.672
G,1.363
I,1.225
S,1.868
P,0.7975
F,0.07211
H,0.3892
E,0.08468
H,1.038
A,0.3199
E,0.5475
V,0.4444
V,0.6821
F,0.05458
T,1.358
A,0.6202
N,1.637
D,0.9594
S,1.54
G,1.243
P,2.019
R,1.182
R,0.1937
Y,0.5881
T,0.05204
I,0.2909
A,0.0985
A,0.2365
L,0.05565
L,0.4332
S,0.1409
P,0.2793
Y,0.8583
S,0.3413
Y,0.4263
S,0.1384
T,0.0515
T,0.7089
A,0.8265
V,0.2125
V,0.1391
T,0.2221
N,0.2219
P,1.377
K,3.016
E,2.432
