"pdb_aa","rate"
E,1.407
R,0.7305
D,0.8074
C,0.3676
R,1.404
V,0.3594
S,0.899
S,0.7776
F,1.087
R,1.973
V,0.3017
K,1.031
E,1.408
N,0.5852
F,0.4623
D,0.561
K,1.217
A,1.587
R,0.6042
F,0.5822
A,0.7788
G,0.07641
T,0.6808
W,0.2777
Y,0.08283
A,0.1187
M,0.7684
A,0.521
K,0.1005
K,0.2206
D,0.2045
P,0.128
E,0.8998
G,0.1379
L,0.2895
F,0.0773
L,0.1372
Q,0.5177
D,0.09317
N,0.1534
I,0.4094
V,1.012
A,0.2001
E,2.162
F,0.8576
S,1.119
V,1.1
D,1.958
E,1.036
N,1.181
G,0.581
H,1.788
M,0.2862
S,0.9082
A,0.2082
T,0.6584
A,0.113
K,1.676
G,0.3196
R,0.1944
V,0.1687
R,0.8226
L,0.3063
L,0.7193
N,0.6392
N,0.3933
W,0.767
D,0.5456
V,0.773
C,0.08248
A,0.1105
D,0.7706
M,0.04725
V,0.6262
G,0.3829
T,0.3747
F,0.2915
T,0.4969
D,0.7911
T,0.2083
E,1.973
D,0.6069
P,0.3337
A,0.3732
K,0.1539
F,0.3015
K,0.7369
M,0.2032
K,0.6976
Y,0.1436
W,0.4685
G,0.1369
V,0.5365
A,0.2091
S,0.4685
F,0.6107
L,0.1334
Q,0.2131
K,0.5983
G,0.0744
N,1.043
D,0.1421
D,0.3654
H,0.1435
W,0.2656
I,0.3589
I,0.3699
D,0.2395
T,0.0677
D,0.08715
Y,0.1512
E,0.641
T,0.2667
F,0.3846
A,0.0711
V,0.7966
Q,0.3072
Y,0.3049
S,0.2971
C,0.2397
R,0.0886
L,1.45
L,2.246
N,0.3644
L,2.592
D,0.2773
G,0.219
T,0.4572
C,0.2456
A,0.9652
D,0.1924
S,0.4028
Y,0.3051
S,0.3447
F,0.7056
V,0.9888
F,0.2384
A,0.2056
R,0.0866
D,0.7556
P,0.8448
S,1.331
G,0.2317
F,0.5894
S,1.13
P,1.171
Q,0.7998
V,0.7307
Q,0.43
K,1.574
I,0.9464
V,0.4555
R,0.3764
Q,0.7449
R,0.4069
Q,0.1472
E,1.237
E,0.9026
L,0.7167
C,0.08542
L,0.5891
A,1.241
R,0.4585
Q,0.4705
Y,0.1494
R,0.5711
L,1.387
I,0.2053
P,2.086
H,0.224
N,0.7313
G,0.2933
Y,1.829
C,0.9074
