"pdb_aa","rate"
T,0.7656
G,0.4247
E,1.155
S,1.442
K,0.5861
C,-0.7543
P,-0.5066
L,-0.7781
M,-0.9809
V,-0.9465
K,-1.151
V,-0.8784
L,-1.07
D,-1.072
A,-0.7334
V,-0.2028
R,0.5645
G,-1.155
S,0.3662
P,-1.137
A,-0.9408
I,0.3913
N,-0.1219
V,-0.6003
A,1.223
V,-0.549
H,0.9461
V,-0.9111
F,0.3391
R,0.445
K,0.5836
A,1.254
A,1.991
D,1.858
D,1.356
T,1.417
W,-0.2699
E,1.988
P,1.949
F,0.145
A,-0.06614
S,1.322
G,-0.3474
K,1.541
T,-1.158
S,-0.5841
E,1.112
S,-0.7794
G,-1.158
E,-1.057
L,-0.3197
H,0.7927
G,0.433
L,-0.7725
T,0.0006245
T,0.4379
E,1.431
E,1.065
Q,1.43
F,-0.2351
V,1.727
E,0.746
G,-0.9645
I,0.3774
Y,-0.9487
K,-0.811
V,-0.4494
E,0.238
I,-1.026
D,0.07764
T,-1.004
K,0.6246
S,0.9449
Y,-0.9329
W,-0.4964
K,1.008
A,1.939
L,1.241
G,0.6049
I,0.2413
S,1.182
P,-0.1951
F,-1.066
H,-0.7329
E,-1.061
H,0.2503
A,-0.7617
E,-0.4724
V,-0.7171
V,-0.2658
F,-1.063
T,0.6462
A,-0.4027
N,0.8441
D,-0.04287
S,0.9224
G,-0.5021
P,1.555
R,0.1969
R,-0.8755
Y,-0.4887
T,-1.121
I,-0.8584
A,-1.031
A,-0.8887
L,-1.041
L,-0.7691
S,-1.06
P,-0.9185
Y,-0.2245
S,-0.8469
Y,-0.7022
S,-1.053
T,-1.142
T,-0.006186
A,-0.4049
V,-0.9288
V,-1.046
T,-0.8752
N,-0.8862
P,0.3237
K,2.655
E,3.217
