"pdb_aa","rate"
Q,0.002575
I,0.0266
F,0.004226
V,0.002198
K,0.003012
T,0.002021
L,0.004064
T,0.002021
G,0.004152
K,0.003012
T,0.002021
I,0.002139
T,0.002021
L,0.004064
E,0.03522
V,0.002198
E,0.002885
P,0.134
S,0.02391
D,0.002603
T,0.02455
I,0.02625
E,0.06674
N,0.002103
V,0.002198
K,0.003012
A,0.05094
K,0.003012
I,0.002139
Q,0.002575
D,0.002603
K,0.003012
E,0.002885
G,0.004152
I,0.002139
P,0.003688
P,0.003688
D,0.002603
Q,0.002575
Q,0.002575
R,0.0326
L,0.004064
I,0.002139
F,0.004226
A,0.002169
G,0.004152
K,0.03647
Q,0.002575
L,0.004064
E,0.002885
D,0.002603
G,0.05283
R,0.002635
T,0.002021
L,0.004064
S,0.04639
D,0.002603
Y,0.004447
N,0.002103
I,0.002139
Q,0.002575
K,0.003012
E,0.002885
S,0.001866
T,0.002021
L,0.04872
H,0.002361
L,0.004064
V,0.08116
L,0.06771
R,0.034
