"pdb_aa","rate"
A,0.9787
G,0.9847
W,-0.3417
N,0.173
A,2.764
Y,0.9675
I,0.03881
D,1.105
N,0.4748
L,-0.3856
M,0.09855
A,1.004
D,0.4561
G,1.229
T,1.288
C,0.822
Q,0.3815
D,-0.9291
A,-0.5399
A,-1.442
I,-0.4093
V,-0.168
G,-0.6908
Y,1.165
K,0.7251
D,0.5441
S,0.5134
P,-0.1415
S,0.1081
V,-0.5031
W,-0.08392
A,-1.233
A,-0.5946
V,0.6932
P,0.8412
G,-0.4761
K,-0.8338
T,0.9331
F,-0.3977
V,1.766
N,-0.07948
I,-0.5579
T,-0.6655
P,0.07586
A,0.2784
E,-1.503
V,-0.8897
G,-0.03742
I,0.4739
L,-0.5379
V,0.5805
G,0.27
K,0.5774
D,-1.212
R,-0.9225
S,0.3879
S,1.249
F,-0.01362
F,0.2607
V,-0.2133
N,0.2834
G,-1.458
L,0.2379
T,-0.8083
L,0.2039
G,-0.9093
G,-0.2298
Q,-0.2493
K,-0.6607
C,-0.518
S,-0.8822
V,-1.452
I,-1.006
R,-1.212
D,-1.502
S,-0.4259
L,-0.6892
L,1.81
Q,0.7282
D,0.7947
G,0.8313
E,-0.3347
F,1.595
T,-0.6651
M,-1.391
D,-1.497
L,-0.7243
R,-1.243
T,-1.451
K,-1.066
S,-0.536
T,0.7644
G,1.24
G,-0.2338
A,-0.4414
P,-0.5434
T,-0.939
F,0.316
N,-0.8786
I,0.08898
T,-0.08587
V,-0.5745
T,-0.242
M,0.352
T,-0.9701
A,0.8173
K,-0.103
T,0.1583
L,-0.3424
V,-0.6704
L,0.3013
L,-0.1305
M,-0.8013
G,-1.489
K,-0.3946
E,-0.5631
G,-0.7428
V,-0.1518
H,-0.6818
G,-0.9342
G,-1.03
M,3.164
I,-0.3247
N,-1.456
K,0.4526
K,-0.3091
C,-0.2182
Y,1.455
E,2.318
M,-0.4742
A,-0.5209
S,3.202
H,0.8562
L,-0.8637
R,-0.05754
R,3.418
S,1.112
Q,0.6479
Y,2.525
