"pdb_aa","rate"
S,0.2377
Q,1.006
P,1.166
D,0.3848
P,-0.4448
M,1.314
P,0.9713
D,0.6467
D,0.3413
L,-1.219
H,0.1293
K,-0.7224
S,-0.8128
S,-1.103
E,0.3295
F,0.3428
T,-0.2332
G,0.04773
T,0.1556
M,-0.7576
G,1.664
N,-1.24
M,-0.123
K,0.8847
Y,0.4131
L,0.5117
Y,-1.118
D,1.7
D,1.865
H,0.7477
Y,2.51
V,0.03599
S,0.6019
A,2.265
T,0.5591
K,-0.5057
V,-0.1067
K,0.6866
S,-0.5254
V,2.735
D,-0.469
K,-0.5868
F,-0.1073
L,-0.9875
A,0.7377
H,-0.5362
D,-0.9071
L,-0.8535
I,-0.7365
Y,0.2375
N,1.76
I,0.555
S,0.4647
D,0.7801
K,0.962
K,1.654
L,1.756
K,3.205
N,1.425
Y,0.0497
D,-0.0255
K,0.4883
V,-0.6992
K,-0.6776
T,-0.6834
E,-0.8562
L,0.08984
L,1.258
N,-0.8386
E,0.01545
D,1.14
L,0.4448
A,-0.4784
K,0.3771
K,0.3103
Y,0.05903
K,-0.7849
D,0.3605
E,-0.7172
V,0.8301
V,-1.129
D,-1.308
V,-0.5923
Y,-0.2001
G,-1.001
S,0.2419
N,0.01188
Y,-0.9633
Y,0.3482
V,1.029
N,0.5141
C,-1.092
Y,0.6489
F,-0.3003
S,-0.8271
S,1.888
K,0.4458
D,0.8095
N,0.1109
V,1.892
W,3.285
W,2.297
H,2.538
G,0.601
K,-0.7651
T,-0.2417
C,-1.104
M,-0.5463
Y,-1.24
G,-1.251
G,-1.251
I,-0.3474
T,-1.326
K,1.816
H,-0.7904
E,-0.1196
G,0.1571
N,-0.7943
H,0.5268
F,0.1615
D,1.047
N,0.5772
G,1.003
N,1.309
L,2.418
Q,-0.5801
N,-0.003222
V,-1.14
L,0.4148
V,-0.9186
R,-0.623
V,-1.254
Y,0.2891
E,-0.7421
N,-0.8983
K,0.2406
R,2.123
N,-0.3294
T,0.3678
I,0.2287
S,-0.5838
F,-0.9374
E,0.08579
V,-0.8133
Q,-0.1173
T,-1.166
D,-0.2642
K,-1.294
K,-0.7018
S,3.162
V,-1.114
T,-1.3
A,-0.0371
Q,-1.262
E,-1.234
L,-0.9054
D,-1.258
I,0.488
K,-1.005
A,-0.3146
R,-1.259
N,0.9059
F,1.051
L,-1.15
I,-0.2599
N,1.06
K,1.116
K,0.05392
N,-0.3341
L,-1.073
Y,-1.238
E,-0.567
F,0.6418
N,-0.2086
S,0.2954
S,-0.9751
P,-0.01348
Y,-0.2551
E,-0.6925
T,-0.8594
G,-0.9965
Y,0.2631
I,-1.231
K,0.2524
F,-1.138
I,-0.8861
E,0.09021
N,-0.3874
N,0.3545
G,0.5772
N,2.82
T,-0.24
F,-0.8823
W,-0.5769
Y,-0.9595
D,-1.307
M,-0.7536
M,-1.056
P,-0.3718
A,0.6712
P,-0.3997
G,-0.103
D,1.077
K,0.6715
F,-0.2832
D,0.8927
Q,-0.3492
S,0.00507
K,0.05411
Y,-0.148
L,-0.9913
M,0.007279
M,-1.108
Y,-0.9512
N,0.07228
D,-1.252
N,-1.322
K,-0.848
T,-0.9712
V,-0.5989
D,0.6976
S,-0.9992
K,0.5992
S,0.4359
V,0.8591
K,-0.5627
I,-1.011
E,-1.05
V,-1.03
H,-0.1945
L,-0.6024
T,-0.5545
T,0.1097
K,0.9251
