"pdb_aa","rate"
V,-0.3874
L,-0.7509
S,-0.2167
P,1.468
A,1.085
D,-0.6766
K,-0.7071
T,1.744
N,1.322
V,-0.4708
K,0.7308
A,0.6622
A,1.351
W,-0.6807
G,2.892
K,-0.9376
V,0.5787
G,1.208
A,2.814
H,0.3768
A,0.7577
G,1.076
E,2.052
Y,0.4014
G,-0.6242
A,0.7049
E,-0.6631
A,-0.5941
L,-0.709
E,1.288
R,-1.212
M,-0.4909
F,-0.7339
L,2.892
S,-0.1335
F,0.06549
P,-1.18
T,-0.3009
T,-1.094
K,-0.9611
T,-0.9535
Y,-1.004
F,-1.187
P,0.3831
H,-0.6581
F,-0.4249
D,-0.6907
L,0.118
S,-0.09814
H,0.5683
G,0.2133
S,-1.195
A,0.6357
Q,0.1105
V,-0.3296
K,0.4554
G,0.9035
H,-1.178
G,-1.164
K,0.3649
K,-0.6104
V,-0.9223
A,0.1427
D,1.464
A,-0.9482
L,0.1637
T,0.5407
N,1.813
A,-1.132
V,-0.2436
A,1.531
H,0.2202
V,0.1219
D,-0.8684
D,-0.5788
M,0.00682
P,1.317
N,2.494
A,-0.0253
L,-0.8299
S,-0.2704
A,1.699
L,-1.21
S,-1.211
D,-0.6438
L,-0.7044
H,-1.211
A,-1.056
H,0.2536
K,0.4884
L,-1.082
R,-0.9477
V,-1.103
D,-1.208
P,-1.208
V,-0.3708
N,-1.107
F,-1.203
K,-0.1235
L,-0.07749
L,-0.9069
S,0.1275
H,-0.6823
C,0.2017
L,0.8093
L,0.258
V,-0.6849
T,-0.3774
L,0.9685
A,-0.7268
A,2.225
H,0.2349
L,1.172
P,0.2683
A,2.641
E,0.8954
F,-0.4253
T,-0.607
P,-0.5533
A,1.035
V,0.5875
H,-0.6727
A,-0.1688
S,-0.6056
L,1.21
D,-0.9023
K,-1.067
F,-0.8448
L,-0.3209
A,0.7943
S,0.8743
V,-0.6599
S,0.04093
T,1.171
V,-0.5767
L,-1.029
T,-0.193
S,-0.4991
K,-0.2887
Y,-0.8977
