"pdb_aa","rate"
T,2.099
A,2.01
L,1.865
W,0.4854
G,3.073
K,0.4884
V,0.8554
N,1.646
V,1.402
D,1.853
E,2.06
V,1.421
G,0.2373
G,1.677
E,0.9377
A,0.805
L,0.3816
G,1.573
R,0.2772
L,0.7602
L,0.3856
V,1.186
V,0.3765
Y,0.5445
P,0.09176
W,0.251
T,0.0919
Q,0.262
R,0.2263
F,0.4641
F,0.1108
E,1.597
S,1.472
F,0.1457
G,0.5281
D,0.3912
L,0.8161
S,0.4467
T,0.7887
P,1.847
D,1.737
A,0.1511
V,0.565
M,2.177
G,1.845
N,0.08939
P,1.897
K,1.346
V,0.3245
K,1.231
A,0.7647
H,0.1062
G,0.1094
K,1.073
K,0.817
V,0.2995
L,1.023
G,2.068
A,0.6327
F,0.8729
S,1.178
D,2.458
G,0.3467
L,1.274
A,1.83
H,0.7873
A,1.245
T,3.1
L,0.1076
S,0.08982
E,1.088
L,0.7585
H,0.0965
C,0.4811
D,1.359
K,0.8887
L,0.1936
H,0.3959
V,0.1559
D,0.1161
P,0.1812
E,0.7616
N,0.09284
F,0.1675
R,1.439
L,0.6511
L,0.4667
G,1.03
N,0.7544
V,1.085
L,1.404
V,1.113
C,0.9582
V,0.6574
L,1.315
A,0.5319
H,2.115
H,1.305
F,1.808
G,1.191
K,2.478
E,1.792
F,0.5685
T,0.6987
P,0.9885
P,2.037
V,1.796
Q,0.4913
A,0.8222
A,0.9732
Y,1.88
Q,0.4785
K,0.1207
V,0.6229
V,0.8627
A,2.048
G,1.097
V,0.3215
A,0.5659
N,1.182
A,0.3166
L,0.2752
A,1.064
