"pdb_aa","rate"
V,0.6959
L,0.4294
S,0.8211
P,2.057
A,1.776
D,0.4838
K,0.4615
T,2.259
N,1.95
V,0.6347
K,1.516
A,1.466
A,1.97
W,0.4808
G,3.101
K,0.2924
V,1.404
G,1.866
A,3.043
H,1.256
A,1.536
G,1.769
E,2.485
Y,1.274
G,0.5223
A,1.497
E,0.4937
A,0.5443
L,0.4601
E,1.925
R,0.09154
M,0.62
F,0.4418
L,3.101
S,0.8821
F,1.028
P,0.1149
T,0.7594
T,0.1776
K,0.2751
T,0.2807
Y,0.2439
F,0.1092
P,1.261
H,0.4974
F,0.6684
D,0.4735
L,1.067
S,0.9081
H,1.397
G,1.136
S,0.1035
A,1.446
Q,1.061
V,0.7383
K,1.314
G,1.643
H,0.1162
G,0.1262
K,1.248
K,0.5324
V,0.3036
A,1.085
D,2.054
A,0.2846
L,1.1
T,1.377
N,2.31
A,0.1499
V,0.8014
A,2.103
H,1.142
V,1.069
D,0.3432
D,0.5556
M,0.985
P,1.946
N,2.809
A,0.9615
L,0.3714
S,0.7818
A,2.226
L,0.09236
S,0.09194
D,0.5079
L,0.4634
H,0.09191
A,0.2054
H,1.166
K,1.338
L,0.1868
R,0.285
V,0.1711
D,0.09387
P,0.09447
V,0.7081
N,0.1684
F,0.09794
K,0.8895
L,0.9232
L,0.3149
S,1.074
H,0.4796
C,1.128
L,1.574
L,1.169
V,0.4777
T,0.7032
L,1.69
A,0.447
A,2.612
H,1.152
L,1.839
P,1.177
A,2.917
E,1.637
F,0.6681
T,0.5348
P,0.5743
A,1.739
V,1.411
H,0.4867
A,0.8562
S,0.5359
L,1.868
D,0.3183
K,0.1972
F,0.3604
L,0.7447
A,1.563
S,1.621
V,0.4961
S,1.01
T,1.838
V,0.5571
L,0.2253
T,0.8385
S,0.614
K,0.7683
Y,0.3217
