"pdb_aa","rate"
L,2.675
H,0.9099
K,1.632
E,3.262
P,2.143
A,0.394
T,1.27
L,0.6479
I,1.445
K,0.2761
A,0.339
I,0.444
D,0.06409
G,0.09374
D,0.06409
T,0.05292
K,1.353
L,1.21
M,1.338
Y,1.768
K,0.847
G,0.5131
Q,0.9923
P,1.751
M,0.7423
T,0.56
F,0.3182
R,0.06457
L,0.416
L,0.1195
L,0.6695
V,0.2408
D,0.1148
T,0.08888
P,0.08479
E,0.0696
T,0.0883
K,0.5912
H,0.8445
P,0.2454
K,1.285
K,1.278
G,1.052
V,0.3235
E,0.6321
K,0.6906
Y,0.8008
G,0.09374
P,1.54
E,0.3744
A,0.05572
S,0.1453
A,1.187
F,0.9341
T,0.2812
K,0.652
K,1.25
M,0.82
V,0.4988
E,1.82
N,0.8151
A,0.5506
K,0.8711
K,1.598
I,0.3452
E,1.913
V,0.3835
E,0.2101
F,0.9154
D,0.1893
K,0.6503
G,0.2843
Q,0.8931
R,0.7835
T,0.5135
D,0.06409
K,0.568
Y,0.09938
G,0.3974
R,0.06457
G,1.41
L,0.09228
A,0.2231
Y,0.1858
I,0.2289
Y,0.6478
A,0.963
D,0.576
G,0.901
K,0.9385
M,1.053
V,0.9855
N,0.2317
E,0.9799
A,2.116
L,0.1854
V,0.7622
R,1.572
Q,0.8956
G,0.09374
L,0.6195
A,0.1001
K,0.8725
V,0.4929
A,1.808
Y,0.4506
V,0.6662
Y,0.8134
K,1.689
P,0.7437
N,0.4042
N,1.383
T,0.6088
H,0.4747
E,2.29
Q,1.259
H,1.083
L,0.6313
R,1.128
K,1.508
S,2.257
E,0.429
A,1.022
Q,1.142
A,0.06353
K,0.3292
K,0.9969
E,0.8988
K,0.64
L,0.6566
N,0.3352
I,0.2656
W,0.1949
S,0.6001
