"pdb_aa","rate"
A,0.5344
T,0.5654
P,0.3903
H,0.0299
I,0.166
N,1.552
A,0.1322
E,1.915
M,2.701
G,0.6004
D,1.379
F,0.2286
A,0.113
D,0.8209
V,0.6932
V,0.5444
L,0.1438
M,0.3191
P,0.06548
G,0.01329
D,0.00905
P,0.01204
L,0.222
R,0.00917
A,0.02689
K,0.4024
Y,1.315
I,0.04622
A,0.02687
E,0.7371
T,0.7919
F,0.7286
L,0.1843
E,1.447
D,1.194
A,1.248
R,2.699
E,1.585
V,0.4495
N,0.3214
N,1.931
V,0.1543
R,0.00917
G,0.4757
M,0.106
L,1.614
G,0.1277
F,1.297
T,0.02511
G,0.01329
T,0.9422
Y,0.2945
K,0.9495
G,0.1322
R,1.281
K,1.481
I,1.101
S,0.03272
V,0.144
M,0.1476
G,0.2015
H,0.3241
G,0.01329
M,0.0283
G,0.01329
I,0.7142
P,0.04534
S,0.0122
C,0.8268
S,0.3652
I,0.08851
Y,0.01408
T,0.8765
K,0.8912
E,0.009765
L,0.0293
I,0.5271
T,1.523
D,1.907
F,0.6381
G,1.012
V,0.2553
K,0.617
K,0.9705
I,0.5927
I,0.2443
R,0.00917
V,0.4477
G,0.01329
S,0.3142
C,0.3727
G,0.01329
A,0.539
V,0.926
L,1.193
P,2.391
H,1.354
V,0.6675
K,1.738
L,0.863
R,0.4411
D,0.1312
V,0.6111
V,0.6368
I,0.8042
G,0.3063
M,0.7252
G,0.6707
A,0.3745
C,0.8137
T,0.1212
D,0.3898
S,0.03294
K,1.273
V,0.9467
N,0.2851
R,1.16
I,1.991
R,0.7494
F,0.5676
K,2.691
D,1.517
H,1.429
D,0.4797
F,1.431
A,0.2066
A,0.2739
I,0.8109
A,0.1666
D,0.9319
F,0.8646
D,2.702
M,0.3015
V,0.734
R,2.585
N,1.922
A,0.2992
V,0.9604
D,2.7
A,1.977
A,0.3349
K,2.714
A,2.7
L,2.183
G,1.609
I,1.727
D,3.086
A,1.35
R,1.46
V,0.186
G,0.03017
N,0.4303
L,0.9157
F,0.7804
S,0.3342
A,0.5011
D,0.03198
L,1.529
F,0.03079
Y,0.01408
S,1.352
P,0.9663
D,1.545
G,2.68
E,2.666
M,2.547
F,2.042
D,1.9
V,2.045
M,0.5959
E,1.006
K,2.406
Y,1.007
G,0.5146
I,0.6429
L,0.4795
G,0.5616
V,0.5331
E,0.09085
M,0.008292
E,0.009765
A,0.6429
A,0.315
G,0.423
I,0.2429
Y,0.1598
G,0.4699
V,0.5885
A,0.112
A,0.2035
E,0.6898
F,2.383
G,1.484
A,0.5349
K,1.451
A,0.1424
L,0.2618
T,0.9621
I,0.7265
C,0.7451
T,0.02511
V,0.2372
S,0.03294
D,0.00905
H,0.2612
I,0.7096
R,1.742
T,0.6485
H,1.079
E,0.4791
Q,1.613
T,0.4498
T,0.7552
A,0.8914
A,1.302
E,0.4922
R,0.00917
Q,0.3732
T,1.156
T,0.6265
F,0.1748
N,0.9039
D,2.025
M,0.008292
I,0.6418
K,1.684
I,0.8724
A,0.1638
L,0.08744
E,1.313
S,0.9504
V,0.9235
L,1.978
L,2.717
G,4.561
D,2.671
K,4.688
