"pdb_aa","rate"
T,1.999
T,1.98
F,1.298
T,0.7073
T,0.56
R,2.523
D,0.09167
G,0.2164
T,0.6758
Q,2.444
I,0.3077
Y,0.9562
Y,0.5944
K,0.1381
D,0.009961
W,0.1693
G,0.05775
S,2.457
G,0.2599
Q,0.7732
P,0.3581
I,0.4988
V,0.6002
F,0.2156
S,0.1147
H,0.009301
G,0.03427
W,0.02863
P,0.01335
L,0.01438
N,0.7517
A,0.8582
D,0.0361
S,0.1144
W,0.2446
E,0.1528
S,0.9871
Q,0.09189
M,0.2572
I,1.529
F,0.81
L,0.409
A,0.7372
A,2.701
Q,2.587
G,0.05717
Y,1.558
R,0.021
V,0.5549
I,0.4014
A,0.0303
H,0.1236
D,0.009909
R,0.01005
R,0.01005
G,0.1571
H,0.04583
G,0.03457
R,0.1407
S,0.01415
S,1.201
Q,0.07756
P,0.662
W,1.396
S,2.374
G,0.1012
N,0.1586
D,0.7578
M,0.1211
D,0.436
T,0.308
Y,0.1084
A,0.03024
D,0.236
D,0.02059
L,0.2246
A,0.3752
Q,1.141
L,0.5146
I,1.422
E,1.89
H,1.906
L,0.03321
D,0.4838
L,0.4079
R,1.984
D,1.277
A,0.9094
V,1.122
L,0.5258
F,0.5553
G,0.03423
F,0.05066
S,0.007861
T,0.06044
G,0.01475
G,0.01475
G,0.01475
E,0.08521
V,0.1956
A,0.7497
R,0.3347
Y,0.1565
I,0.5522
G,0.09505
R,0.2677
H,0.3575
G,0.2331
T,0.8499
A,2.542
R,0.0504
V,0.2775
A,0.5549
K,0.5088
A,0.6156
G,0.4238
L,0.2293
I,0.6984
S,0.7507
A,0.1363
V,0.2085
P,0.3585
P,0.01333
L,1.331
M,0.01797
L,1.275
K,0.7577
T,0.4542
E,2.701
A,1.983
N,0.1443
P,0.03037
G,2.155
G,0.03424
L,1.111
P,0.09112
M,1.671
E,1.616
V,0.3762
F,0.05821
D,0.06299
G,1.728
I,0.7779
R,0.021
Q,2.045
A,1.243
S,0.7222
L,1.585
A,1.698
D,0.4669
R,0.01007
S,0.449
Q,0.3063
L,0.7053
Y,0.9039
K,2.23
D,0.3332
L,0.855
A,0.6661
S,1.169
G,1.499
P,0.4491
F,0.03486
F,0.6679
G,0.169
F,1.009
N,0.008532
Q,0.1377
P,1.966
G,0.9021
A,0.5095
K,1.966
S,1.331
S,0.5261
A,0.9975
G,0.4425
M,1.89
V,0.6782
D,1.653
W,0.8176
F,0.2169
W,0.5603
L,1.015
Q,0.3284
G,0.375
M,0.1175
A,1.436
A,0.5998
G,0.6774
H,0.6478
K,0.5534
N,0.4832
A,0.8209
Y,0.8162
D,0.58
C,0.4734
I,0.376
K,0.9143
A,0.2563
F,0.08347
S,0.01422
E,0.1908
T,0.09416
D,0.009909
F,0.4596
T,0.3353
E,1.34
D,0.02059
L,0.01437
K,0.9855
K,1.381
I,0.6683
D,0.8294
V,0.7958
P,0.01333
T,0.4156
L,0.1201
V,0.7407
V,1.15
H,0.09713
G,0.1204
D,0.6171
A,0.1772
D,0.009909
Q,0.0206
V,0.4658
V,0.008717
P,0.01333
I,0.4724
E,1.733
A,1.119
S,0.853
G,0.8429
I,2.696
A,1.195
S,0.7678
A,1.148
A,1.069
L,0.8109
V,0.9513
K,1.898
G,1.914
S,0.7762
T,1.508
L,0.3407
K,0.6876
I,0.893
Y,0.2321
S,2.017
G,0.3473
A,1.156
P,0.6515
H,0.009294
G,0.1007
L,0.5275
T,1.149
D,0.6561
T,0.579
H,1.045
K,0.7111
D,1.125
Q,1.595
L,0.9049
N,0.1818
A,1.495
D,0.1616
L,0.5117
L,0.1203
A,1.056
F,0.05823
I,1.483
K,2.701
G,4.326
