"pdb_aa","rate"
E,0.6135
K,0.4888
Y,0.5174
I,0.5402
V,0.2451
T,0.159
W,0.1039
D,0.3425
M,0.3233
L,0.4746
Q,0.1582
I,0.2965
H,0.3207
A,0.4464
R,0.1856
K,0.4811
L,0.01835
A,0.2427
S,1.13
R,0.4342
L,0.2239
M,1.13
P,1.179
S,1.868
E,1.513
Q,0.5533
W,0.7677
K,1.126
G,0.2497
I,0.2814
I,0.3232
A,0.1751
V,0.2499
S,0.08113
R,0.01256
G,0.01404
G,0.01404
L,0.1851
V,0.1713
P,0.01347
G,0.135
A,0.1865
L,0.213
L,0.5304
A,0.1681
R,0.09952
E,0.0446
L,0.1679
G,0.8015
I,0.3542
R,0.1059
H,1.326
V,0.2902
D,0.2659
T,0.1025
V,0.4591
C,0.3114
I,0.5232
S,0.48
S,0.1043
Y,0.02032
D,0.9262
H,0.7593
D,1.227
N,1.936
Q,0.5388
R,0.9159
E,1.618
L,0.9802
K,4.254
V,0.5738
L,0.6038
K,0.1118
R,1.967
A,0.8212
E,1.398
G,1.104
D,0.8282
G,0.1671
E,0.9499
G,0.4377
F,0.8587
I,0.1457
V,0.5436
I,0.5519
D,0.04017
D,0.01253
L,0.02901
V,0.06656
D,0.01253
T,0.108
G,0.01403
G,0.9482
T,0.01233
A,0.2263
V,0.9973
A,1.418
I,0.225
R,0.09886
E,1.918
M,0.8808
Y,0.6074
P,0.0766
K,0.7185
A,0.04407
H,0.4615
F,0.3424
V,0.1486
T,0.1619
I,0.305
F,0.0752
A,0.04565
K,0.0128
P,0.04461
A,1.066
G,0.07784
R,0.7685
P,0.7857
L,0.9028
V,0.1689
D,0.1793
D,0.4731
Y,0.6549
V,0.5615
V,0.2926
D,0.1607
I,0.1481
P,0.3571
Q,0.01696
D,0.2469
T,0.1598
W,0.0418
I,0.1234
E,0.4664
Q,0.118
P,0.01347
W,0.04194
D,0.07047
M,0.6099
G,0.5677
V,0.9883
V,0.8129
F,0.4761
V,0.5735
P,1.259
P,0.04897
I,0.5594
S,0.9398
G,1.616
R,2.537
