"pdb_aa","rate"
E,0.1683
K,-0.04833
Y,0.001391
I,0.04087
V,-0.4716
T,-0.6211
W,-0.717
D,-0.3026
M,-0.3358
L,-0.07299
Q,-0.6226
I,-0.3824
H,-0.3404
A,-0.1221
R,-0.5751
K,-0.06178
L,-0.8655
A,-0.4758
S,1.065
R,-0.1431
L,-0.5085
M,1.065
P,1.15
S,2.347
E,1.731
Q,0.06362
W,0.4362
K,1.059
G,-0.4636
I,-0.4087
I,-0.336
A,-0.5933
V,-0.4634
S,-0.7565
R,-0.8756
G,-0.873
G,-0.873
L,-0.5759
V,-0.5998
P,-0.874
G,-0.663
A,-0.5734
L,-0.5274
L,0.02383
A,-0.6054
R,-0.7245
E,-0.8199
L,-0.6058
G,0.4948
I,-0.2822
R,-0.7135
H,1.405
V,-0.3933
D,-0.4355
T,-0.7194
V,-0.09999
C,-0.3565
I,0.01133
S,-0.06361
S,-0.7163
Y,-0.8621
D,0.7115
H,0.4215
D,1.234
N,2.466
Q,0.03842
R,0.6935
E,1.913
L,0.8051
K,6.492
V,0.09932
L,0.1515
K,-0.7032
R,2.519
A,0.529
E,1.531
G,1.02
D,0.5412
G,-0.6071
E,0.7526
G,-0.1371
F,0.5942
I,-0.6443
V,0.04684
I,0.06134
D,-0.8276
D,-0.8756
L,-0.847
V,-0.7818
D,-0.8756
T,-0.7098
G,-0.873
G,0.7497
T,-0.876
A,-0.5043
V,0.8348
A,1.566
I,-0.5065
R,-0.7257
E,2.433
M,0.6325
Y,0.1577
P,-0.7643
K,0.3506
A,-0.8209
H,-0.09572
F,-0.3027
V,-0.6392
T,-0.6161
I,-0.3675
F,-0.7668
A,-0.8181
K,-0.8752
P,-0.8199
A,0.9538
G,-0.7622
R,0.4374
P,0.4673
L,0.6708
V,-0.604
D,-0.586
D,-0.07567
Y,0.2401
V,0.07788
V,-0.3891
D,-0.6183
I,-0.6402
P,-0.2771
Q,-0.8679
D,-0.4685
T,-0.6199
W,-0.8248
I,-0.683
E,-0.08731
Q,-0.6925
P,-0.874
W,-0.8245
D,-0.775
M,0.1619
G,0.08874
V,0.8192
V,0.5147
F,-0.07035
V,0.09883
P,1.289
P,-0.8123
I,0.07426
S,0.7349
G,1.91
R,3.509
