"pdb_aa","rate"
E,0.7858
D,1.154
R,1.231
P,0.6035
I,0.6003
K,1.02
F,0.4265
S,0.6926
T,0.5819
E,0.9695
G,0.9946
A,0.7425
T,0.5045
S,1.566
Q,1.603
S,0.559
Y,0.1213
K,1.293
Q,1.868
F,0.3105
I,0.2874
E,1.813
A,1.017
L,0.3925
R,0.1033
E,1.978
R,1.052
L,0.3225
R,0.7995
G,1.277
G,1.17
L,1.68
I,0.4649
H,0.4105
D,0.8936
I,0.1841
P,0.4158
V,0.5184
L,0.219
P,1.068
D,0.9249
P,1.339
T,1.235
T,0.8357
L,0.8008
Q,0.8603
E,1.264
R,0.9626
N,1.022
R,0.408
Y,0.5871
I,1.343
T,0.9772
V,0.4494
E,1.165
L,0.3627
S,0.6539
N,0.4438
S,0.3265
D,1.125
T,0.9108
E,0.9513
S,0.8072
I,0.3612
E,0.41
V,0.6027
G,0.2408
I,0.5293
D,0.3299
V,0.2899
T,0.6462
N,0.1794
A,0.398
Y,0.1931
V,0.3128
V,0.2181
A,0.3502
Y,0.138
R,0.6779
A,0.4535
G,0.7875
T,1.176
Q,0.9298
S,0.3172
Y,0.4379
F,0.3284
L,0.6066
R,1.054
D,0.4142
A,0.7651
P,0.7697
S,1.319
S,1.422
A,0.2828
S,1.325
D,0.8134
Y,1.181
L,0.2885
F,0.1643
T,1.069
G,0.7008
T,0.5049
D,1.002
Q,1.039
H,1.108
S,0.6445
L,0.1889
P,1.286
F,0.3489
Y,0.963
G,0.4633
T,0.4029
Y,0.1142
G,1.139
D,0.9755
L,0.2509
E,0.5506
R,1.087
W,1.907
A,0.2487
H,0.9116
Q,1.15
S,1.406
R,0.1128
Q,0.5741
Q,0.8274
I,0.3216
P,1.017
L,0.128
G,0.1683
L,0.8734
Q,1.65
A,0.7667
L,0.1282
T,0.8074
H,0.9075
G,0.351
I,0.1559
S,0.7032
F,0.8414
F,0.3136
R,0.9384
S,0.9507
G,0.8299
G,0.5669
N,1.049
D,0.9033
N,1.164
E,1.381
E,0.9807
K,0.5127
A,0.1944
R,0.7976
T,0.2687
L,0.4868
I,0.2829
V,0.2747
I,0.4454
I,0.09384
Q,0.09391
M,0.1576
V,0.3987
A,0.2597
E,0.09754
A,0.108
A,0.1912
R,0.1087
F,0.3884
R,0.5737
Y,0.7874
I,0.1082
S,0.4241
N,1.101
R,1.065
V,0.3688
R,1.407
V,1.393
S,0.9133
I,0.7478
Q,2.217
T,1.733
G,1.839
T,1.813
A,1.168
F,0.9616
Q,1.895
P,0.2582
D,0.5966
A,1.71
A,0.549
M,0.6116
I,0.5126
S,0.3472
L,0.2272
E,0.189
N,0.2209
N,0.5333
W,0.3593
D,0.8433
N,1.243
L,0.5543
S,0.09559
R,1.248
G,0.5209
V,0.3278
Q,0.3627
E,1.346
S,0.3005
V,1.289
Q,1.165
D,0.6846
T,1.578
F,0.4028
P,1.656
N,1.06
Q,0.6048
V,0.4417
T,1.183
L,0.316
T,1.242
N,1.153
I,1.666
R,1.272
N,1.124
E,1.84
P,0.9173
V,1.692
I,2.052
V,0.3347
D,0.8476
S,0.5628
L,0.267
S,1.588
H,0.6438
P,1.002
T,0.7286
V,0.2832
A,0.9433
V,0.8923
L,0.5004
A,0.5885
L,0.3682
M,0.2669
L,0.413
F,0.9616
V,1.927
C,1.692
N,1.007
P,1.072
P,1.279
N,1.904
