"pdb_aa","rate"
S,2.736
V,2.767
L,4.644
L,4.7
Q,2.7
M,2.675
T,2.691
Q,0.6567
R,0.4098
L,0.5956
A,2.564
L,0.6428
S,0.6217
D,1.539
A,1.405
H,0.3135
F,0.08879
R,1.871
R,0.8001
I,0.5172
C,0.6114
Q,2.167
L,0.855
I,0.2025
Y,0.8108
Q,1.437
R,0.805
A,0.1834
G,0.009445
I,0.01598
V,0.5108
L,0.1053
A,0.6249
D,1.093
H,0.6118
K,0.02429
R,0.717
D,0.5755
M,0.1453
V,0.1383
Y,0.1845
N,0.1434
R,0.02111
L,0.1562
V,0.4825
R,0.2108
R,0.03768
L,0.3897
R,0.04503
A,1.174
L,0.8336
G,1.202
L,1.197
D,2.702
D,0.7533
F,0.09977
G,2.023
R,2.161
Y,0.02068
L,0.4723
S,1.584
M,2.588
L,0.3431
E,0.7596
A,2.052
N,2.032
Q,2.143
N,1.507
S,1.545
A,2.7
E,0.02317
W,0.9626
Q,0.4701
A,1.201
F,0.151
I,0.5118
N,0.03653
A,0.2527
L,0.2081
T,0.01462
T,0.008184
N,0.008553
L,0.155
T,0.008178
A,0.3801
F,0.009539
F,0.07351
R,0.007025
E,0.00734
A,1.244
H,0.08165
H,0.006703
F,0.04816
P,1.016
I,1.204
L,0.1347
A,0.7781
E,1.954
H,0.9837
A,0.8146
R,1.321
R,1.992
R,1.881
H,2.034
G,1.982
E,0.9645
Y,1.234
R,0.7555
V,0.54
W,0.01737
S,0.1519
A,0.383
A,0.06068
A,0.2951
S,0.01282
T,0.1426
G,0.00942
E,0.02326
E,0.00734
P,0.2378
Y,0.194
S,0.1067
I,0.4731
A,0.06736
I,0.4251
T,0.3159
L,0.6161
A,1.517
D,0.6553
A,1.102
L,1.08
G,0.9641
M,1.772
A,2.036
P,1.947
G,1.513
R,1.068
W,0.745
K,1.107
V,0.3433
F,1.133
A,0.08657
S,0.134
D,0.006964
I,0.2418
D,0.05181
T,0.1367
E,0.9319
V,0.1091
L,0.1791
E,1.45
K,0.7693
A,0.1623
R,1.872
S,1.926
G,0.0972
I,0.7661
Y,0.02063
R,1.513
L,2.442
S,1.068
E,0.5942
L,0.9068
K,1.502
T,1.25
L,0.748
S,0.9516
P,2.701
Q,2.007
Q,0.9754
L,1.193
Q,1.154
R,0.7724
Y,0.7987
F,0.2245
M,1.099
R,0.715
G,0.2158
T,1.109
G,0.4672
P,1.886
H,1.035
E,1.902
G,0.2165
L,2.649
V,0.6235
R,0.6723
V,0.3994
R,0.7573
Q,1.077
E,0.8052
L,0.3927
A,0.8039
N,1.927
Y,1.125
V,0.5043
E,1.474
F,0.2319
S,1.202
S,1.113
V,0.5461
N,0.006411
L,0.0185
L,0.5011
E,1.176
K,2.047
Q,2.48
Y,0.5066
N,1.192
V,1.062
P,1.398
G,0.9014
P,1.372
F,0.4583
D,0.1451
A,0.5906
I,0.1061
F,0.03448
C,0.0387
R,0.007025
N,0.006411
V,0.06754
M,0.1707
I,0.006425
Y,0.009914
F,0.009539
D,0.07022
K,0.5528
T,1.554
T,0.05631
Q,0.0639
E,1.355
D,1.821
I,0.3573
L,0.3036
R,1.62
R,0.392
F,0.4591
V,0.5996
P,1.073
L,1.041
L,0.5033
K,1.08
P,1.166
D,1.247
G,0.2083
L,0.7713
L,0.1711
F,0.4825
A,0.3413
G,0.0189
H,0.006703
S,0.0229
E,0.00734
N,0.2066
F,0.3331
S,1.002
N,0.7811
L,0.8247
V,0.9121
R,1.03
E,1.245
F,0.3774
S,1.284
L,0.5486
R,0.8007
G,0.2128
Q,0.4928
T,0.03917
V,0.2881
Y,0.06313
A,1.024
L,0.5836
S,1.539
