"pdb_aa","rate"
R,1.173
T,1.718
T,0.5904
R,0.9421
D,0.3678
D,0.6571
L,0.495
I,1.271
N,1.777
G,0.3994
N,1.676
S,0.6199
A,1.519
S,1.529
C,0.03537
R,0.9267
D,1.407
V,0.7315
I,0.3706
F,0.7484
I,0.4397
Y,0.5903
A,0.03439
R,0.03962
G,0.1595
S,0.125
T,0.757
E,0.1185
T,2.813
G,0.3777
N,0.1922
L,0.3999
G,0.03392
T,1.189
L,0.6258
G,0.0487
P,0.2417
S,1.204
I,0.902
A,0.7544
S,1.634
N,1.147
L,0.457
E,1.274
S,2.355
A,2.312
F,1.279
G,0.4279
K,1.54
D,2.227
G,1.361
V,0.5975
W,0.4703
I,0.4132
Q,0.2893
G,0.04761
V,0.1681
G,0.2858
G,0.5677
A,1.228
Y,0.03444
R,1.364
A,0.03268
T,1.602
L,1.055
G,1.534
D,0.5439
N,0.1848
A,1.221
L,1.105
P,0.5672
R,1.632
G,0.1963
T,0.2626
S,0.5304
S,1.752
A,1.836
A,0.3468
I,0.246
R,2.275
E,0.9099
M,0.2368
L,0.9323
G,1.716
L,0.877
F,0.7061
Q,1.624
Q,1.398
A,0.3861
N,0.9725
T,1.277
K,1.056
C,0.04103
P,0.1253
D,1.224
A,0.4419
T,1.011
L,0.776
I,0.3311
A,0.6446
G,0.3612
G,0.03813
Y,0.1419
S,0.03195
Q,0.03268
G,0.03398
A,0.2885
A,0.1183
L,0.4601
A,0.5159
A,0.2016
A,0.5644
S,0.385
I,0.5343
E,1.358
D,1.494
L,0.6896
D,1.124
S,1.22
A,1.489
I,0.9485
R,1.123
D,1.502
K,0.9812
I,0.4347
A,0.8703
G,0.3268
T,0.5152
V,0.3157
L,0.4515
F,0.1932
G,0.03791
Y,0.1208
T,0.03276
K,1.097
N,0.5609
L,1.48
Q,0.7833
N,0.8367
R,1.808
G,0.9891
R,1.212
I,0.4307
P,1.141
N,0.9478
Y,0.8886
P,0.6073
A,1.508
D,1.486
R,0.9265
T,0.6161
K,1.126
V,0.7015
F,0.8467
C,0.03506
N,0.7582
T,2.976
G,0.613
D,0.03265
L,1.307
V,0.1375
C,0.03506
T,2.337
G,0.2726
S,0.7614
L,1.004
I,1.356
V,0.6683
A,0.9356
A,1.282
P,0.6646
H,0.03206
L,0.8479
A,0.9537
Y,0.03444
G,1.717
P,2.372
D,0.8279
A,0.4545
R,1.449
G,2.433
P,1.696
A,0.1119
P,0.3153
E,2.74
F,0.2507
L,0.5255
I,1.588
E,1.658
K,1.575
V,0.7964
R,2.351
A,1.564
V,0.9843
R,3.114
G,2.275
S,1.983
