"pdb_aa","rate"
R,0.4301
T,1.238
T,-0.4326
R,0.08829
D,-0.7623
D,-0.3337
L,-0.5739
I,0.5756
N,1.325
G,-0.7154
N,1.175
S,-0.3889
A,0.9431
S,0.9575
C,-1.255
R,0.06547
D,0.777
V,-0.2236
I,-0.7581
F,-0.1985
I,-0.6558
Y,-0.4327
A,-1.256
R,-1.248
G,-1.071
S,-1.122
T,-0.1858
E,-1.131
T,2.859
G,-0.7476
N,-1.022
L,-0.7147
G,-1.257
T,0.4545
L,-0.3802
G,-1.235
P,-0.949
S,0.4763
I,0.02891
A,-0.1897
S,1.112
N,0.3916
L,-0.6301
E,0.5794
S,2.181
A,2.117
F,0.5872
G,-0.6733
K,0.9745
D,1.992
G,0.7093
V,-0.4221
W,-0.6105
I,-0.6949
Q,-0.8784
G,-1.236
V,-1.058
G,-0.8837
G,-0.4662
A,0.5114
Y,-1.256
R,0.7136
A,-1.259
T,1.066
L,0.2555
G,0.9649
D,-0.5014
N,-1.033
A,0.5014
L,0.3295
P,-0.4669
R,1.11
G,-1.016
T,-0.9181
S,-0.5215
S,1.287
A,1.413
A,-0.7933
I,-0.9426
R,2.063
E,0.0406
M,-0.9562
L,0.0738
G,1.234
L,-0.008066
F,-0.2612
Q,1.097
Q,0.7642
A,-0.7351
N,0.1333
T,0.585
K,0.2564
C,-1.246
P,-1.121
D,0.5052
A,-0.6525
T,0.19
L,-0.1577
I,-0.8166
A,-0.3522
G,-0.7721
G,-1.25
Y,-1.097
S,-1.26
Q,-1.259
G,-1.257
A,-0.8796
A,-1.132
L,-0.6255
A,-0.5429
A,-1.008
A,-0.4711
S,-0.7368
I,-0.5156
E,0.7049
D,0.9056
L,-0.2857
D,0.358
S,0.4993
A,0.8979
I,0.09774
R,0.3564
D,0.9175
K,0.1463
I,-0.6631
A,-0.01804
G,-0.8229
T,-0.544
V,-0.8394
L,-0.6382
F,-1.021
G,-1.251
Y,-1.128
T,-1.258
K,0.3177
N,-0.4762
L,0.8856
Q,-0.1469
N,-0.06779
R,1.371
G,0.158
R,0.4883
I,-0.669
P,0.3827
N,0.09675
Y,0.00901
P,-0.4076
A,0.9267
D,0.8937
R,0.06522
T,-0.3945
K,0.3609
V,-0.268
F,-0.05296
C,-1.255
N,-0.1841
T,3.101
G,-0.3991
D,-1.259
L,0.6295
V,-1.103
C,-1.255
T,2.154
G,-0.9032
S,-0.1793
L,0.1807
I,0.7016
V,-0.3172
A,0.07875
A,0.5919
P,-0.3227
H,-1.259
L,-0.05116
A,0.1055
Y,-1.256
G,1.235
P,2.206
D,-0.08075
A,-0.6338
R,0.8392
G,2.297
P,1.206
A,-1.141
P,-0.8401
E,2.751
F,-0.9356
L,-0.5288
I,1.045
E,1.148
K,1.025
V,-0.1275
R,2.174
A,1.009
V,0.1509
R,3.305
G,2.062
S,1.629
