"pdb_aa","rate"
W,0.1134
G,0.1118
A,1.053
L,0.9112
G,0.08228
H,0.03207
A,0.9318
T,0.4784
V,0.4425
A,0.1515
Y,0.8723
V,0.5401
A,0.03428
Q,0.5315
H,1.277
Y,0.6149
V,0.2524
S,0.8027
P,1.069
E,1.472
A,0.1921
A,1.055
S,1.263
W,0.9404
A,0.3872
Q,0.9989
G,1.92
I,0.412
L,0.1507
G,0.9043
S,1.012
S,1.192
S,0.7985
S,1.106
S,0.7135
Y,0.2145
L,0.2143
A,0.3259
S,0.7452
I,0.4372
A,0.1294
S,0.5166
W,0.1354
A,0.1839
D,0.03202
E,1.125
Y,0.8181
R,0.6537
L,1.059
T,0.7825
S,1.445
A,1.176
G,0.6583
K,1.354
W,0.6781
S,0.2693
A,0.8686
S,1.442
L,0.599
H,0.03207
F,0.6461
I,0.3129
D,0.1553
A,0.1887
E,1.28
D,0.1883
N,0.8169
P,0.3236
P,0.5063
T,2.142
N,1.499
C,0.1151
N,1.1
V,0.3139
D,1.251
Y,1.364
E,1.756
R,0.2212
D,0.03278
C,0.05727
G,0.9081
S,1.534
S,1.8
G,0.7291
C,0.04079
S,0.3337
I,0.3467
S,0.499
A,0.1543
I,0.1978
A,0.8744
N,0.1918
Y,0.3323
T,0.1084
Q,1.299
R,0.4226
V,0.4105
S,1.398
D,0.7044
S,1.634
S,1.321
L,0.867
S,1.279
S,1.774
E,1.458
N,0.9968
H,0.4494
A,0.7409
E,0.6293
A,0.09172
L,0.2114
R,0.3192
F,0.1926
L,0.5123
V,0.4279
H,0.04341
F,0.3137
I,0.9371
G,0.04793
D,0.03195
M,0.4528
T,0.1789
Q,0.03274
P,0.0322
L,0.1699
H,0.03196
D,0.3395
E,0.2423
A,0.9729
Y,1.086
A,0.5706
V,1.075
G,0.03243
G,0.1334
N,0.03608
K,1.266
I,0.3179
N,1.599
V,0.198
T,1.253
F,0.4669
D,1.266
G,0.7834
Y,1.445
H,1.485
D,0.6705
N,0.1581
L,0.0802
H,0.03206
S,0.5247
D,0.312
W,0.07944
D,0.03447
T,0.5937
Y,0.9967
M,0.3111
P,0.5183
Q,0.8974
K,0.7473
L,0.8144
I,0.8216
G,0.6772
G,1.168
H,1.368
A,0.7414
L,1.675
S,2.279
D,1.185
A,0.5119
E,1.602
S,1.629
W,1.028
A,0.347
K,1.55
T,1.46
L,0.5743
V,1.116
Q,2.306
N,0.9178
I,0.4867
E,1.804
S,1.142
G,0.6928
N,2.084
Y,0.7135
T,0.953
A,1.041
Q,1.558
A,1.042
I,1.56
G,1.68
W,0.3322
I,1.243
K,1.452
G,1.071
D,1.205
N,1.083
I,1.164
S,1.644
E,0.7921
P,1.269
I,1.364
T,1.465
T,0.3177
A,0.3974
T,0.7997
R,1.715
W,0.1662
A,0.04547
S,1.237
D,0.3308
A,0.3773
N,0.1971
A,1.462
L,1.279
V,0.2593
C,0.3302
T,0.9866
V,0.8868
V,0.07555
M,0.6339
P,0.9696
H,1.744
G,0.8107
A,1.245
A,2.334
A,0.8733
L,0.5619
Q,1.112
T,1.912
G,1.254
D,0.5676
L,0.3256
Y,0.9987
P,0.8508
T,1.489
Y,0.03269
Y,0.612
D,1.754
S,1.12
V,0.3788
I,0.9727
D,0.4082
T,0.6763
I,0.347
E,0.6139
L,1.554
Q,0.2931
I,0.4609
A,0.1883
K,0.5525
G,0.39
G,0.1405
Y,0.7614
R,0.1075
L,0.1402
A,0.1507
N,0.706
W,0.6679
I,0.1475
N,0.1348
E,1.118
I,0.5254
H,0.568
