"pdb_aa","rate"
M,0.1833
K,0.3328
F,0.6741
V,0.4305
S,0.1153
F,0.06737
N,0.007149
I,0.1676
N,0.007149
G,0.09585
L,0.47
R,0.1155
A,0.2564
R,0.07007
P,0.9428
H,0.3976
Q,0.2106
L,0.2532
E,1.286
A,0.5915
I,1.037
V,0.4507
E,1.926
K,1.8
H,0.6709
Q,1.368
P,0.1095
D,0.1777
V,0.5516
I,0.2574
G,0.288
L,0.2208
Q,0.008056
E,0.00863
T,0.2293
K,0.008923
V,0.1664
H,0.8246
D,0.1407
D,1.147
M,1.268
F,0.04389
P,0.02231
L,1.955
E,1.713
E,1.617
V,0.5762
A,1.305
K,1.382
L,0.7263
G,0.06113
Y,0.1204
N,0.8037
V,0.5375
F,1.358
Y,1.277
H,0.5627
G,0.01153
Q,0.05898
K,0.01786
G,0.5314
H,0.1179
Y,0.06115
G,0.01153
V,0.007268
A,0.02288
L,0.6693
L,0.4668
T,0.3517
K,0.6332
E,2.142
T,2.294
P,0.6903
I,2.057
A,1.957
V,0.6969
R,1.746
R,1.017
G,0.1291
F,0.7567
P,0.9376
G,1.549
D,0.2661
D,2.386
E,1.647
E,0.8995
A,0.5926
Q,0.1476
R,0.5413
R,0.008152
I,0.701
I,0.1131
M,0.955
A,0.7018
E,0.8618
I,1.376
P,2.053
S,1.346
L,2.707
L,1.987
G,1.024
N,2.544
V,1.444
T,0.464
V,0.2957
I,0.9579
N,0.1048
G,0.3081
Y,0.0122
F,0.2623
P,0.02205
Q,0.04495
G,0.01153
E,0.2047
S,0.4681
R,0.7426
D,2.289
H,0.2186
P,0.7233
I,1.226
K,0.05934
F,0.5131
P,0.3977
A,0.4625
K,0.008923
A,1.485
Q,1.471
F,0.2031
Y,0.2317
Q,1.515
N,0.3171
L,0.1393
Q,1.302
N,2.703
Y,1.137
L,0.2798
E,2.19
T,4.518
E,2.102
L,1.25
K,2.556
R,1.689
D,1.883
N,1.492
P,1.727
V,1.351
L,1.119
I,0.6054
M,0.304
G,0.01153
D,0.008058
M,0.5483
N,0.007145
I,0.1812
S,0.1378
P,0.4742
T,1.502
D,0.1592
L,1.968
D,0.008058
I,0.1708
G,0.01497
I,0.05407
G,0.2165
E,0.9795
E,2.638
N,0.3563
R,0.6141
K,0.4353
R,0.3431
W,0.2092
L,0.1184
R,0.7186
T,0.8901
G,0.4671
K,0.2015
C,0.2935
S,0.1848
F,0.1489
L,0.3708
P,0.197
E,0.5415
E,0.1447
R,0.05907
E,0.9828
W,0.5694
M,0.7813
D,2.136
R,1.577
L,0.4226
M,2.089
S,1.925
W,0.6752
G,0.1113
L,0.7732
V,1.493
D,0.09026
T,0.3856
F,1.012
R,0.06009
H,2.401
A,1.849
N,1.141
P,0.3261
Q,2.63
T,2.561
A,2.012
D,1.451
R,2.048
F,0.9743
S,0.0804
W,0.1109
F,0.0687
D,0.01481
Y,0.02741
R,0.08293
S,0.156
K,0.8791
G,0.294
F,0.1385
D,1.03
D,0.4865
N,0.5035
R,0.3885
G,0.02536
L,0.1152
R,0.01515
I,0.0117
D,0.01487
L,0.3578
L,0.7163
L,0.4962
A,0.3739
S,0.3431
Q,2.701
P,1.641
L,0.2284
A,1.322
E,2.7
C,1.814
C,1.182
V,2.707
E,1.841
T,0.9711
G,0.9279
I,0.2833
D,0.2797
Y,0.409
E,1.935
I,0.6133
R,0.01517
S,1.276
M,0.3751
E,0.539
K,0.2028
P,0.1422
S,0.009954
D,0.01493
H,0.02493
A,0.2037
P,0.02278
V,0.41
W,0.7059
A,0.7669
T,2.024
F,0.6621
R,2.738
R,2.71
