"pdb_aa","rate"
G,0.825
K,0.9577
S,2.322
Y,0.4332
P,0.6396
T,1.265
V,0.1927
S,0.3443
P,0.9669
D,0.8467
Y,0.2441
Q,1.706
K,0.8422
A,0.6236
I,0.5654
E,1.149
K,0.6084
A,0.403
K,0.4452
R,0.7219
K,0.6011
L,0.2174
R,0.4586
G,0.7883
F,0.7956
I,0.273
A,0.7128
E,0.6347
K,0.3466
K,0.7854
C,0.4321
A,0.2154
P,0.05366
L,0.4805
I,0.4493
L,0.2748
R,0.06693
L,0.4467
A,0.187
W,0.1682
H,0.03538
S,0.1785
A,0.1168
G,0.1544
T,0.09465
F,0.5551
D,0.2001
S,0.8444
K,1.923
T,0.6168
K,0.8028
T,0.2303
G,0.08594
G,0.04245
P,0.262
F,0.2465
G,0.1771
T,0.1133
I,0.248
K,0.2038
H,1.271
Q,1.573
A,1.371
E,0.0347
L,1.215
A,1.134
H,0.1239
G,1.456
A,0.2311
N,0.03212
N,0.7758
G,0.03548
L,0.3293
D,0.7118
I,0.3946
A,0.05069
V,0.8023
R,0.9051
L,0.6486
L,0.2876
E,0.3678
P,0.6324
I,0.358
K,0.1289
E,1.155
Q,0.5303
F,0.735
P,0.2995
I,1.159
V,0.378
S,0.3405
Y,0.3346
A,0.1087
D,0.03249
F,0.2442
Y,0.3316
Q,0.1001
L,0.1988
A,0.03824
G,0.09645
V,0.224
V,0.2083
A,0.1189
V,0.1687
E,0.1798
I,0.7134
T,0.1241
G,0.08767
G,0.03546
P,0.03923
E,0.8975
V,0.4777
P,0.9082
F,0.1601
H,0.3902
P,0.466
G,0.0427
R,0.03756
E,0.9789
D,0.03731
K,0.3546
P,1.742
E,1.574
P,0.5758
P,0.4604
P,1.038
E,0.2925
G,0.08805
R,0.159
L,0.08147
P,0.0523
D,0.458
A,0.1145
T,0.7343
K,1.176
G,0.281
S,1.1
D,0.8859
H,0.08146
L,0.1491
R,0.1935
D,1.079
V,0.451
F,0.06251
G,1.07
K,0.4792
A,0.8787
M,0.05369
G,0.09112
L,0.1328
S,0.6107
D,0.08867
Q,0.6933
D,0.179
I,0.04903
V,0.03891
A,0.2322
L,0.05775
S,0.07654
G,0.04299
G,0.5399
H,0.03313
T,0.1776
I,0.1984
G,0.06222
A,0.4935
A,0.3041
H,0.1784
K,0.8126
E,0.6544
R,0.05031
S,0.09129
G,0.2065
F,0.3515
E,0.8005
G,0.155
P,0.6465
W,0.2216
T,0.09896
S,2.346
N,0.6949
P,0.2871
L,0.5011
I,0.6205
F,0.1466
D,0.1266
N,0.1464
S,0.2836
Y,0.2988
F,0.4277
T,1.103
E,0.5145
L,0.2684
L,0.4984
T,1.121
G,0.6444
E,1.019
K,0.622
D,1.073
G,0.9002
L,0.2042
L,0.3175
Q,0.6046
L,0.1544
P,0.4425
S,0.4166
D,0.03413
K,0.605
A,0.5365
L,0.1372
L,0.8653
T,1.682
D,0.2008
S,0.6618
V,1.859
F,0.3406
R,0.5298
P,2.087
L,1.224
V,0.1145
E,0.8086
K,0.6815
Y,0.1749
A,0.1499
A,0.7948
D,0.1102
E,0.3858
D,0.6865
V,0.5586
F,0.09065
F,0.269
A,1.111
D,0.2059
Y,0.1792
A,0.4921
E,1.304
A,0.281
H,0.1461
L,0.7645
K,0.3368
L,0.2452
S,0.1725
E,0.1742
L,0.2117
G,0.09129
F,0.6256
A,1.07
E,1.406
A,1.096
