"pdb_aa","rate"
A,2.714
N,1.979
I,1.22
R,0.8711
V,0.7121
A,0.2414
I,0.7814
A,0.799
G,0.03242
A,0.3874
G,0.6613
G,0.01136
R,0.007382
M,0.00643
G,0.01129
R,0.5266
Q,1.142
L,0.1591
I,0.5418
Q,0.6772
A,0.279
A,1.184
L,5.223
A,2.644
L,2.026
E,2.85
G,2.02
V,1.268
Q,5.219
L,0.3539
G,1.517
A,0.4081
A,0.148
L,1.198
E,0.5675
R,0.8148
E,2.3
G,1.912
S,0.2431
S,0.9213
L,1.087
L,1.977
G,0.1654
S,1.71
D,0.06207
A,0.3758
G,0.3337
E,0.5628
L,0.8755
A,0.6302
G,0.3023
A,2.031
G,0.4844
K,2.85
T,2.291
G,0.9175
V,0.7525
T,5.226
V,1.423
Q,2.044
S,2.015
S,1.369
L,1.293
D,2.85
A,2.849
V,1.184
K,2.757
D,1.991
D,2.821
F,0.7881
D,0.2361
V,0.75
F,0.7211
I,0.2004
D,0.03391
F,0.01146
T,0.05881
R,0.7131
P,0.09547
E,1.304
G,1.169
T,0.1704
L,1.253
N,2.687
H,0.5566
L,1.097
A,2.032
F,2.138
C,0.1315
R,1.594
Q,2.833
H,1.676
G,2.07
K,0.4229
G,1.907
M,1.179
V,0.4419
I,0.2142
G,0.01129
T,0.005752
T,0.005752
G,0.01129
F,0.5884
D,1.179
E,2.086
A,2.036
G,0.723
K,0.592
Q,1.568
A,2.617
I,0.3703
R,2.851
D,2.85
A,0.7231
A,1.097
A,2.85
D,2.85
I,1.085
A,1.588
I,0.9117
V,0.2419
F,0.817
A,0.07478
A,0.5075
N,0.005976
F,0.5386
S,0.05465
V,0.1936
G,0.01129
V,0.05206
N,0.07309
V,0.5295
M,0.8075
L,0.9935
K,0.5019
L,0.1147
L,0.1795
E,0.7396
K,1.318
A,0.2781
A,0.1216
K,1.267
V,0.3929
M,0.3837
G,0.6849
D,0.9398
Y,0.9608
T,0.766
D,0.007211
I,0.2629
E,0.007923
I,0.4195
I,0.8906
E,0.02208
A,0.2155
H,0.006671
H,0.006671
R,0.07649
H,0.3796
K,0.008279
V,0.2464
D,0.007211
A,0.1092
P,0.01011
S,0.005344
G,0.03218
T,0.005752
A,0.006121
L,0.3645
A,0.5265
M,0.1688
G,0.03216
E,0.2141
A,0.4689
I,0.3416
A,0.006121
H,2.847
A,0.5341
L,0.5726
D,0.8218
K,0.184
D,0.8746
L,0.03129
K,1.968
D,2.023
C,0.755
A,0.07719
V,0.2579
Y,0.2719
S,0.8409
R,0.007332
E,0.4504
G,0.0807
H,1.061
T,0.2648
G,0.1439
E,0.4606
R,0.02032
V,1.738
P,1.231
G,1.994
T,0.4097
I,0.006009
G,0.03223
F,0.01146
A,0.5065
T,0.1257
V,0.6527
R,0.007332
A,0.2507
G,0.09756
D,0.03384
I,0.4569
V,0.217
G,0.01129
E,0.2798
H,0.006671
T,0.158
A,0.2179
M,0.8713
F,0.01146
A,0.2318
D,0.5946
I,1.281
G,0.03218
E,0.007923
R,0.03447
L,0.6022
E,0.007923
I,0.1679
T,0.4779
H,0.01843
K,0.08726
A,0.08498
S,0.2451
S,0.1577
R,0.007332
M,0.4736
T,0.1978
F,0.07836
A,0.06359
N,1.175
G,0.01129
A,0.08464
V,0.5006
R,0.2526
S,0.1444
A,0.4078
L,2.85
W,0.2107
L,0.9918
S,2.842
G,5.226
K,2.011
E,5.226
S,2.85
G,0.2738
L,0.7735
F,1.201
D,0.325
M,0.006459
R,0.5642
D,0.1905
V,0.01683
L,0.03143
D,1.53
L,0.2066
N,1.548
N,2.836
L,2.174
