"pdb_aa","rate"
A,0.2939
A,0.3697
I,0.4323
L,0.8825
G,1.021
D,1.262
E,0.6913
Y,0.979
L,0.6269
W,0.1006
S,0.5425
G,0.7294
G,0.3259
V,1.037
I,0.3385
P,0.1713
Y,0.2091
T,0.8478
F,0.3958
A,0.5975
G,0.8467
V,0.8372
S,0.9824
G,1.634
A,1.56
D,0.9208
Q,0.8908
S,1.156
A,1.401
I,0.1948
L,1.296
S,2.173
G,0.1665
M,0.3174
Q,1.222
E,0.7244
L,0.4373
E,0.6757
E,1.281
K,1.268
T,0.04882
C,0.03802
I,0.2948
R,0.2642
F,0.09376
V,0.385
P,0.4821
R,0.1634
T,0.3897
T,0.6822
E,0.3618
S,1.335
D,0.2339
Y,0.4087
V,0.4006
E,1.176
I,0.3239
F,1.154
T,0.6087
S,0.9086
G,0.6196
S,0.7439
G,0.06504
C,0.05123
W,0.8051
S,0.03331
Y,1.108
V,0.2054
G,0.03616
R,0.4027
I,0.7117
S,0.305
G,0.3489
A,0.7425
Q,0.03422
Q,1.288
V,0.5209
S,0.06338
L,0.2411
Q,0.3332
A,0.7047
N,1.006
G,0.2712
C,0.03802
V,1.215
Y,1.197
H,1.077
G,0.3524
T,0.3859
I,0.5079
I,0.6156
H,0.03242
E,0.0331
L,0.2493
M,0.3343
H,0.03242
A,0.0932
I,0.5537
G,0.04435
F,0.06497
Y,1.018
H,0.03242
E,0.03555
H,0.2276
T,0.2688
R,0.0509
M,0.3695
D,0.09252
R,0.03273
D,0.03426
N,0.6659
Y,0.3555
V,0.232
T,0.6674
I,0.1041
N,0.7014
Y,0.8696
Q,0.8948
N,0.03219
V,0.1157
D,1.286
P,1.306
S,0.7145
M,1.245
T,1.096
S,1.009
N,0.1973
F,0.04629
D,1.241
I,0.2036
D,0.929
T,1.086
Y,0.9884
S,0.3856
R,0.3401
Y,0.3663
V,0.5756
G,0.3889
E,0.6609
D,0.7861
Y,0.07012
Q,0.1023
Y,0.361
Y,0.8598
S,0.0324
I,0.3334
M,0.06399
H,0.1157
Y,0.1137
G,0.3517
K,0.8158
Y,1.464
S,0.1864
F,0.09592
S,0.09927
I,0.5501
Q,0.2708
W,1.668
G,0.8764
V,2.856
L,1.021
E,0.6087
T,0.04242
I,0.1327
V,0.9843
P,0.2834
L,0.3135
Q,0.8251
N,0.6233
G,0.6291
I,1.171
D,1.046
L,0.7265
T,1.094
D,1.063
P,0.6891
Y,0.3927
D,0.4775
K,0.3221
A,1.557
H,0.8908
M,0.5741
L,0.1397
Q,2.086
T,0.7887
D,0.04735
A,0.4387
N,1.835
Q,0.2848
I,0.5416
N,0.3303
N,1.159
L,0.432
Y,0.1391
T,1.618
N,0.3005
E,1.242
C,1.381
S,2.97
L,2.789
