"pdb_aa","rate"
A,-0.6247
A,-0.4838
I,-0.3674
L,0.4695
G,0.7278
D,1.175
E,0.1141
Y,0.6489
L,-0.005714
W,-0.9839
S,-0.1626
G,0.1849
G,-0.5651
V,0.7569
I,-0.5417
P,-0.8525
Y,-0.7822
T,0.405
F,-0.4352
A,-0.06027
G,0.4028
V,0.3852
S,0.6552
G,1.867
A,1.73
D,0.5407
Q,0.4848
S,0.9774
A,1.434
I,-0.8089
L,1.239
S,2.869
G,-0.8615
M,-0.581
Q,1.101
E,0.1755
L,-0.3581
E,0.08502
E,1.21
K,1.185
T,-1.08
C,-1.1
I,-0.623
R,-0.6799
F,-0.9967
V,-0.4553
P,-0.2748
R,-0.8673
T,-0.4465
T,0.0972
E,-0.4985
S,1.311
D,-0.7363
Y,-0.4112
V,-0.4263
E,1.015
I,-0.5689
F,0.9738
T,-0.03942
S,0.518
G,-0.0192
S,0.2118
G,-1.05
C,-1.076
W,0.3257
S,-1.109
Y,0.888
V,-0.7892
G,-1.104
R,-0.4224
I,0.152
S,-0.6039
G,-0.5224
A,0.2093
Q,-1.107
Q,1.223
V,-0.2026
S,-1.053
L,-0.7228
Q,-0.5516
A,0.139
N,0.6986
G,-0.6669
C,-1.1
V,1.087
Y,1.054
H,0.8304
G,-0.5158
T,-0.4536
I,-0.2269
I,-0.0266
H,-1.111
E,-1.109
L,-0.7075
M,-0.5496
H,-1.111
A,-0.9977
I,-0.1417
G,-1.089
F,-1.05
Y,0.721
H,-1.111
E,-1.105
H,-0.7479
T,-0.6713
R,-1.076
M,-0.4842
D,-0.999
R,-1.11
D,-1.107
N,0.06685
Y,-0.5102
V,-0.7397
T,0.06955
I,-0.9775
N,0.1328
Y,0.4454
Q,0.4924
N,-1.111
V,-0.9559
D,1.22
P,1.257
S,0.1572
M,1.143
T,0.8666
S,0.7044
N,-0.8041
F,-1.085
D,1.137
I,-0.7925
D,0.5558
T,0.8468
Y,0.6663
S,-0.4542
R,-0.5389
Y,-0.4901
V,-0.101
G,-0.448
E,0.05751
D,0.2903
Y,-1.041
Q,-0.9808
Y,-0.4999
Y,0.4273
S,-1.111
I,-0.5511
M,-1.052
H,-0.9559
Y,-0.9596
G,-0.5171
K,0.3455
Y,1.55
S,-0.8244
F,-0.9927
S,-0.9864
I,-0.1484
Q,-0.6675
W,1.93
G,0.4582
V,4.137
L,0.7268
E,-0.03949
T,-1.092
I,-0.9242
V,0.6586
P,-0.6442
L,-0.5883
Q,0.3628
N,-0.01243
G,-0.001533
I,1.005
D,0.7731
L,0.1794
T,0.8626
D,0.8043
P,0.11
Y,-0.441
D,-0.2834
K,-0.5722
A,1.723
H,0.4848
M,-0.1038
L,-0.9113
Q,2.707
T,0.295
D,-1.083
A,-0.3556
N,2.24
Q,-0.6416
I,-0.1641
N,-0.557
N,0.983
L,-0.3679
Y,-0.9123
T,1.837
N,-0.6124
E,1.137
C,1.397
S,4.35
L,4.013
