"pdb_aa","rate"
M,0.01302
E,1.68
K,2.307
K,0.827
V,0.5574
L,0.08108
L,0.7938
T,0.05235
G,0.2307
F,0.06702
D,0.521
P,0.1373
F,0.01685
G,0.9064
G,0.6534
E,0.5118
T,2.578
V,0.8803
N,0.01278
P,0.01561
S,0.1739
W,1.181
E,0.2998
A,0.3431
V,0.3813
K,0.7971
R,2.342
L,0.6192
N,1.503
G,1.458
A,4.317
A,3.917
E,0.8547
G,2.586
P,1.654
A,0.8622
S,2.547
I,0.7932
V,1.178
S,0.7747
E,1.487
Q,0.8878
V,0.4031
P,0.1361
T,0.1598
V,0.4357
F,0.3257
Y,1.847
K,1.998
S,0.4472
L,1.483
A,2.58
V,1.918
L,0.558
R,2.575
E,2.577
A,0.934
I,0.7312
K,2.539
K,2.58
H,2.459
Q,1.974
P,0.07664
D,1.08
I,1.522
I,0.3215
I,0.7772
C,0.6949
V,0.7785
G,0.01668
Q,0.0974
A,0.04689
G,0.2226
G,0.02753
R,0.04343
M,1.852
Q,1.258
I,0.8742
T,0.4628
P,0.7617
E,0.01387
R,0.1239
V,0.438
A,0.1146
I,0.1759
N,0.01278
L,1.234
N,0.5375
E,0.0976
A,0.1512
R,0.1579
I,0.06835
P,1.359
D,0.02657
N,0.0541
E,1.357
G,0.3916
N,1.277
Q,0.2704
P,0.1753
V,0.9449
G,0.1538
E,1.935
D,1.557
I,0.5642
S,1.161
Q,2.452
G,1.554
G,0.3282
P,0.9372
A,0.9477
A,0.05511
Y,0.09001
W,0.187
T,0.741
G,0.7976
L,0.308
P,0.0416
I,0.4614
K,0.1003
R,0.2999
I,0.6911
V,0.4014
E,1.739
E,1.278
I,0.9302
K,1.119
K,2.593
E,1.058
G,0.8103
I,0.6958
P,0.1407
A,0.3875
A,0.8309
V,0.4242
S,0.01255
Y,0.4669
T,0.4502
A,0.01284
G,0.01668
T,0.03175
F,0.6319
V,0.07079
C,0.01819
N,0.01278
H,0.2545
L,0.5125
F,0.3201
Y,0.05076
G,0.6611
L,0.6886
M,0.5259
D,0.349
E,1.929
I,1.141
S,1.561
R,1.625
H,2.543
H,2.57
P,1.908
H,2.576
I,1.72
R,0.8044
G,0.5237
G,0.02749
F,0.04831
I,0.4701
H,0.0131
I,0.2156
P,0.01561
Y,1.394
I,0.7517
P,0.3466
E,0.8932
Q,0.02643
T,0.3144
L,1.296
Q,1.872
K,0.6531
S,1.713
A,1.156
P,0.3502
S,0.3159
L,0.2856
S,1.088
L,1.123
D,2.573
H,1.395
I,0.6212
T,1.05
K,1.926
A,0.7414
L,0.6095
K,1.356
I,1.758
A,0.6604
A,0.7875
V,2.51
T,0.8
A,0.9313
A,1.185
V,2.601
H,2.08
E,2.58
D,4.311
D,0.139
I,1.679
E,1.908
T,2.572
G,1.676
