"pdb_aa","rate"
M,-1.061
E,0.8516
K,1.57
K,-0.127
V,-0.4362
L,-0.9825
L,-0.1651
T,-1.015
G,-0.811
F,-0.9986
D,-0.478
P,-0.918
F,-1.056
G,-0.03597
G,-0.3262
E,-0.4885
T,1.881
V,-0.06593
N,-1.061
P,-1.058
S,-0.8761
W,0.2794
E,-0.7316
A,-0.682
V,-0.6383
K,-0.1613
R,1.61
L,-0.3654
N,0.6479
G,0.5961
A,3.875
A,3.417
E,-0.09524
G,1.89
P,0.8212
A,-0.08668
S,1.846
I,-0.1658
V,0.2759
S,-0.187
E,0.6298
Q,-0.05726
V,-0.6132
P,-0.9195
T,-0.8922
V,-0.5758
F,-0.7019
Y,1.043
K,1.216
S,-0.5626
L,0.6252
A,1.883
V,1.124
L,-0.4355
R,1.878
E,1.88
A,-0.004335
I,-0.2369
K,1.836
K,1.883
H,1.745
Q,1.188
P,-0.9876
D,0.1635
I,0.6704
I,-0.7068
I,-0.1841
C,-0.2785
V,-0.1827
G,-1.056
Q,-0.9638
A,-1.022
G,-0.8203
G,-1.044
R,-1.026
M,1.048
Q,0.3668
I,-0.07294
T,-0.5447
P,-0.2019
E,-1.06
R,-0.9334
V,-0.5732
A,-0.9441
I,-0.8737
N,-1.061
L,0.3396
N,-0.4591
E,-0.9636
A,-0.902
R,-0.8944
I,-0.9971
P,0.4828
D,-1.045
N,-1.013
E,0.4811
G,-0.6264
N,0.3892
Q,-0.7653
P,-0.8744
V,0.008139
G,-0.8991
E,1.144
D,0.7096
I,-0.4285
S,0.2557
Q,1.736
G,0.7068
G,-0.6991
P,-0.0006946
A,0.01135
A,-1.012
Y,-0.9723
W,-0.861
T,-0.2256
G,-0.1608
L,-0.7222
P,-1.028
I,-0.5464
K,-0.9605
R,-0.7316
I,-0.2829
V,-0.6152
E,0.9187
E,0.3901
I,-0.008638
K,0.2074
K,1.898
E,0.1382
G,-0.1462
I,-0.2775
P,-0.9142
A,-0.6311
A,-0.1226
V,-0.589
S,-1.061
Y,-0.54
T,-0.5591
A,-1.061
G,-1.056
T,-1.039
F,-0.3508
V,-0.9943
C,-1.055
N,-1.061
H,-0.7836
L,-0.4878
F,-0.7084
Y,-1.017
G,-0.3173
L,-0.2858
M,-0.4724
D,-0.6753
E,1.137
I,0.2335
S,0.7146
R,0.7882
H,1.841
H,1.871
P,1.112
H,1.878
I,0.8968
R,-0.1529
G,-0.4749
G,-1.044
F,-1.02
I,-0.5363
H,-1.06
I,-0.8282
P,-1.058
Y,0.5227
I,-0.2134
P,-0.678
E,-0.05108
Q,-1.045
T,-0.7149
L,0.4113
Q,1.071
K,-0.3264
S,0.8887
A,0.2501
P,-0.6739
S,-0.7132
L,-0.7479
S,0.1726
L,0.212
D,1.876
H,0.5248
I,-0.3631
T,0.1292
K,1.133
A,-0.2252
L,-0.3765
K,0.4801
I,0.9409
A,-0.3181
A,-0.1723
V,1.803
T,-0.158
A,-0.007423
A,0.2836
V,1.907
H,1.311
E,1.884
D,3.868
D,-0.9161
I,0.8503
E,1.113
T,1.874
G,0.847
