"pdb_aa","rate"
M,2.506
T,0.9267
E,2.53
P,2.03
L,0.8544
I,1.137
L,1.413
Q,1.079
P,0.705
A,2.55
K,2.55
P,2.531
A,0.6431
D,1.345
A,0.7259
C,0.8239
V,0.3927
I,0.2254
W,0.3453
L,0.3759
H,0.01658
G,0.0197
L,0.01942
G,0.0197
A,0.1043
D,0.3041
R,0.218
Y,0.9035
D,0.1031
F,0.08809
M,1.051
P,0.4468
V,0.7817
A,0.3438
E,0.8133
A,0.9912
L,0.2626
Q,1.785
E,0.8545
S,4.147
L,2.151
L,2.252
T,1.737
T,0.7547
R,0.1469
F,0.1446
V,0.8057
L,0.1914
P,0.01869
Q,0.2974
A,0.04557
P,0.3097
T,1.507
R,0.8787
P,0.6743
V,0.1729
T,0.07543
I,0.6306
N,0.01723
G,1.078
G,0.1051
Y,0.909
E,1.579
M,0.03308
P,0.2153
S,0.2642
W,0.032
Y,0.1287
D,0.01681
I,0.1298
K,1.686
A,1.096
M,1.147
S,0.9481
P,1.25
A,1.837
R,0.6884
S,1.106
I,0.554
S,0.2365
L,1.809
E,2.256
E,0.3707
L,0.3462
E,2.078
V,2.35
S,0.08615
A,0.8662
K,2.84
M,2.377
V,0.7165
T,2.068
D,1.989
L,0.2257
I,0.2995
E,1.606
A,1.504
Q,0.3175
K,1.213
R,1.728
T,1.151
G,0.0694
I,0.382
D,1.581
A,1.14
S,2.36
R,0.7781
I,0.2366
F,1.048
L,0.6362
A,0.1772
G,0.01969
F,0.01985
S,0.01621
Q,0.01681
G,0.01969
G,0.1033
A,0.07237
V,0.3628
V,0.3613
F,0.5148
H,0.9446
T,0.713
A,0.4469
F,1.486
I,0.6668
N,0.6409
W,1.407
Q,2.432
G,2.511
P,1.911
L,0.1543
G,0.4191
G,0.06807
V,0.6164
I,1.084
A,0.4155
L,0.3713
S,0.01621
T,0.208
Y,0.09184
A,0.5821
P,0.2659
T,0.8056
F,1.336
G,2.527
D,2.077
E,1.694
L,2.245
E,2.017
L,2.516
S,1.861
A,2.537
S,1.143
Q,0.4965
Q,2.262
R,4.117
I,0.9478
P,0.4318
A,0.7336
L,1.123
C,0.8827
L,0.8328
H,0.01658
G,0.01969
Q,2.146
Y,2.533
D,0.01681
D,1.489
V,0.3585
V,0.2082
Q,1.37
N,2.513
A,2.613
M,0.9165
G,0.3642
R,2.248
S,2.393
A,0.3524
F,2.297
E,2.44
H,4.171
L,0.4463
K,3.121
S,4.071
R,2.526
G,0.6591
V,1.355
T,4.163
V,1.003
T,2.433
W,0.6479
Q,1.183
E,1.654
Y,0.2275
P,1.422
M,0.06817
G,1.333
H,0.01658
E,0.7717
V,0.2105
L,0.7785
P,2.5
Q,1.407
E,0.3302
I,0.6283
H,4.171
D,0.9444
I,0.2007
G,1.18
A,4.124
W,0.9164
L,0.6361
A,2.535
A,4.171
R,1.674
L,0.741
G,4.066
