"pdb_aa","rate"
M,1.363
T,-0.1778
E,1.386
P,0.8989
L,-0.2482
I,0.02706
L,0.2962
Q,-0.02889
P,-0.394
A,1.406
K,1.406
P,1.387
A,-0.4544
D,0.2307
A,-0.3736
C,-0.2781
V,-0.6987
I,-0.8619
W,-0.7449
L,-0.7151
H,-1.066
G,-1.063
L,-1.063
G,-1.063
A,-0.9801
D,-0.7851
R,-0.8691
Y,-0.2004
D,-0.9812
F,-0.9958
M,-0.05652
P,-0.6459
V,-0.3192
A,-0.7464
E,-0.2884
A,-0.1148
L,-0.8256
Q,0.6596
E,-0.2482
S,2.964
L,1.017
L,1.115
T,0.6128
T,-0.3456
R,-0.9385
F,-0.9407
V,-0.2958
L,-0.895
P,-1.064
Q,-0.7916
A,-1.037
P,-0.7796
T,0.3886
R,-0.2245
P,-0.424
V,-0.9131
T,-1.008
I,-0.4666
N,-1.065
G,-0.03062
G,-0.9792
Y,-0.195
E,0.4588
M,-1.049
P,-0.8717
S,-0.824
W,-1.051
Y,-0.9563
D,-1.065
I,-0.9551
K,0.5633
A,-0.01287
M,0.03711
S,-0.1569
P,0.1376
A,0.71
R,-0.4102
S,-0.002514
I,-0.5413
S,-0.851
L,0.6826
E,1.119
E,-0.7202
L,-0.7441
E,0.945
V,1.211
S,-0.9977
A,-0.2368
K,1.689
M,1.237
V,-0.3828
T,0.9353
D,0.8585
L,-0.8616
I,-0.7896
E,0.4853
A,0.3853
Q,-0.772
K,0.1017
R,0.6036
T,0.04124
G,-1.014
I,-0.7091
D,0.4605
A,0.0305
S,1.221
R,-0.3227
I,-0.8509
F,-0.0593
L,-0.4612
A,-0.9089
G,-1.063
F,-1.062
S,-1.066
Q,-1.065
G,-1.063
G,-0.981
A,-1.011
V,-0.7279
V,-0.7293
F,-0.5795
H,-0.1603
T,-0.3862
A,-0.6458
F,0.368
I,-0.4313
N,-0.4565
W,0.2908
Q,1.291
G,1.367
P,0.7822
L,-0.9313
G,-0.6729
G,-1.015
V,-0.4805
I,-0.02427
A,-0.6764
L,-0.7195
S,-1.066
T,-0.8789
Y,-0.9922
A,-0.5139
P,-0.8223
T,-0.2958
F,0.2219
G,1.384
D,0.9447
E,0.5706
L,1.108
E,0.8862
L,1.372
S,0.7339
A,1.393
S,0.03293
Q,-0.5974
Q,1.124
R,2.934
I,-0.1572
P,-0.6605
A,-0.3662
L,0.0136
C,-0.2207
L,-0.2693
H,-1.066
G,-1.063
Q,1.011
Y,1.39
D,-1.065
D,0.3705
V,-0.732
V,-0.8786
Q,0.2546
N,1.37
A,1.468
M,-0.1877
G,-0.7265
R,1.111
S,1.253
A,-0.738
F,1.159
E,1.298
H,2.987
L,-0.6464
K,1.963
S,2.889
R,1.382
G,-0.4388
V,0.2398
T,2.979
V,-0.1033
T,1.291
W,-0.4497
Q,0.07258
E,0.5315
Y,-0.8598
P,0.3053
M,-1.015
G,0.2184
H,-1.066
E,-0.3289
V,-0.8764
L,-0.3223
P,1.358
Q,0.2909
E,-0.7596
I,-0.4688
H,2.987
D,-0.1605
I,-0.886
G,0.0692
A,2.941
W,-0.1878
L,-0.4613
A,1.391
A,2.987
R,0.5514
L,-0.3589
G,2.884
