"pdb_aa","rate"
S,0.829
H,0.9167
M,1.115
T,1.898
P,1.295
D,0.7933
I,2.017
I,1.002
L,0.8952
Q,2.18
R,1.007
T,0.9503
G,0.364
I,1.039
D,0.5942
V,1.314
R,2.474
A,2.239
V,1.124
E,0.974
Q,0.05633
G,0.5578
D,0.4204
D,1.679
A,0.895
W,0.09112
H,1.249
K,2.478
L,0.9053
R,0.05282
L,0.7609
G,0.07397
V,0.5652
I,0.5784
T,0.05275
A,0.1191
S,0.05196
E,1.059
V,0.8026
H,1.342
N,0.7743
V,0.7547
I,1.053
A,0.4653
K,1.098
P,0.8954
R,1.141
S,1.039
G,0.5132
K,2.085
K,1.273
W,1.626
P,0.6975
D,0.9298
M,1.032
K,0.5042
M,1.612
S,0.7727
Y,0.4224
F,0.8069
H,1.186
T,0.8498
L,0.3494
L,0.7377
A,0.5265
E,0.09319
V,0.3649
C,0.4559
T,0.1918
G,0.5406
V,2.964
A,1.945
P,1.749
E,1.341
V,1.602
N,1.142
A,0.5066
K,1.708
A,0.9177
L,0.3474
A,0.8048
W,0.2774
G,0.05976
K,0.9403
Q,0.9976
Y,1.095
E,0.05361
N,1.448
D,2.271
A,0.06895
R,0.4769
T,2.055
L,0.736
F,0.3659
E,0.6506
F,0.7858
T,2.385
S,0.9162
G,1.167
V,1.716
N,3.371
V,0.3249
T,2.093
E,1.144
S,1.044
P,0.7589
I,0.4216
I,0.7144
Y,2.081
R,0.4982
D,0.3017
E,1.447
S,0.9345
M,1.485
R,0.9974
T,1.027
A,0.2849
C,0.5556
S,0.05193
P,0.1263
D,0.05268
G,0.1027
L,0.727
C,0.6626
S,1.13
D,1.736
G,0.8005
N,0.7035
G,0.3922
L,0.6683
E,0.05361
L,0.475
K,0.05411
C,0.5009
P,0.09871
F,1.134
T,0.5044
S,0.5346
R,1.09
D,0.5364
F,0.1629
M,0.5768
K,1.43
F,0.6662
R,1.025
L,1.295
G,1.091
G,1.067
F,1.462
E,2.077
A,1.297
I,0.5529
K,0.523
S,2.085
A,0.6237
Y,0.2174
M,1.417
A,1.356
Q,0.05263
V,0.3898
Q,0.2419
Y,1.027
S,0.35
M,0.2079
W,0.7475
V,0.2277
T,0.2125
R,0.5976
K,0.5285
N,1.488
A,1.185
W,0.4987
Y,0.5241
F,0.232
A,0.7329
N,0.1313
Y,0.6717
D,0.1725
P,0.2083
R,0.2395
M,0.9218
K,1.121
R,0.9182
E,1.226
G,0.9534
L,0.8946
H,1.32
Y,1.104
V,1.401
V,0.4938
I,0.8723
E,2.317
R,0.1946
D,0.2375
E,0.9903
K,1.979
Y,2.067
M,0.263
A,1.666
S,1.762
F,0.5605
D,0.7045
E,1.987
I,0.9873
V,0.4519
P,1.311
E,1.715
F,0.2451
I,0.8065
E,2.091
K,0.934
M,0.5146
D,0.9813
E,1.849
A,1.918
L,0.684
A,3.442
E,2.765
I,0.8102
G,1.62
F,1.812
V,2.155
F,1.407
G,1.1
E,1.612
Q,0.7869
W,1.055
R,2.585
