"pdb_aa","rate"
M,0.08382
I,1.011
S,1.874
D,1.595
S,1.46
M,1.446
T,0.5105
V,1.385
E,0.9423
E,0.4598
I,0.469
R,0.8894
L,2.082
H,2.414
L,1.858
G,2.173
L,3.589
A,1.213
L,0.9688
K,3.074
E,2.186
K,1.568
D,1.175
F,0.6049
V,0.4474
V,0.9971
D,0.4341
K,0.4705
T,0.7282
G,0.4936
V,0.4612
K,0.5657
T,0.1408
I,0.7231
E,0.3533
I,0.8038
I,1.137
G,0.5276
A,0.5862
S,0.4988
F,0.2656
V,1.072
A,0.6543
D,0.8258
E,0.2975
P,2.789
F,1.968
I,0.5461
F,0.9724
G,0.234
A,1.05
L,1.771
N,0.1881
D,2.587
E,1.207
Y,0.1365
I,0.8376
Q,1.434
R,0.1985
E,0.09819
L,0.5349
E,2.05
W,0.592
Y,0.1365
K,0.7104
S,0.06705
K,0.9524
S,0.258
L,0.4781
F,0.8121
V,0.2961
K,1.141
D,0.2989
I,0.5179
P,0.709
G,0.5608
E,0.7387
T,0.6994
P,0.3815
K,1.055
I,0.1905
W,0.2238
Q,1.459
Q,0.6498
V,0.5221
A,1.153
S,0.3693
S,3.101
K,1.576
G,0.2896
E,1.295
I,0.1701
N,0.07253
S,0.06705
N,0.07253
Y,0.1365
G,0.1289
W,0.4723
A,0.4277
I,0.3998
W,0.9865
S,0.605
E,2.937
D,0.8894
N,0.3355
Y,1.048
A,2.37
Q,0.08543
Y,0.8118
D,1.233
M,2.045
C,0.5371
L,2.615
A,2.704
E,0.9984
L,0.1304
G,3.23
Q,3.517
N,0.221
P,0.5119
D,0.635
S,0.3544
R,0.08879
R,0.1972
G,0.2801
I,1.406
M,0.367
I,0.4015
Y,0.448
T,0.5183
R,0.4019
P,0.4651
S,0.5802
M,0.3772
Q,0.8165
F,2.8
D,0.4172
Y,0.4279
N,1.699
K,0.7951
D,0.5446
G,0.4671
M,0.474
S,0.5242
D,0.08944
F,0.3308
M,0.2719
C,0.1396
T,0.07099
N,0.8618
T,0.5752
V,0.2887
Q,0.2012
Y,0.2915
L,1.414
I,0.07677
R,0.3626
D,0.6781
K,2.355
K,0.9168
I,0.6161
N,1.281
A,0.5319
V,1.638
V,0.1919
N,1.57
M,0.2045
R,0.08879
S,0.06705
N,0.1527
D,0.08944
V,0.6031
V,0.7594
F,0.6089
G,0.1289
F,0.6485
R,0.4449
N,0.1732
D,0.08944
Y,1.18
A,0.7217
W,1.256
Q,0.6329
K,1.194
Y,1.016
V,0.2221
L,0.3617
D,2.651
K,2.267
L,0.2575
V,0.7464
S,2.932
D,3.148
L,0.2718
N,1.144
A,1.617
G,0.8763
D,0.7547
S,1.448
T,2.878
R,2.868
Q,3.071
Y,0.7074
K,2.574
A,1.329
G,0.1289
S,1.04
I,0.409
I,0.494
W,0.7377
N,1.113
V,0.5582
G,0.659
S,0.4205
L,0.7633
H,0.1544
V,0.491
Y,0.1365
S,1.4
R,0.6129
H,0.4588
F,0.5382
Y,1.592
L,0.9925
V,0.9988
D,0.5042
H,2.139
W,0.9415
W,3.088
K,2.643
T,0.4238
G,0.5605
E,1.664
T,1.875
H,1.132
I,1.095
S,2.337
K,0.2592
K,1.635
D,1.147
Y,0.9327
V,1.225
G,1.033
K,3.079
Y,2.173
A,1.288
