"pdb_aa","rate"
G,2.351
Q,2.392
I,1.353
N,1.966
V,0.5493
S,0.01256
F,0.1927
E,0.0139
F,0.106
F,0.1022
P,0.01566
P,0.1027
R,0.4409
T,0.5316
S,1.763
E,1.214
M,0.339
E,0.7603
Q,2.028
T,1.011
L,0.1163
W,0.8547
N,2.149
S,0.6211
I,0.6041
D,1.937
R,0.8037
L,0.06492
S,0.7524
S,1.102
L,0.4885
K,2.57
P,0.04176
K,2.118
F,0.1414
V,0.3052
S,0.01256
V,0.04799
T,0.01269
Y,0.2052
G,0.02777
A,0.04761
N,0.08895
S,0.1024
G,0.2361
E,0.1099
R,0.1971
D,0.784
R,0.3156
T,0.01905
H,0.4684
S,1.314
I,0.3024
I,0.1896
K,1.366
G,0.7909
I,0.4625
K,1.513
D,2.579
R,1.023
T,0.2749
G,1.997
L,1.047
E,2.16
A,0.3597
A,0.08037
P,0.1105
H,0.01311
L,0.0974
T,0.02982
C,0.0545
I,0.171
D,0.982
A,0.2621
T,0.6624
P,1.07
D,2.289
E,0.5529
L,0.4462
R,0.8323
T,2.579
I,0.4178
A,0.3682
R,2.454
D,2.351
Y,0.1692
W,1.372
N,2.225
N,1.007
G,0.04799
I,0.3104
R,0.6409
H,0.468
I,0.1616
V,0.04757
A,0.03371
L,0.02667
R,0.01349
G,0.01671
D,0.01341
L,0.9367
P,0.4604
P,0.9992
G,1.11
S,1.953
G,1.348
K,0.5925
P,0.7175
E,0.7061
M,1.078
Y,0.8283
A,0.2165
S,0.7701
D,0.6673
L,0.02663
V,0.2411
T,1.645
L,0.4399
L,0.2615
K,0.8419
E,2.011
V,1.048
A,0.7556
D,0.9896
F,0.215
D,0.6902
I,0.3205
S,0.1927
V,0.06186
A,0.2101
A,0.2012
Y,0.08914
P,0.02422
E,0.09431
V,1.252
H,0.01311
P,0.02534
E,0.5231
A,0.1938
K,2.495
S,0.7037
A,1.33
Q,1.449
A,1.177
D,0.1227
L,0.6344
L,0.984
N,0.6854
L,0.02694
K,0.4323
R,0.428
K,0.01413
V,0.9224
D,0.5046
A,0.1355
G,0.01671
A,0.02069
N,1.095
R,0.2714
A,0.1233
I,0.1203
T,0.1821
Q,0.01341
F,0.2723
F,0.08863
F,0.2565
D,0.5199
V,0.9034
E,0.9
S,1.166
Y,0.5928
L,0.6651
R,0.5072
F,0.4171
R,0.573
D,0.3153
R,1.091
C,0.7491
V,1.072
S,0.8898
A,0.7517
G,0.2818
I,0.2561
D,1.714
V,0.7313
E,0.4151
I,0.3917
I,0.5866
P,0.04152
G,0.01671
I,0.1171
L,0.3628
P,0.06108
V,0.2672
S,0.7595
N,0.2557
F,0.6644
K,1.494
Q,0.5888
A,0.5859
K,1.364
K,0.8489
F,0.1598
A,0.3551
D,2.013
M,1.112
T,0.3788
N,0.279
V,0.2902
R,1.272
I,0.6028
P,0.04204
A,2.378
W,0.6793
M,0.9543
A,1.168
Q,2.266
M,0.6582
F,0.3436
D,1.488
G,0.5438
L,0.3449
D,0.6293
D,1.25
D,0.416
A,1.759
E,1.732
T,0.3313
R,0.3542
K,0.9891
L,0.5911
V,0.4096
G,0.2833
A,0.3639
N,0.5994
I,0.8091
A,0.2575
M,0.4824
D,0.7947
M,0.5166
V,0.3915
K,1.091
I,1.289
L,0.02665
S,1.072
R,1.477
E,0.8475
G,0.1373
V,0.3958
K,1.412
D,1.075
F,0.138
H,0.01311
F,0.1754
Y,0.02972
T,0.0581
L,0.2752
N,0.01278
R,0.3834
A,0.3295
E,1.026
M,0.7195
S,0.5502
Y,0.8322
A,0.3187
I,0.441
C,0.4741
H,0.5486
T,0.751
L,0.1983
G,0.3706
V,1.157
R,0.7286
P,2.56
A,4.319
