"pdb_aa","rate"
K,1.476
R,1.095
A,0.1744
I,0.307
Y,0.1254
P,0.06242
G,0.008141
T,0.0258
F,0.008269
D,0.01401
P,0.007305
I,0.5519
T,0.01091
N,0.4696
G,0.008141
H,0.004862
I,1.113
D,0.05319
I,0.3087
V,0.3513
T,1.235
R,0.01427
A,0.2246
T,0.8598
Q,1.745
M,0.7375
F,0.07169
D,0.6733
H,2.013
V,0.5057
I,0.7159
L,0.3844
A,0.2998
I,0.3169
A,0.06641
A,1.23
S,0.2275
P,0.8619
S,0.8081
K,0.006004
K,1.586
P,0.1381
M,0.9253
F,0.1342
T,1.143
L,0.5507
E,1.517
E,0.4852
R,0.005331
V,0.537
A,2.177
L,0.4107
A,0.6429
Q,2.101
Q,2.045
A,0.739
T,0.709
A,2.033
H,1.039
L,1.166
G,2.847
N,0.1983
V,0.1812
E,1.206
V,0.2925
V,1.218
G,0.4022
F,0.1946
S,0.8042
D,0.9273
L,0.007914
M,0.2769
A,0.4442
N,0.842
F,0.4034
A,0.3531
R,1.974
N,2.059
Q,1.198
H,2.02
A,0.1958
T,1.201
V,0.6679
L,0.3533
I,0.5944
R,0.04427
G,0.008141
L,0.2949
R,0.005331
A,0.1552
V,0.2288
A,0.2383
D,0.005245
F,0.1316
E,0.1022
Y,0.2829
E,0.005751
M,0.5042
Q,0.045
L,0.3729
A,0.08647
H,0.4442
M,0.1468
N,0.01186
R,0.3056
H,0.8298
L,0.274
M,0.9223
P,0.8125
E,1.932
L,0.6696
E,0.06955
S,0.1624
V,0.8652
F,0.07087
L,0.286
M,0.1379
P,0.09048
S,0.5993
K,0.4591
E,1.067
W,0.5914
S,0.2666
F,0.3857
I,0.2371
S,0.003921
S,0.02431
S,0.252
L,0.4579
V,0.1201
K,0.133
E,0.08237
V,0.2251
A,0.1162
R,1.12
H,0.2335
Q,1.545
G,0.08222
D,0.579
V,0.4123
T,0.9031
H,1.554
F,0.2816
L,0.1106
P,0.6557
E,2.02
N,2.848
V,0.1559
H,1.915
Q,2.853
A,0.2959
L,0.4676
M,2.85
A,2.851
K,0.6055
L,1.999
A,5.223
