"pdb_aa","rate"
K,1.002
R,0.5212
A,-0.643
I,-0.4754
Y,-0.7049
P,-0.7845
G,-0.8531
T,-0.8308
F,-0.853
D,-0.8457
P,-0.8542
I,-0.1657
T,-0.8496
N,-0.2699
G,-0.8531
H,-0.8573
I,0.544
D,-0.7962
I,-0.4732
V,-0.4194
T,0.6978
R,-0.8454
A,-0.5796
T,0.2234
Q,1.342
M,0.06884
F,-0.7728
D,-0.01231
H,1.681
V,-0.2242
I,0.04153
L,-0.3775
A,-0.4845
I,-0.4628
A,-0.7795
A,0.6918
S,-0.5759
P,0.2261
S,0.158
K,-0.8558
K,1.142
P,-0.6889
M,0.3062
F,-0.6938
T,0.5817
L,-0.1673
E,1.054
E,-0.2501
R,-0.8567
V,-0.1847
A,1.889
L,-0.3443
A,-0.05081
Q,1.792
Q,1.721
A,0.07071
T,0.03274
A,1.706
H,0.4502
L,0.6099
G,2.735
N,-0.6128
V,-0.6344
E,0.661
V,-0.4937
V,0.6757
G,-0.3551
F,-0.6174
S,0.1532
D,0.3088
L,-0.8534
M,-0.5134
A,-0.3019
N,0.2009
F,-0.3535
A,-0.417
R,1.631
N,1.74
Q,0.6513
H,1.689
A,-0.6159
T,0.6547
V,-0.01922
L,-0.4169
I,-0.1121
R,-0.8075
G,-0.8531
L,-0.4907
R,-0.8567
A,-0.6672
V,-0.5742
A,-0.5622
D,-0.8568
F,-0.6971
E,-0.7342
Y,-0.5058
E,-0.8562
M,-0.2261
Q,-0.8065
L,-0.3921
A,-0.7541
H,-0.302
M,-0.6778
N,-0.8484
R,-0.4772
H,0.1855
L,-0.5171
M,0.3025
P,0.1636
E,1.579
L,-0.01695
E,-0.7755
S,-0.6581
V,0.2303
F,-0.7738
L,-0.5019
M,-0.6891
P,-0.7491
S,-0.1059
K,-0.2831
E,0.4852
W,-0.1159
S,-0.5264
F,-0.3758
I,-0.5638
S,-0.8585
S,-0.8327
S,-0.5449
L,-0.2846
V,-0.7116
K,-0.6953
E,-0.7593
V,-0.5788
A,-0.7166
R,0.5526
H,-0.5683
Q,1.09
G,-0.7595
D,-0.1315
V,-0.3423
T,0.2781
H,1.101
F,-0.5075
L,-0.7236
P,-0.03459
E,1.689
N,2.736
V,-0.6664
H,1.558
Q,2.743
A,-0.4894
L,-0.2724
M,2.739
A,2.74
K,-0.09805
L,1.663
A,5.738
