"pdb_aa","rate"
M,0.5386
K,0.7608
I,0.1305
G,0.02167
I,0.4639
F,0.1325
D,0.01283
S,0.01237
G,0.0151
V,0.4538
G,0.0151
G,0.0151
L,0.1092
T,0.03531
V,0.03952
L,0.6845
K,0.7103
A,0.2391
I,0.6742
R,0.9666
N,1.015
R,0.9615
Y,0.552
R,0.1791
K,1.263
V,0.2662
D,1.429
I,0.7247
V,0.99
Y,0.04153
L,0.7757
G,0.01506
D,0.01282
T,0.149
A,0.2219
R,0.01489
V,0.3648
P,0.01428
Y,0.01559
G,0.01506
I,0.6109
R,0.1536
S,0.4035
K,1.587
D,1.257
T,0.2542
I,0.4334
I,1.392
R,1.508
Y,0.674
S,0.2748
L,1.702
E,0.6733
C,0.5376
A,0.597
G,1.962
F,0.6403
L,0.0374
K,1.752
D,2.056
K,1.373
G,1.967
V,0.3805
D,0.1962
I,0.8156
I,0.3701
V,0.2347
V,0.4479
A,0.01624
C,0.01619
N,0.016
T,0.05554
A,0.1851
S,0.117
A,0.201
Y,1.046
A,0.3228
L,0.5655
E,1.923
R,1.731
L,0.623
K,1.266
K,2.429
E,2.53
I,1.444
N,2.046
V,0.738
P,0.111
V,0.2515
F,1.105
G,0.1677
V,0.02516
I,0.2834
E,1.284
P,0.2088
G,0.1617
V,0.351
K,1.02
E,0.7931
A,0.1281
L,0.9495
K,1.373
K,2.113
S,0.3907
R,1.935
N,0.8334
K,1.946
K,1.775
I,0.5061
G,0.1799
V,0.5091
I,0.133
G,0.2818
T,0.01243
P,1.866
A,0.6356
T,0.02216
V,0.6071
K,1.94
S,0.0536
G,2.075
A,0.4558
Y,0.07421
Q,1.584
R,2.113
K,0.9853
L,0.408
E,2.358
E,2.572
G,1.767
G,3.097
A,1.626
D,4.036
V,0.5321
F,2.579
A,0.7569
K,1.242
A,0.2737
C,0.14
P,0.14
L,0.827
F,0.4013
A,0.08437
P,0.2588
L,0.6063
A,0.1669
E,0.0131
E,0.3705
G,0.2116
L,1.605
L,2.178
E,1.95
G,0.7604
E,1.956
I,1.193
T,0.4538
R,2.454
K,1.91
V,1.023
V,0.4429
E,2.127
H,1.427
Y,0.4747
L,0.1978
K,4.109
E,1.52
F,1.294
K,1.863
G,2.58
K,2.448
I,0.7621
D,0.05489
T,0.2767
L,0.2825
I,0.2566
L,0.1671
G,0.1125
C,0.01619
T,0.01243
H,0.01265
Y,0.1217
P,0.01975
L,0.5429
L,0.3606
K,1.272
K,1.864
E,1.29
I,0.284
K,1.474
K,2.013
F,1.126
L,0.965
G,2.929
D,4.319
A,0.507
E,2.003
V,0.5302
V,0.3056
D,0.2436
S,0.08888
S,0.2226
E,1.319
A,0.3426
L,0.3467
S,0.2227
L,1.647
S,1.26
L,0.6347
H,0.7196
N,2.157
F,1.321
I,0.371
K,2.551
D,2.029
D,2.571
G,2.575
S,1.813
S,1.689
S,1.419
L,0.9214
E,2.546
L,0.8295
F,1.341
F,0.3341
T,0.1845
D,0.1271
L,1.187
S,1.653
P,2.563
N,1.469
L,0.2768
Q,2.449
F,2.578
L,0.6821
I,0.3955
K,1.729
L,1.906
I,0.4946
L,0.5803
G,1.842
R,2.578
D,2.577
Y,2.072
P,1.889
V,0.7574
K,2.521
L,0.79
A,1.846
E,3.687
G,2.797
V,4.318
F,4.185
