"pdb_aa","rate"
V,0.353
D,0.265
V,0.6411
S,0.6519
L,1.119
P,0.9243
G,0.9138
A,1.101
S,3.26
L,3.51
F,3.523
S,3.587
G,0.42
G,0.7073
L,1.239
H,0.07689
P,0.1118
I,0.759
T,0.3453
L,0.987
M,1.135
E,1.691
R,2.157
E,0.5712
L,1.016
V,2.179
E,1.895
I,0.3827
F,0.1226
R,2.506
A,1.303
L,1.054
G,0.2433
Y,0.2392
Q,1.287
A,0.3651
V,0.7828
E,1.207
G,0.1208
P,0.3165
E,0.1836
V,1.06
E,0.08861
S,0.8918
E,0.1708
F,1.256
F,0.7309
N,0.06846
F,0.1226
D,0.4625
A,0.1273
L,0.1184
N,0.1286
I,0.585
P,0.2114
E,1.634
H,1.121
H,0.07524
P,0.1093
A,0.1277
R,0.08225
D,0.5012
M,0.3006
W,1.224
D,0.2388
T,0.119
F,0.3718
W,0.7721
L,1.226
T,1.215
G,2.441
E,3.07
G,1.057
F,2.74
R,1.354
L,2.322
E,1.142
G,1.397
P,1.371
L,3.04
G,1.911
E,1.702
E,3.01
V,2.265
E,2.206
G,2.612
R,1.525
L,2.224
L,0.6132
L,0.2309
R,0.08225
T,0.06632
H,0.2218
T,0.1224
S,0.1741
P,1.009
M,0.4651
Q,0.3485
V,0.6727
R,0.2472
Y,1.123
M,0.3772
V,0.5328
A,3.443
H,1.333
T,1.925
P,0.3431
P,0.1093
F,1.704
R,0.7943
I,0.2754
V,0.6777
V,0.9611
P,0.2303
G,0.1208
R,0.7431
V,0.3777
F,0.3832
R,0.08225
F,1.472
E,0.2621
Q,0.38
T,0.4497
D,0.08134
A,0.3566
T,0.1948
H,0.07524
E,0.7387
A,0.9112
V,0.4375
F,0.239
H,1.089
Q,0.08076
L,1.106
E,0.2614
G,0.3606
L,0.231
V,0.9465
V,0.5042
G,0.6708
E,1.199
G,1.4
I,0.7176
A,0.7161
M,0.9181
A,0.2714
H,0.8858
L,0.2317
K,0.1744
G,1.044
A,0.6728
I,0.9159
Y,2.394
E,2.271
L,0.4967
A,1.541
Q,1.283
A,1.724
L,1.022
F,0.3807
G,0.4594
P,2.263
D,0.7221
S,1.295
K,1.427
V,0.5261
R,0.1547
F,1.121
Q,0.243
P,0.3434
V,0.3487
Y,0.7853
F,0.1226
P,0.3173
F,0.1226
V,0.204
E,0.08861
P,0.1093
G,0.3986
A,0.6846
Q,0.1681
F,0.6936
A,0.3474
V,0.847
W,2.37
W,0.9196
P,1.059
E,1.472
G,3.216
G,1.662
K,1.088
W,0.6589
L,0.6164
E,0.08861
L,0.9833
G,1.088
G,0.1208
A,0.2209
G,0.1208
M,0.3709
V,0.2053
H,0.1377
P,0.1093
K,1.501
V,0.2062
F,0.9386
Q,1.692
A,1.689
V,1.195
D,0.6412
A,1.593
Y,0.5524
R,1.337
E,1.196
R,1.767
L,1
G,1
L,1
P,1
P,1
A,1
Y,1
R,1
G,1
V,1.321
T,0.9766
G,0.2349
F,0.2388
A,0.07013
F,0.1226
G,0.1208
L,1.181
G,0.2356
V,1.053
E,0.3441
R,0.08225
L,0.7539
A,0.7144
M,0.1333
L,1.019
R,0.4625
Y,0.4787
G,0.3567
I,0.2703
P,1.164
D,0.08134
I,0.7306
R,0.08225
Y,0.537
F,0.4965
F,0.5066
G,0.6016
G,0.4106
R,0.1745
L,0.353
K,0.3236
F,0.5178
L,0.9849
E,1.542
Q,0.154
F,0.1226
K,2.627
G,1.71
V,1.441
L,1.364
