"pdb_aa","rate"
M,-0.01608
E,1.475
L,2.354
T,0.2919
T,1.345
R,0.2224
T,0.5449
L,0.1976
P,2.261
A,1.298
R,1.411
K,-0.7191
H,0.2906
I,-0.7445
A,-0.8547
L,-0.8491
V,-0.6803
A,-0.9012
H,-0.9181
D,-0.9177
H,-0.3082
C,-0.1273
K,-0.9168
Q,2.329
M,0.3948
L,-0.48
M,0.1291
S,1.529
W,-0.7755
V,-0.07325
E,2.354
R,1.426
H,-0.56
Q,1.043
P,2.341
L,1.41
L,-0.7445
E,1.408
Q,2.355
H,-0.8017
V,2.266
L,-0.7458
Y,0.6393
A,-0.6601
T,-0.9114
G,-0.8802
T,-0.9114
T,-0.8945
G,-0.8121
N,0.8819
L,-0.08987
I,-0.3049
S,0.8136
R,1.011
A,1.385
T,-0.355
G,0.4548
M,-0.41
N,2.213
V,-0.4962
N,0.7098
A,0.1109
M,0.0003396
L,-0.02218
S,-0.9192
G,-0.8982
P,-0.9011
M,-0.6457
G,-0.9144
G,-0.9144
D,-0.9177
Q,-0.8161
Q,-0.8421
V,-0.6063
G,-0.9144
A,-0.6239
L,0.3686
I,-0.8113
S,-0.4061
E,-0.3914
G,-0.194
K,0.8086
I,-0.4686
D,-0.8422
V,0.7122
L,-0.3235
I,-0.3765
F,-0.9143
F,-0.72
W,-0.7539
D,-0.9177
P,-0.8853
L,-0.7643
N,-0.3655
A,-0.4917
V,-0.7142
P,-0.8551
H,-0.9181
D,-0.8745
P,-0.7983
D,-0.9177
V,-0.7486
K,-0.717
A,-0.9185
L,-0.899
L,-0.5228
R,-0.9176
L,-0.4772
A,-0.6234
T,-0.5655
V,-0.6634
W,-0.6684
N,-0.7706
I,-0.5318
P,-0.7445
V,-0.423
A,-0.9105
T,-0.3744
N,-0.7739
V,0.5786
A,-0.3227
T,-0.4682
A,-0.9105
D,-0.6829
F,-0.1886
I,0.3369
I,-0.1297
Q,0.4096
S,-0.8449
P,0.6098
H,0.8014
F,-0.07509
N,1.454
D,2.328
A,1.765
V,0.05418
D,2.363
I,-0.0714
L,2.35
I,0.05599
P,-0.1352
D,-0.3448
Y,-0.1298
Q,1.402
R,1.836
Y,-0.008644
L,0.5788
A,2.355
