"pdb_aa","rate"
M,0.7887
E,2.085
L,2.849
T,1.056
T,1.971
R,0.9959
T,1.276
L,0.9744
P,2.767
A,1.931
R,2.029
K,0.1777
H,1.055
I,0.1556
A,0.0598
L,0.06472
V,0.2114
A,0.01939
H,0.004723
D,0.005095
H,0.5348
C,0.692
K,0.00583
Q,2.826
M,1.146
L,0.3855
M,0.9149
S,2.131
W,0.1287
V,0.739
E,2.849
R,2.042
H,0.3159
Q,1.709
P,2.837
L,2.028
L,0.1556
E,2.026
Q,2.849
H,0.1059
V,2.772
L,0.1544
Y,1.358
A,0.2289
T,0.01055
G,0.03769
T,0.01056
T,0.02524
G,0.09686
N,1.569
L,0.7245
I,0.5377
S,1.51
R,1.681
A,2.007
T,0.4941
G,1.198
M,0.4463
N,2.726
V,0.3714
N,1.42
A,0.899
M,0.8029
L,0.7834
S,0.003812
G,0.02202
P,0.01952
M,0.2415
G,0.007901
G,0.007901
D,0.005095
Q,0.09335
Q,0.07075
V,0.2757
G,0.007901
A,0.2604
L,1.123
I,0.09756
S,0.4497
E,0.4624
G,0.634
K,1.505
I,0.3954
D,0.07073
V,1.422
L,0.5215
I,0.4754
F,0.008024
F,0.1769
W,0.1474
D,0.005095
P,0.03322
L,0.1384
N,0.485
A,0.3753
V,0.1819
P,0.05947
H,0.004723
D,0.04261
P,0.1089
D,0.005095
V,0.152
K,0.1795
A,0.004345
L,0.02135
L,0.3483
R,0.005178
L,0.3879
A,0.2609
T,0.3111
V,0.2261
W,0.2217
N,0.1329
I,0.3404
P,0.1556
V,0.435
A,0.01133
T,0.4773
N,0.1301
V,1.305
A,0.5222
T,0.3957
A,0.01132
D,0.2091
F,0.6387
I,1.095
I,0.6899
Q,1.159
S,0.06839
P,1.333
H,1.499
F,0.7374
N,2.066
D,2.826
A,2.336
V,0.8497
D,2.856
I,0.7406
L,2.845
I,0.8513
P,0.6852
D,0.503
Y,0.6899
Q,2.021
R,2.399
Y,0.7951
L,1.306
A,2.849
