"pdb_aa","rate"
Q,3.975
E,3.618
E,2.4
S,3.951
I,2.085
L,1.753
Q,1.579
D,2.324
I,4.171
I,2.088
T,4.161
R,2.515
F,1.962
P,2.008
N,0.5556
V,0.4841
V,1.283
L,0.8318
M,0.37
K,1.167
Q,0.5908
T,0.1535
A,0.9296
Q,0.1939
L,0.2245
R,0.569
A,0.3974
M,0.2922
M,0.3256
T,0.1401
I,0.4722
I,0.2864
R,0.03472
D,0.3602
K,1.206
E,2.002
T,0.1047
P,2.215
K,0.3132
E,0.7632
E,0.3124
F,0.06123
V,0.3291
F,0.3491
Y,0.4747
A,0.2736
D,0.2761
R,0.1304
L,0.297
I,0.2558
R,0.06192
L,0.2309
L,0.1875
I,0.2694
E,0.08215
E,0.4098
A,0.2703
L,0.2045
N,0.2928
E,0.5117
L,0.2067
P,0.09811
F,0.5881
Q,1.664
K,2.042
K,1.637
E,1.817
V,0.3447
T,1.168
T,0.05899
P,0.2944
L,0.354
D,0.5587
V,1.793
S,1.754
Y,0.3752
H,2.352
G,0.02462
V,0.5592
S,1.636
F,0.5171
Y,0.892
S,0.8071
K,0.7606
I,0.2501
C,0.2057
G,0.1321
V,0.03766
S,0.08221
I,0.1227
V,0.3818
R,0.01775
A,0.02371
G,0.02465
E,0.08293
S,0.221
M,0.07717
E,0.03928
S,0.6246
G,0.2751
L,0.1357
R,0.07785
A,0.5939
V,0.3327
C,0.5899
R,0.2105
G,0.315
V,0.289
R,0.1926
I,0.1628
G,0.01852
K,0.05754
I,0.1157
L,0.03818
I,0.1234
Q,0.08556
R,0.08479
D,0.264
E,0.2763
T,0.9918
T,0.171
A,0.6069
E,1.515
P,0.2649
K,0.8244
L,0.3346
I,0.9005
Y,0.2428
E,0.605
K,0.2105
L,0.3523
P,0.01776
A,1.837
D,0.1321
I,0.2031
R,0.9281
E,2.484
R,0.1981
W,0.842
V,0.1094
M,0.3486
L,0.1768
L,0.2245
D,0.07161
P,0.03358
M,0.1326
C,0.2966
A,0.09002
T,0.06301
A,0.03903
G,0.1713
S,0.06866
V,0.1377
C,0.9411
K,0.584
A,0.05191
I,0.2974
E,1.006
V,0.3131
L,0.07333
L,1.307
R,1.393
L,0.8974
G,0.3864
V,0.05344
K,1.461
E,0.4604
E,1.147
R,0.6517
I,0.05986
I,0.5795
F,0.2713
V,0.4422
N,0.1644
I,0.5947
L,0.4329
A,0.4593
A,0.4529
P,0.261
Q,0.6553
G,0.1339
I,0.5646
E,2.496
R,1.285
V,0.505
F,1.577
K,2.533
E,1.45
Y,0.9343
P,0.09465
K,1.838
V,0.8688
R,0.8788
M,0.4853
V,0.2422
T,0.1417
A,0.2434
A,0.3279
V,0.5703
D,0.06494
I,1.894
C,1.205
L,0.1746
N,0.4054
S,0.9656
R,1.121
Y,0.6995
Y,0.64
I,0.2089
V,1.15
P,0.094
G,0.1971
I,0.3982
G,0.1156
D,0.1274
F,0.1454
G,0.1208
D,0.1535
R,0.1324
Y,0.3005
F,0.3205
G,0.3318
T,0.4901
M,1.114
