"pdb_aa","rate"
S,1.107
S,1.128
C,0.1336
S,0.9869
S,1.652
T,1.668
A,1.161
L,1.091
S,0.1138
C,0.161
S,0.9169
N,0.9121
S,1.142
A,0.7752
N,0.9125
S,2.966
D,1.043
T,0.4713
C,0.1077
C,0.3573
S,1.111
P,0.5872
E,1
Y,0.4835
G,0.6483
L,0.7294
V,0.764
V,0.5593
L,0.5693
N,0.3269
M,0.1487
Q,0.2955
W,0.252
A,1.741
P,0.4077
G,1.053
Y,0.8028
G,0.297
P,0.1386
D,1.217
N,0.6682
A,0.2359
F,0.4234
T,0.1561
L,0.3526
H,0.09081
G,0.1009
L,0.1453
W,0.1447
P,0.1905
D,0.1673
K,0.7591
C,0.5274
S,0.4489
G,0.1435
A,1.023
Y,0.7768
A,1.463
P,0.7499
S,0.2619
G,0.9834
G,1.022
C,0.1057
D,0.3471
S,1.345
N,0.6611
R,0.4152
A,1.141
S,0.7076
S,1.223
S,0.9422
I,0.4007
A,0.958
S,1.975
V,0.6494
I,0.6417
K,1.581
S,1.735
K,1.285
D,1.32
S,1.351
S,1.354
L,0.6091
Y,0.8685
N,1.37
S,1.368
M,0.2663
L,1.789
T,1.708
Y,0.9757
W,0.1419
P,0.9163
S,0.5125
N,1.348
Q,1.148
G,0.6237
N,1.39
N,0.5702
N,0.863
V,1.538
F,0.5637
W,0.1419
S,1.089
H,0.1051
E,0.0924
W,0.6613
S,0.9707
K,0.1217
H,0.0906
G,0.1746
T,0.09072
C,0.1045
V,0.7111
S,0.4658
T,0.187
Y,0.9249
D,1.54
P,0.6393
D,1.312
C,0.1151
Y,0.5745
D,1.548
N,1.625
Y,0.3199
E,2.691
E,1.501
G,0.8947
E,1.38
D,0.3171
I,0.5392
V,0.6794
D,0.9704
Y,0.5876
F,0.6039
Q,1.389
K,1.874
A,0.7672
M,0.4746
D,1.557
L,0.4631
R,0.6621
S,1.201
Q,1.256
Y,0.971
N,0.7368
V,0.373
Y,0.7889
K,2.395
A,1.016
F,0.1374
S,1.332
S,1.717
N,0.5051
G,0.413
I,0.1122
T,1.105
P,0.107
G,0.5599
G,1.381
T,0.6431
Y,0.3458
T,1.113
A,1.16
T,1.511
E,2.052
M,0.644
Q,1.222
S,2.038
A,0.1423
I,0.5666
E,1.967
S,2.922
Y,2.152
F,1.38
G,0.147
A,1.442
K,1.91
A,0.5451
K,1.334
I,1.083
D,1.473
C,0.1063
S,2.77
S,1.29
G,1.065
T,1.888
L,0.555
S,0.905
D,0.795
V,0.7034
A,1.249
L,0.6189
Y,0.993
F,0.8455
Y,0.7337
V,0.7399
R,1.303
G,0.4176
R,1.705
D,0.746
T,2.248
Y,0.9653
V,0.8458
I,0.9477
T,0.992
D,1.334
A,1.316
L,1.222
S,1.179
T,2.228
G,0.836
S,1.228
C,0.2177
S,0.716
G,1.386
D,1.23
V,0.3852
E,1.799
Y,0.6707
P,1.533
T,0.8162
K,0.2592
