"pdb_aa","rate"
S,-0.5185
V,1.058
L,-0.6204
Q,1.821
V,-0.7798
L,-0.8872
H,0.1233
I,-0.1183
P,-0.9806
D,-0.8942
E,0.3186
R,-0.7522
L,-0.9797
R,-0.7864
K,-0.1071
V,0.07876
A,-0.9219
K,1.117
P,-0.1598
V,-0.7607
E,1.957
E,4.287
V,-0.2528
N,-0.1711
A,0.9062
E,1.375
I,0.1767
Q,0.1541
R,1.956
I,0.04002
V,-0.0005666
D,0.1455
D,-0.614
M,-0.9186
F,0.3832
E,-0.3024
T,-0.9854
M,-0.9846
Y,-0.8222
A,1.094
E,-0.5926
E,0.5695
G,-0.9793
I,-0.5967
G,-0.9793
L,-0.9797
A,-0.985
A,-0.9353
T,-0.6361
Q,-0.9838
V,-0.7238
D,-0.267
I,-0.2001
H,-0.6415
Q,0.9628
R,-0.4653
I,-0.03097
I,-0.1691
V,-0.7756
I,-0.3912
D,-0.954
V,0.5191
S,-0.79
E,-0.1208
N,1.08
R,0.8954
D,1.024
E,1.475
R,-0.2941
L,1.168
V,-0.4801
L,0.04591
I,-0.8179
N,-0.9851
P,-0.9165
E,0.1345
L,-0.1887
L,0.9832
E,1.134
K,1.058
S,0.5197
G,0.2981
E,1.292
T,0.6535
G,1.082
I,0.2293
E,-0.2436
E,-0.983
G,-0.9564
C,-0.9776
L,-0.9797
S,-0.9858
I,-0.7468
P,-0.9806
E,0.1154
Q,0.2946
R,-0.2434
A,-0.4548
L,1.037
V,-0.8839
P,1.097
R,-0.9837
A,-0.3798
E,0.6326
K,1.721
V,-0.06258
K,0.6502
I,-0.3528
R,1.08
A,-0.8279
L,0.4433
D,0.03792
R,0.6228
D,1.956
G,-0.9563
K,1.957
P,1.957
F,0.5488
E,0.4085
L,1.14
E,1.075
A,-0.5308
D,0.2548
G,0.07022
L,-0.7468
L,-0.5408
A,-0.8328
I,-0.5896
C,-0.9776
I,-0.5883
Q,-0.9838
H,-0.9844
E,-0.983
M,0.09498
D,-0.9838
H,-0.9844
L,-0.934
V,1.939
G,-0.9793
K,-0.6308
L,-0.8517
F,-0.832
M,-0.7319
D,-0.8447
Y,-0.5675
L,-0.592
S,-0.9537
P,0.5567
L,-0.4269
K,-0.9486
Q,-0.6448
Q,0.5109
R,-0.8099
I,-0.7397
R,0.1188
Q,0.354
K,-0.7273
V,-0.3237
E,0.2089
K,-0.9303
L,1.109
D,0.3583
R,-0.03176
L,1.956
K,1.957
A,1.839
R,1.803
A,4.405
