"pdb_aa","rate"
S,0.4573
V,1.981
L,0.3588
Q,2.718
V,0.2047
L,0.101
H,1.078
I,0.8442
P,0.01068
D,0.09421
E,1.266
R,0.2314
L,0.01159
R,0.1984
K,0.855
V,1.035
A,0.0674
K,2.038
P,0.8041
V,0.2232
E,2.85
E,5.102
V,0.7141
N,0.7931
A,1.834
E,2.287
I,1.129
Q,1.107
R,2.849
I,0.9972
V,0.9579
D,1.099
D,0.365
M,0.07066
F,1.329
E,0.6662
T,0.006064
M,0.006782
Y,0.1638
A,2.015
E,0.3857
E,1.509
G,0.01192
I,0.3818
G,0.01192
L,0.01158
A,0.006455
A,0.05444
T,0.3437
Q,0.00761
V,0.2589
D,0.7005
I,0.7651
H,0.3385
Q,1.889
R,0.5088
I,0.9285
I,0.7951
V,0.2089
I,0.5803
D,0.03637
V,1.46
S,0.1949
E,0.8417
N,2.002
R,1.824
D,1.948
E,2.385
R,0.6742
L,2.088
V,0.4944
L,1.003
I,0.1679
N,0.006301
P,0.07263
E,1.089
L,0.7761
L,1.909
E,2.054
K,1.981
S,1.461
G,1.247
E,2.207
T,1.59
G,2.005
I,1.18
E,0.723
E,0.008363
G,0.0341
C,0.01355
L,0.01158
S,0.005633
I,0.2367
P,0.01068
E,1.07
Q,1.243
R,0.7232
A,0.5189
L,1.961
V,0.1041
P,2.019
R,0.007737
A,0.5914
E,1.57
K,2.622
V,0.898
K,1.587
I,0.6175
R,2.003
A,0.1583
L,1.387
D,0.9951
R,1.56
D,2.849
G,0.03415
K,2.85
P,2.85
F,1.489
E,1.353
L,2.06
E,1.997
A,0.4454
D,1.205
G,1.026
L,0.2367
L,0.4358
A,0.1536
I,0.3886
C,0.01355
I,0.3899
Q,0.00761
H,0.007038
E,0.008363
M,1.05
D,0.007609
H,0.007038
L,0.05569
V,2.832
G,0.01192
K,0.3488
L,0.1353
F,0.1543
M,0.2511
D,0.1421
Y,0.4099
L,0.3863
S,0.03667
P,1.497
L,0.5459
K,0.04166
Q,0.3352
Q,1.452
R,0.1757
I,0.2435
R,1.073
Q,1.301
K,0.2555
V,0.6456
E,1.16
K,0.05934
L,2.031
D,1.305
R,0.9278
L,2.849
K,2.85
A,2.736
R,2.701
A,5.216
