"pdb_aa","rate"
S,1.403
C,0.06032
P,0.7303
A,1.872
I,0.5839
H,0.3561
V,0.8067
F,0.4145
G,0.6672
A,0.06974
R,0.05173
E,0.2334
T,0.1777
T,0.8072
A,0.5284
S,1.445
P,0.7466
G,0.07132
Y,1.265
G,0.09009
S,0.8916
S,0.6519
S,1.398
T,1.336
V,0.8341
V,0.3552
N,1.277
G,1.647
V,0.6574
L,1.952
S,1.841
A,0.9461
Y,1.02
P,0.966
G,0.8075
S,0.5674
T,0.8767
A,0.8323
E,0.9621
A,0.635
I,0.2651
N,1.441
Y,0.1277
P,0.1103
A,0.0535
C,0.7056
G,0.6546
G,0.5788
Q,1.145
S,1.145
S,1.405
C,0.7857
G,0.7089
G,1.102
A,1.874
S,0.9618
Y,0.1745
S,1.339
S,1.568
S,0.05529
V,0.6149
A,1.97
Q,1.496
G,0.05616
I,0.5019
A,1.986
A,0.4356
V,0.5939
A,0.9047
S,1.91
A,0.6232
V,0.6738
N,0.9347
S,1.583
F,0.8929
N,0.5635
S,3.218
Q,2.005
C,0.0589
P,0.2559
S,2.242
T,0.5265
K,0.9407
I,0.6304
V,0.1838
L,0.5453
V,0.8512
G,0.06601
Y,0.2962
S,0.05204
Q,0.05167
G,0.06585
G,0.2452
E,0.5392
I,0.3112
M,0.99
D,0.4018
V,0.2305
A,0.6671
L,0.9408
C,0.2869
G,0.3117
G,0.6058
G,0.6627
D,0.8928
P,1.821
N,1.599
Q,1.835
G,1.545
Y,1.209
T,0.8308
N,1.685
T,1.369
A,0.8637
V,1.943
Q,0.8832
L,0.8675
S,0.796
S,1.529
S,2.167
A,0.8699
V,1.327
N,1.714
M,1.096
V,0.5189
K,1.076
A,0.1156
A,0.7201
I,0.4901
F,1.154
M,0.5787
G,0.1491
D,0.2515
P,0.1408
M,0.3698
F,0.9775
R,1.351
A,1.123
G,1.019
L,0.6901
S,1.059
Y,0.8481
E,0.8876
V,0.9938
G,0.2625
T,0.476
C,0.7651
A,1.539
A,0.7177
G,3.044
G,0.9957
F,0.7404
D,0.5966
Q,1.264
R,0.6488
P,0.5682
A,2.663
G,1.035
F,0.8952
S,1.385
C,0.1397
P,0.9151
S,1.524
A,1.452
A,2.501
K,1.457
I,0.7317
K,1.061
S,0.2125
Y,0.6455
C,0.05877
D,0.2482
A,1.641
S,1.448
D,0.0516
P,0.9374
Y,0.6567
C,0.05877
C,0.4954
N,0.6827
G,0.08578
S,1.502
N,0.9739
A,1.727
A,1.769
T,0.663
H,0.05247
Q,1.108
G,1.261
Y,0.1978
G,0.9239
S,2.083
E,1.648
Y,0.8033
G,1.237
S,1.792
Q,1.798
A,0.1571
L,1.294
A,1.973
F,0.273
V,0.5146
K,0.8796
S,1.232
K,1.228
L,1.041
G,2.212
