"pdb_aa","rate"
S,0.7886
C,-1.377
P,-0.2966
A,1.543
I,-0.5325
H,-0.8997
V,-0.1734
F,-0.8056
G,-0.3983
A,-1.361
R,-1.39
E,-1.097
T,-1.187
T,-0.1726
A,-0.622
S,0.8549
P,-0.2702
G,-1.359
Y,0.5657
G,-1.329
S,-0.03662
S,-0.423
S,0.7793
T,0.6791
V,-0.1292
V,-0.9011
N,0.5846
G,1.181
V,-0.4141
L,1.672
S,1.494
A,0.05128
Y,0.1711
P,0.08336
G,-0.1721
S,-0.5592
T,-0.06057
A,-0.1321
E,0.07705
A,-0.4501
I,-1.046
N,0.8493
Y,-1.268
P,-1.296
A,-1.388
C,-0.3364
G,-0.4185
G,-0.5408
Q,0.3716
S,0.372
S,0.7916
C,-0.2072
G,-0.331
G,0.3027
A,1.548
S,0.07663
Y,-1.193
S,0.6846
S,1.054
S,-1.385
V,-0.4826
A,1.702
Q,0.9378
G,-1.383
I,-0.6648
A,1.728
A,-0.7716
V,-0.5165
A,-0.01539
S,1.605
A,-0.4692
V,-0.3877
N,0.03291
S,1.077
F,-0.03453
N,-0.5655
S,3.714
Q,1.757
C,-1.379
P,-1.061
S,2.14
T,-0.625
K,0.04265
I,-0.4576
V,-1.177
L,-0.5947
V,-0.1017
G,-1.367
Y,-0.9963
S,-1.39
Q,-1.39
G,-1.368
G,-1.079
E,-0.6046
I,-0.9721
M,0.1221
D,-0.8261
V,-1.102
A,-0.3985
L,0.0427
C,-1.011
G,-0.9713
G,-0.4972
G,-0.4055
D,-0.03461
P,1.462
N,1.104
Q,1.484
G,1.016
Y,0.4754
T,-0.1345
N,1.242
T,0.7331
A,-0.08154
V,1.657
Q,-0.0501
L,-0.07533
S,-0.1906
S,0.9903
S,2.019
A,-0.07155
V,0.6658
N,1.289
M,0.2921
V,-0.6373
K,0.2609
A,-1.287
A,-0.313
I,-0.6837
F,0.3871
M,-0.5409
G,-1.233
D,-1.068
P,-1.247
M,-0.8777
F,0.1019
R,0.7046
A,0.336
G,0.1692
L,-0.3614
S,0.2334
Y,-0.1067
E,-0.04296
V,0.1281
G,-1.051
T,-0.7064
C,-0.2404
A,1.007
A,-0.3168
G,3.433
G,0.1313
F,-0.2803
D,-0.5122
Q,0.5634
R,-0.4279
P,-0.5578
A,2.819
G,0.1946
F,-0.03076
S,0.7594
C,-1.249
P,0.001374
S,0.983
A,0.8662
A,2.558
K,0.8751
I,-0.2942
K,0.2357
S,-1.131
Y,-0.4332
C,-1.379
D,-1.074
A,1.172
S,0.8601
D,-1.391
P,0.03724
Y,-0.4153
C,-1.379
C,-0.6753
N,-0.3734
G,-1.335
S,0.947
N,0.09603
A,1.31
A,1.378
T,-0.405
H,-1.389
Q,0.3128
G,0.5585
Y,-1.155
G,0.01555
S,1.884
E,1.183
Y,-0.179
G,0.5204
S,1.414
Q,1.425
A,-1.22
L,0.6114
A,1.707
F,-1.034
V,-0.6443
K,-0.05586
S,0.5126
K,0.5049
L,0.2037
G,2.091
