"pdb_aa","rate"
A,1.292
S,0.9048
T,0.265
D,1.316
Y,0.7975
W,0.5188
Q,0.1649
N,0.8623
W,0.4994
T,0.407
D,0.3291
G,1.063
G,2.113
G,0.8525
I,2.097
V,0.3554
N,0.635
A,0.5564
V,1.018
N,0.1808
G,0.993
S,1.112
G,1.007
G,0.05623
N,0.9256
Y,0.3751
S,0.5263
V,0.4094
N,1.855
W,0.1923
S,1.472
N,0.6875
T,1.254
G,0.4288
N,0.1362
F,0.7029
V,0.1379
V,0.7005
G,0.05623
K,0.1055
G,0.05623
W,0.101
T,0.9481
T,1.016
G,0.09484
S,0.9157
P,1.466
F,1.788
R,0.4827
T,1.666
I,0.7574
N,1.218
Y,0.4846
N,0.2399
A,0.4666
G,0.3994
V,1.462
W,1.1
A,1.436
P,0.7757
N,0.786
G,0.3279
N,0.136
G,0.5818
Y,0.2877
L,0.2972
T,0.726
L,0.7946
Y,0.05912
G,0.05623
W,0.101
T,0.2548
R,0.9268
S,0.7038
P,0.4399
L,0.09209
I,0.5284
E,0.04384
Y,0.1584
Y,0.1077
V,0.3875
V,0.3381
D,0.2382
S,0.7511
W,0.88
G,0.0947
T,1.069
Y,0.4915
R,0.4306
P,0.08399
T,0.4068
G,0.764
T,1.023
Y,2.314
K,1.223
G,0.05623
T,0.6311
V,0.4498
K,1.64
S,0.4519
D,0.05855
G,0.1493
G,0.757
T,0.7468
Y,0.05912
D,0.6174
I,0.2481
Y,0.5847
T,1.47
T,0.8342
T,0.9401
R,0.1294
Y,1.76
N,0.3215
A,0.5026
P,0.05172
S,0.04389
I,0.1734
D,1.783
G,0.1475
D,0.6033
R,2.205
T,0.655
T,0.1518
F,0.05693
T,2.114
Q,0.09061
Y,1.498
W,0.3842
S,0.06278
V,0.14
R,0.1301
Q,0.8327
S,1.037
K,0.6116
R,0.2022
P,1.168
T,0.8217
G,0.09516
S,1.072
N,0.2656
A,1.739
T,0.8079
I,0.2488
T,0.445
F,0.7026
T,2.15
N,0.3593
H,0.05424
V,0.2804
N,0.8777
A,0.1082
W,0.1013
K,1.965
S,1.906
H,2.442
G,0.149
M,0.6324
N,2.12
L,0.733
G,0.1547
S,1.238
N,1.646
W,0.9021
A,0.9644
Y,0.1712
Q,0.4881
V,0.3408
M,1.192
A,0.1999
T,0.3052
E,0.1443
G,0.2068
Y,0.399
Q,1.57
S,0.1196
S,0.2499
G,0.05685
S,0.7845
S,0.5722
N,1.192
V,0.5268
T,0.2148
V,0.2066
W,1.535
