"pdb_aa","rate"
A,1.055
S,0.3855
T,-0.7208
D,1.096
Y,0.1999
W,-0.282
Q,-0.894
N,0.312
W,-0.3155
T,-0.4754
D,-0.6101
G,0.6597
G,2.475
G,0.295
I,2.448
V,-0.5645
N,-0.08108
A,-0.2171
V,0.5806
N,-0.8665
G,0.538
S,0.7438
G,0.562
G,-1.082
N,0.4215
Y,-0.5305
S,-0.2691
V,-0.4712
N,2.029
W,-0.8466
S,1.367
N,0.009728
T,0.9902
G,-0.4376
N,-0.9437
F,0.03631
V,-0.9406
V,0.03228
G,-1.082
K,-0.9968
G,-1.082
W,-1.004
T,0.4604
T,0.578
G,-1.015
S,0.4043
P,1.356
F,1.913
R,-0.3444
T,1.702
I,0.1305
N,0.9275
Y,-0.3411
N,-0.7643
A,-0.3723
G,-0.4884
V,1.348
W,0.7227
A,1.304
P,0.1623
N,0.18
G,-0.6121
N,-0.9439
G,-0.1731
Y,-0.6817
L,-0.6652
T,0.07634
L,0.1949
Y,-1.077
G,-1.082
W,-1.004
T,-0.7386
R,0.4236
S,0.03788
P,-0.4184
L,-1.02
I,-0.2654
E,-1.103
Y,-0.9051
Y,-0.993
V,-0.509
V,-0.5945
D,-0.7673
S,0.1197
W,0.3425
G,-1.015
T,0.6688
Y,-0.3292
R,-0.4346
P,-1.034
T,-0.4756
G,0.142
T,0.5896
Y,2.822
K,0.9349
G,-1.082
T,-0.08787
V,-0.4013
K,1.657
S,-0.3976
D,-1.078
G,-0.9209
G,0.1299
T,0.1122
Y,-1.077
D,-0.1115
I,-0.7501
Y,-0.1681
T,1.363
T,0.2634
T,0.4466
R,-0.9554
Y,1.865
N,-0.6231
A,-0.3099
P,-1.09
S,-1.103
I,-0.8793
D,1.905
G,-0.924
D,-0.1359
R,2.634
T,-0.04648
T,-0.9166
F,-1.081
T,2.476
Q,-1.022
Y,1.411
W,-0.5148
S,-1.071
V,-0.9371
R,-0.9541
Q,0.2609
S,0.6142
K,-0.1215
R,-0.8295
P,0.8401
T,0.2418
G,-1.015
S,0.6752
N,-0.7199
A,1.828
T,0.2179
I,-0.7489
T,-0.4096
F,0.03581
T,2.54
N,-0.5578
H,-1.085
V,-0.6942
N,0.3386
A,-0.992
W,-1.004
K,2.218
S,2.116
H,3.043
G,-0.9214
M,-0.08562
N,2.487
L,0.08842
G,-0.9116
S,0.9619
N,1.667
W,0.3809
A,0.4886
Y,-0.8831
Q,-0.3351
V,-0.5899
M,0.8821
A,-0.8335
T,-0.6513
E,-0.9296
G,-0.8216
Y,-0.4892
Q,1.536
S,-0.9723
S,-0.747
G,-1.081
S,0.1775
S,-0.1897
N,0.8821
V,-0.2682
T,-0.8078
V,-0.8218
W,1.476
