"pdb_aa","rate"
E,0.9087
N,0.02855
P,1.213
A,-0.3262
S,0.5911
K,1.81
P,0.3692
T,0.9893
P,1.142
V,0.7712
Q,1.484
D,-0.1948
V,2.11
Q,0.819
G,-0.02227
D,-0.4129
G,1.24
R,-0.3253
W,-0.4637
M,0.8725
S,-0.1095
L,-0.3327
H,-1.357
H,0.5242
R,0.602
F,-0.08203
V,0.1438
A,0.4394
D,0.6002
S,-0.2946
K,0.2699
D,0.7044
K,0.1619
E,-0.06358
P,-0.1576
E,-0.2202
V,-0.6731
V,-0.4346
F,-0.6685
I,-0.3702
G,-1.494
D,-1.495
S,-1.495
A,-1.113
V,-1.164
Q,-0.5952
L,0.4932
M,-0.4454
H,0.9945
Q,0.06496
C,0.0889
E,1.389
I,0.3397
W,-0.8477
R,0.6582
E,1.05
L,0.9568
F,-0.5506
S,-0.3385
P,0.3427
L,0.4062
H,-0.3852
A,-0.6195
L,-0.8656
N,-1.495
F,-0.8905
G,-1.27
I,-0.8552
G,-0.2797
G,-0.6865
D,-1.494
S,-0.1178
T,-1.461
Q,-0.5817
H,-0.8884
V,-0.9216
L,-1.133
W,-0.8538
R,-1.495
L,-0.5615
E,0.6466
N,-0.8903
G,-1.004
E,-0.3726
L,-0.3143
E,-0.2542
H,0.2535
I,-0.3808
R,1.452
P,-1.321
K,-0.884
I,-0.4152
V,-0.5959
V,-1.277
V,-0.06522
W,-0.6771
V,-1.185
G,-1.494
T,-1.466
N,-1.485
N,-1.495
H,0.6383
G,1.41
H,0.4009
T,-0.1558
A,-0.2107
E,-0.1226
Q,0.1264
V,-0.6679
T,-0.7129
G,1.044
G,-1.325
I,-0.8609
K,1.276
A,-0.08063
I,-0.8303
V,-0.3764
Q,3.29
L,1.912
V,-0.5241
N,0.1626
E,2.198
R,0.04381
Q,-0.09928
P,-1.173
Q,1.349
A,-0.585
R,0.3034
V,-0.5411
V,-0.33
V,-0.6326
L,-0.3017
G,-0.4105
L,-0.7412
L,-1.007
P,-1.495
R,-1.214
G,-0.7239
Q,0.4981
H,1.532
P,0.281
N,-0.9046
P,1.108
L,0.311
R,-1.219
E,1.493
K,0.4562
N,-0.8356
R,1.53
R,2.064
V,-0.5279
N,-1.495
E,2.295
L,0.962
V,-0.5649
R,1.58
A,1.24
A,1.484
L,0.3897
A,2.103
G,1.644
H,3.116
P,1.728
R,0.7214
A,-0.4013
H,1.043
F,0.247
L,-0.2067
D,-0.4569
A,-0.06692
D,-0.1015
P,1.77
G,1.284
F,-0.6453
V,-0.3393
H,0.1614
S,1.351
D,-0.5383
G,-0.987
T,0.1959
I,-0.725
S,-0.3804
H,0.7405
H,0.6678
D,-0.7856
M,-0.9467
Y,0.3808
D,-1.495
Y,1.073
L,-0.8475
H,-1.491
L,-0.9196
S,-0.8459
R,1.057
L,2.694
G,-1.143
Y,-1.086
T,0.8046
P,-0.03994
V,-0.1125
C,-0.7274
R,0.2502
A,-0.6432
L,-0.5266
H,0.6355
S,0.5111
L,1.367
L,-0.063
L,1.58
R,0.5679
L,0.1948
L,-0.524
