"pdb_aa","rate"
E,1.387
N,0.9119
P,1.551
A,0.7203
S,1.216
K,1.874
P,1.096
T,1.431
P,1.513
V,1.313
Q,1.697
D,0.7913
V,2.035
Q,1.339
G,0.8844
D,0.6735
G,1.566
R,0.7208
W,0.6461
M,1.368
S,0.8373
L,0.7169
H,0.164
H,1.18
R,1.222
F,0.8522
V,0.9741
A,1.134
D,1.221
S,0.7374
K,1.042
D,1.277
K,0.9839
E,0.8621
P,0.8114
E,0.7776
V,0.5331
V,0.6618
F,0.5356
I,0.6966
G,0.0898
D,0.08917
S,0.0892
A,0.2956
V,0.268
Q,0.5751
L,1.163
M,0.656
H,1.433
Q,0.9315
C,0.9445
E,1.646
I,1.08
W,0.4388
R,1.252
E,1.463
L,1.413
F,0.5992
S,0.7137
P,1.081
L,1.116
H,0.6885
A,0.562
L,0.4291
N,0.08953
F,0.4156
G,0.2106
I,0.4347
G,0.7455
G,0.5258
D,0.08976
S,0.8329
T,0.1074
Q,0.5824
H,0.4168
V,0.3989
L,0.2845
W,0.4355
R,0.08919
L,0.5933
E,1.246
N,0.4158
G,0.3542
E,0.6953
L,0.7268
E,0.7592
H,1.033
I,0.6909
R,1.68
P,0.183
K,0.4192
I,0.6723
V,0.5747
V,0.207
V,0.8613
W,0.5309
V,0.2564
G,0.0897
T,0.1052
N,0.09467
N,0.08915
H,1.241
G,1.658
H,1.113
T,0.8123
A,0.7827
E,0.8303
Q,0.9647
V,0.5359
T,0.5115
G,1.46
G,0.1812
I,0.4317
K,1.585
A,0.8529
I,0.4482
V,0.6932
Q,2.673
L,1.929
V,0.6135
N,0.9843
E,2.083
R,0.9201
Q,0.8429
P,0.2633
Q,1.625
A,0.5806
R,1.06
V,0.6043
V,0.7183
V,0.5549
L,0.7336
G,0.6748
L,0.4963
L,0.3529
P,0.08923
R,0.2408
G,0.5056
Q,1.165
H,1.724
P,1.048
N,0.408
P,1.495
L,1.064
R,0.2386
E,1.702
K,1.143
N,0.4453
R,1.722
R,2.011
V,0.6115
N,0.08913
E,2.136
L,1.416
V,0.5915
R,1.749
A,1.566
A,1.697
L,1.107
A,2.032
G,1.784
H,2.579
P,1.829
R,1.286
A,0.6798
H,1.46
F,1.03
L,0.7849
D,0.6498
A,0.8603
D,0.8417
P,1.852
G,1.59
F,0.548
V,0.7132
H,0.9836
S,1.626
D,0.6059
G,0.3636
T,1.002
I,0.505
S,0.6911
H,1.296
H,1.257
D,0.4723
M,0.3853
Y,1.102
D,0.08913
Y,1.476
L,0.4389
H,0.09153
L,0.4
S,0.4398
R,1.467
L,2.351
G,0.2792
Y,0.31
T,1.331
P,0.8749
V,0.8357
C,0.5037
R,1.032
A,0.5492
L,0.6121
H,1.24
S,1.172
L,1.634
L,0.8625
L,1.75
R,1.203
L,1.002
L,0.6135
