"pdb_aa","rate"
M,0.7596
Q,1.795
F,0.01499
S,0.3837
K,0.01116
M,0.008965
H,0.3314
G,0.0339
L,0.2064
G,0.01463
N,0.008473
D,0.009841
F,0.01485
V,0.5375
V,0.1464
V,0.8878
D,0.1175
G,0.7519
V,0.7273
T,1.093
Q,0.3952
N,1.813
V,1.377
F,2.697
F,1.014
T,1.231
P,1.941
E,1.821
T,1.576
I,0.7785
R,0.9473
R,2.35
L,0.7706
A,0.4774
N,0.5479
R,0.009935
H,0.7847
C,1.324
G,0.03373
I,0.9073
G,0.01457
F,0.3095
D,0.03541
Q,0.009798
L,0.7286
L,0.01419
I,1.3
V,0.099
E,0.1
A,1.506
P,0.8592
Y,1.951
D,1.846
P,1.426
E,1.882
L,1.036
D,0.1056
F,0.03434
H,0.3949
Y,0.08356
R,0.04956
I,0.02933
F,0.3919
N,0.008441
A,0.4438
D,0.1044
G,0.0563
S,0.6812
E,0.0391
V,0.05267
S,0.6925
Q,0.1975
C,0.01641
G,0.01457
N,0.008441
G,0.01457
A,0.1238
R,0.0207
C,0.0631
F,0.1474
A,0.2088
R,0.709
F,0.3735
V,0.07644
T,1.564
L,1.159
K,1.21
G,1.04
L,0.09689
T,0.3384
N,1.668
K,0.605
K,2.274
D,1.996
I,0.4426
S,1.994
V,0.08852
S,0.3799
T,0.02808
Q,1.235
K,2.003
G,0.2922
N,1.997
M,0.517
V,1.884
L,0.3141
T,2.699
V,1.551
K,1.812
D,2.702
M,0.9352
N,1.241
Q,2.444
I,0.4937
R,1.015
V,0.04116
N,0.4849
M,0.008929
G,0.1003
E,1.944
P,0.0299
I,2.561
W,1.043
E,2.683
P,0.2665
A,2.47
K,2.703
I,0.64
P,0.06933
F,0.4432
T,2.702
A,0.5378
N,2.692
K,2.68
F,2.696
E,0.95
K,2.656
N,1.928
Y,0.3367
I,2.655
L,1.243
R,2.575
T,1.355
D,4.7
I,2.617
Q,2.701
T,1.83
V,2.637
L,2.665
C,1.158
G,0.6581
A,0.7762
V,0.4423
S,0.09713
M,0.2216
G,0.01457
N,0.008441
P,0.01317
H,0.009195
C,0.3811
V,0.1956
V,1.444
Q,1.905
V,0.08823
D,1.66
D,1.104
I,1.018
Q,2.679
T,2.203
A,0.4772
N,1.506
V,0.1592
E,2.703
Q,4.7
L,1.725
G,0.03377
P,1.117
L,4.554
L,0.9081
E,0.2332
S,2.672
H,0.1372
E,1.865
R,0.8863
F,0.01478
P,0.2668
E,1.842
R,0.7283
V,0.4153
N,0.008441
A,0.5528
G,0.09857
F,0.1016
M,0.3757
Q,0.4194
I,1.197
I,1.569
N,1.544
K,1.53
E,3.546
H,1.651
I,0.7426
K,1.132
L,0.03277
R,0.009935
V,0.01674
Y,1.901
E,0.01061
R,0.009935
G,0.1421
A,0.8153
G,0.2234
E,0.0394
T,0.01528
Q,0.6587
A,0.05188
C,0.01641
G,0.03377
S,0.3228
G,0.07568
A,0.04098
C,0.06405
A,0.122
A,0.04113
V,0.3797
A,0.3131
V,1.057
G,0.2099
I,0.6833
M,1.669
Q,0.8959
G,1.173
L,1.301
L,0.1755
N,1.83
N,2.7
N,2.745
V,0.1357
Q,2.721
V,0.2414
D,2.121
L,0.2774
P,0.8044
G,0.05725
G,0.03387
S,2.704
L,0.1395
M,2.702
I,0.265
E,2.7
W,0.1578
N,2.699
G,0.3896
V,3.543
G,1.887
H,2.703
P,1.501
L,0.2504
Y,2.839
M,0.0803
T,0.3119
G,0.01459
E,0.4211
A,0.2278
T,1.556
H,0.8512
I,0.158
Y,0.6888
D,0.863
G,0.09992
F,1.531
I,0.7278
T,2.704
L,1.928
