"pdb_aa","rate"
S,1.807
P,3.555
G,3.616
V,3.766
V,1.339
I,0.3572
S,1.566
D,0.2267
D,0.6904
E,1.33
P,1.231
G,0.5318
Y,0.6401
D,0.95
L,0.6999
D,0.9846
L,0.7648
F,0.3124
C,0.5597
I,0.622
P,0.3408
N,0.9903
H,0.3343
Y,0.1969
A,1.077
E,1.114
D,0.4542
L,0.4983
E,0.8504
R,1.027
V,0.3897
F,0.5278
I,0.4769
P,0.4019
H,0.6313
G,0.4541
L,0.7766
I,0.2409
M,1.089
D,0.9784
R,0.2448
T,0.4174
E,0.878
R,0.3703
L,0.3459
A,0.1284
R,1.191
D,0.7308
V,0.1564
M,0.5387
K,1.427
E,0.5172
M,0.4394
G,0.5668
G,1.008
H,1.212
H,0.5948
I,0.4982
V,0.5244
A,0.5894
L,0.351
C,0.2075
V,0.2155
L,0.03744
K,0.09981
G,0.04867
G,0.1789
Y,0.4579
K,0.556
F,0.05231
F,0.403
A,0.3914
D,0.1405
L,0.08208
L,0.6482
D,0.3876
Y,1.253
I,0.3719
K,0.7762
A,0.8449
L,0.5992
N,0.3112
R,0.7252
N,0.4713
S,0.5557
D,1.338
R,1.212
S,0.6311
I,0.7506
P,0.4565
M,0.6071
T,0.717
V,0.5366
D,0.1756
F,0.0707
I,0.1701
R,0.2911
L,0.2979
K,0.119
S,0.06296
Y,0.03513
C,0.9854
N,0.4233
D,0.2772
Q,1.181
S,0.1324
T,0.1831
G,0.1986
D,0.7928
I,0.1601
K,0.5027
V,0.2458
I,0.7052
G,0.6348
G,0.3963
D,0.3285
D,0.3604
L,0.3649
S,0.7966
T,0.9025
L,0.2692
T,0.7779
G,0.3584
K,0.2595
N,0.4112
V,0.2484
L,0.3741
I,0.2983
V,0.1938
E,0.1038
D,0.03233
I,0.09887
I,0.2998
D,0.09651
T,0.1482
G,0.03413
K,0.6909
T,0.03193
M,0.2066
Q,0.7188
T,0.5925
L,0.1215
L,0.8903
S,1.007
L,0.8675
V,0.3436
R,1.281
Q,1.12
Y,0.4199
N,1.027
P,0.1826
K,0.6214
M,0.1733
V,0.549
K,0.54
V,0.2897
A,0.293
S,0.2476
L,0.09598
L,0.1825
V,0.2675
K,0.032
R,0.1447
T,0.5202
P,0.473
R,0.3126
S,0.5343
V,0.76
G,0.7207
Y,0.4314
K,1.22
P,0.3475
D,0.1412
F,0.2684
V,0.601
G,0.1092
F,0.1203
E,0.6752
I,0.2815
P,0.1217
D,0.1947
K,0.82
F,0.09894
V,0.2049
V,0.1002
G,0.03218
Y,0.1735
A,0.1025
L,0.1599
D,0.03193
Y,0.2907
N,0.2649
E,0.2138
Y,0.993
F,0.2315
R,0.03238
D,0.09638
L,0.1869
N,0.3554
H,0.3202
V,0.2774
C,0.3355
V,0.4865
I,0.322
S,0.41
E,1.016
T,0.941
G,0.7528
K,0.5015
A,0.9586
K,1.146
Y,1.171
K,0.8346
A,1.594
