"pdb_aa","rate"
S,2.407
P,5.761
G,5.878
V,6.165
V,1.51
I,-0.3746
S,1.944
D,-0.6248
D,0.2647
E,1.491
P,1.301
G,-0.03954
Y,0.1683
D,0.7628
L,0.283
D,0.8291
L,0.4075
F,-0.4606
C,0.01388
I,0.1334
P,-0.4061
N,0.84
H,-0.4186
Y,-0.6821
A,1.006
E,1.077
D,-0.1885
L,-0.1038
E,0.5717
R,0.9108
V,-0.3122
F,-0.0472
I,-0.145
P,-0.2888
H,0.1514
G,-0.1886
L,0.4301
I,-0.5977
M,1.029
D,0.8172
R,-0.5903
T,-0.2591
E,0.6247
R,-0.3494
L,-0.3963
A,-0.8135
R,1.226
D,0.3422
V,-0.7598
M,-0.02636
K,1.678
E,-0.06761
M,-0.2169
G,0.02763
G,0.8744
H,1.266
H,0.0813
I,-0.1039
V,-0.0538
A,0.0709
L,-0.3865
C,-0.6617
V,-0.6465
L,-0.988
K,-0.8684
G,-0.9665
G,-0.7166
Y,-0.1813
K,0.006808
F,-0.9595
F,-0.2867
A,-0.309
D,-0.7904
L,-0.9024
L,0.1837
D,-0.3163
Y,1.344
I,-0.3464
K,0.4293
A,0.5612
L,0.08978
N,-0.4627
R,0.3316
N,-0.1556
S,0.006305
D,1.507
R,1.265
S,0.151
I,0.3803
P,-0.1841
M,0.1049
T,0.3158
V,-0.03029
D,-0.723
F,-0.9242
I,-0.7335
R,-0.5013
L,-0.4882
K,-0.8316
S,-0.9391
Y,-0.9925
C,0.8306
N,-0.2477
D,-0.528
Q,1.207
S,-0.8058
T,-0.7086
G,-0.6788
D,0.4612
I,-0.7528
K,-0.09534
V,-0.5882
I,0.2931
G,0.158
G,-0.2995
D,-0.4296
D,-0.3685
L,-0.3598
S,0.4685
T,0.6716
L,-0.5435
T,0.4325
G,-0.3723
K,-0.562
N,-0.2709
V,-0.5832
L,-0.3422
I,-0.4876
V,-0.688
E,-0.8608
D,-0.9979
I,-0.8702
I,-0.4847
D,-0.8747
T,-0.7755
G,-0.9944
K,0.2658
T,-0.9986
M,-0.6634
Q,0.3193
T,0.07698
L,-0.8267
L,0.6483
S,0.8713
L,0.6046
V,-0.4006
R,1.399
Q,1.089
Y,-0.2542
N,0.91
P,-0.7095
K,0.1323
M,-0.7274
V,-0.006552
K,-0.02375
V,-0.5041
A,-0.4978
S,-0.5849
L,-0.8757
L,-0.7098
V,-0.5466
K,-0.9985
R,-0.7823
T,-0.0618
P,-0.1523
R,-0.4601
S,-0.0348
V,0.3982
G,0.3229
Y,-0.2322
K,1.281
P,-0.3932
D,-0.789
F,-0.5449
V,0.09311
G,-0.8504
F,-0.829
E,0.2355
I,-0.5197
P,-0.8263
D,-0.6864
K,0.5134
F,-0.87
V,-0.6667
V,-0.8676
G,-0.9981
Y,-0.727
A,-0.8633
L,-0.7531
D,-0.9986
Y,-0.5021
N,-0.5516
E,-0.6497
Y,0.8454
F,-0.6157
R,-0.9977
D,-0.875
L,-0.7013
N,-0.3779
H,-0.4455
V,-0.5277
C,-0.4162
V,-0.1264
I,-0.442
S,-0.2733
E,0.8898
T,0.7455
G,0.3844
K,-0.09769
A,0.7794
K,1.138
Y,1.187
K,0.5414
A,1.997
