"pdb_aa","rate"
M,0.215
N,0.1626
I,-0.4687
V,-0.7324
V,-0.813
L,-0.8948
I,-0.525
S,-0.9577
G,-0.9516
N,-0.1765
G,-0.9516
S,-0.6847
N,-0.9511
L,-0.8025
Q,-0.8543
A,-0.7395
I,-0.1399
I,-0.6101
D,-0.6011
A,-0.2675
C,0.722
K,2.032
T,2.022
N,1.176
K,2.028
I,0.1282
K,0.9657
G,0.1035
T,1.268
V,-0.4528
R,0.6476
A,-0.6064
V,-0.9375
F,-0.3967
S,-0.8285
N,-0.9277
K,-0.1606
A,0.09144
D,0.3738
A,-0.7954
F,1.3
G,-0.7556
L,-0.9144
E,1.178
R,-0.7592
A,-0.9571
R,1.261
Q,1.961
A,-0.6385
G,0.6616
I,-0.7304
A,1.206
T,-0.006559
H,1.981
T,0.3159
L,0.08735
I,0.672
A,-0.4929
S,1.209
A,2.028
F,0.7608
D,1.316
S,0.1142
R,-0.8675
E,0.5729
A,0.5267
Y,-0.4186
D,-0.9199
R,1.313
E,-0.1642
L,-0.6985
I,0.586
H,2.028
E,1.88
I,-0.619
D,-0.3927
M,1.942
Y,1.103
A,1.232
P,-0.6905
D,-0.475
V,-0.3206
V,-0.3035
V,-0.469
L,-0.9144
A,-0.9506
G,-0.9517
F,-0.7428
M,-0.9568
R,-0.9189
I,-0.9079
L,-0.9354
S,-0.5366
P,1.148
A,2.006
F,-0.7255
V,-0.7736
S,0.8008
H,-0.3599
Y,-0.1753
A,1.627
G,-0.7657
R,-0.4229
L,-0.3656
L,0.02903
N,-0.9572
I,-0.8965
H,-0.9565
P,-0.953
S,-0.9531
L,-0.952
L,-0.952
P,-0.953
K,-0.2899
Y,-0.6064
P,-0.1207
G,-0.9517
L,-0.7771
H,-0.2412
T,-0.9574
H,-0.8855
R,-0.3853
Q,-0.7204
A,-0.7651
L,-0.2727
E,0.2262
N,-0.6809
G,-0.1287
D,-0.5503
E,2.158
E,-0.03313
H,-0.912
G,-0.9517
T,-0.4228
S,-0.7793
V,-0.8181
H,-0.9565
F,-0.8708
V,-0.957
T,-0.8595
D,-0.1996
E,-0.498
L,-0.8398
D,-0.956
G,-0.5029
G,-0.9517
P,-0.9036
V,-0.2424
I,-0.3395
L,0.01888
Q,-0.9472
A,-0.7623
K,0.555
V,-0.5683
P,-0.009673
V,-0.3731
F,1.221
A,2.021
G,1.96
D,-0.8541
S,0.5089
E,0.1508
D,1.325
D,0.79
I,-0.4099
T,-0.1481
A,1.21
R,-0.7316
V,-0.7946
Q,-0.4544
T,2.022
Q,-0.4357
E,-0.9553
H,-0.7656
A,1.283
I,-0.6509
Y,-0.844
P,-0.9185
L,0.1894
V,-0.6615
I,-0.221
S,0.6458
W,-0.4802
F,-0.2131
A,0.1183
D,0.8216
G,0.54
R,-0.8049
L,-0.5025
K,2.028
M,-0.2359
H,2.042
E,1.957
N,1.375
A,1.268
A,-0.5489
W,2.056
L,-0.3149
D,-0.7292
G,0.525
Q,2.654
R,4.241
L,-0.4357
P,0.4097
P,2.026
Q,1.296
G,-0.4682
Y,0.7412
A,0.1979
