"pdb_aa","rate"
M,1.065
N,1.018
I,0.4484
V,0.2105
V,0.1377
L,0.06389
I,0.3976
S,0.007071
G,0.01256
N,0.712
G,0.01256
S,0.2535
N,0.01308
L,0.1471
Q,0.1004
A,0.204
I,0.7451
I,0.3208
D,0.3289
A,0.6299
C,1.523
K,2.705
T,2.697
N,1.932
K,2.701
I,0.987
K,1.743
G,0.9648
T,2.015
V,0.4627
R,1.456
A,0.3241
V,0.02532
F,0.5134
S,0.1237
N,0.03417
K,0.7265
A,0.9539
D,1.209
A,0.1536
F,2.045
G,0.1895
L,0.04619
E,1.935
R,0.1862
A,0.007666
R,2.01
Q,2.641
A,0.2952
G,1.468
I,0.2122
A,1.96
T,0.8655
H,2.659
T,1.157
L,0.9502
I,1.478
A,0.4266
S,1.963
A,2.701
F,1.558
D,2.059
S,0.9745
R,0.08845
E,1.388
A,1.347
Y,0.4936
D,0.04125
R,2.057
E,0.7232
L,0.241
I,1.4
H,2.701
E,2.568
I,0.3127
D,0.517
M,2.624
Y,1.866
A,1.983
P,0.2482
D,0.4427
V,0.582
V,0.5975
V,0.4482
L,0.04618
A,0.01352
G,0.01253
F,0.2011
M,0.007925
R,0.04213
I,0.05203
L,0.02725
S,0.3871
P,1.907
A,2.682
F,0.2167
V,0.1733
S,1.594
H,0.5466
Y,0.7131
A,2.34
G,0.1804
R,0.4897
L,0.5415
L,0.8976
N,0.007547
I,0.06232
H,0.008133
P,0.01137
S,0.01122
L,0.01221
L,0.01221
P,0.01137
K,0.6097
Y,0.3241
P,0.7624
G,0.01253
L,0.1701
H,0.6537
T,0.007368
H,0.07225
R,0.5236
Q,0.2212
A,0.1809
L,0.6253
E,1.076
N,0.2568
G,0.7552
D,0.3747
E,2.819
E,0.8415
H,0.04837
G,0.01253
T,0.4898
S,0.1681
V,0.133
H,0.008133
F,0.08548
V,0.007692
T,0.0957
D,0.6913
E,0.4219
L,0.1135
D,0.008612
G,0.4175
G,0.01253
P,0.05594
V,0.6526
I,0.565
L,0.8884
Q,0.0166
A,0.1835
K,1.372
V,0.3585
P,0.8626
V,0.5347
F,1.973
A,2.695
G,2.64
D,0.1006
S,1.331
E,1.007
D,2.067
D,1.584
I,0.5015
T,0.7378
A,1.963
R,0.2111
V,0.1542
Q,0.4613
T,2.696
Q,0.4781
E,0.009266
H,0.1804
A,2.029
I,0.284
Y,0.1097
P,0.04246
L,1.042
V,0.2744
I,0.6719
S,1.454
W,0.438
F,0.679
A,0.9781
D,1.613
G,1.359
R,0.145
L,0.4179
K,2.701
M,0.6585
H,2.714
E,2.637
N,2.113
A,2.016
A,0.376
W,2.727
L,0.5872
D,0.2133
G,1.345
Q,3.267
R,4.699
L,0.4782
P,1.241
P,2.7
Q,2.041
G,0.4488
Y,1.54
A,1.05
