"pdb_aa","rate"
H,0.9822
W,0.4496
G,0.319
Y,0.3978
G,1.157
K,3.779
H,1.329
N,0.6583
G,0.06692
P,0.06901
E,1.015
H,0.801
W,0.1548
H,0.7384
K,0.8522
D,1.265
F,0.5381
P,0.2506
I,0.8129
A,0.1
K,0.8309
G,0.05754
E,0.9465
R,0.3462
Q,0.02084
S,0.01875
P,0.01753
V,0.1854
D,0.3219
I,0.05928
D,1.065
T,0.5801
H,1.068
T,0.9094
A,0.4
K,0.8267
Y,0.8952
D,0.1679
P,0.8878
S,0.8942
L,0.07254
K,0.8714
P,0.3746
L,0.2484
S,1.119
V,0.7392
S,0.8996
Y,0.09486
D,0.421
Q,0.6465
A,0.8512
T,0.5335
S,0.2818
L,0.7757
R,0.6644
I,0.2514
L,0.621
N,0.01616
N,0.1852
G,0.03733
H,0.1528
A,0.1808
F,0.2718
N,0.3128
V,0.06886
E,0.3938
F,0.2553
D,0.4809
D,0.1349
S,0.5954
Q,0.868
D,0.2834
K,0.5579
A,0.1602
V,0.3182
L,0.2332
K,0.7359
G,0.3096
G,0.03731
P,0.06414
L,0.2358
D,0.9671
G,0.6553
T,0.8174
Y,0.17
R,0.1587
L,0.08348
I,0.5981
Q,0.03087
F,0.3016
H,0.04066
F,0.2825
H,0.0191
W,0.02777
G,0.02385
S,0.5658
L,0.7662
D,0.3599
G,1.121
Q,0.9905
G,0.01818
S,0.01625
E,0.01658
H,0.01626
T,0.3255
V,0.2006
D,0.3415
K,0.4039
K,1.116
K,0.7347
Y,0.6361
A,0.4108
A,0.2516
E,0.01806
L,0.204
H,0.05545
L,0.381
V,0.09522
H,0.02739
W,0.08478
N,0.0647
T,0.4125
K,0.2016
Y,0.1612
G,1.123
D,0.4013
F,0.4974
G,0.8245
K,0.4823
A,0.0751
V,0.4577
Q,0.7901
Q,0.7589
P,0.5773
D,0.1735
G,0.05917
L,0.1644
A,0.0697
V,0.1037
L,0.4551
G,0.2728
I,0.3386
F,0.2111
L,0.3058
K,0.5406
V,0.4713
G,0.09934
S,1.112
A,0.6641
K,0.3306
P,0.6989
G,0.8161
L,0.2875
Q,0.2478
K,0.5546
V,0.443
V,0.4308
D,0.3614
V,0.5411
L,0.3153
D,0.7504
S,0.814
I,0.2375
K,0.5036
T,0.4967
K,0.1335
G,0.3809
K,0.4604
S,0.8482
A,0.5728
D,0.7823
F,0.346
T,0.951
N,0.7795
F,0.2305
D,0.2652
P,0.2164
R,0.6236
G,1.056
L,0.09785
L,0.186
P,0.02135
E,1.404
S,0.4947
L,0.783
D,0.397
Y,0.3731
W,0.1735
T,0.06161
Y,0.01865
P,1.265
G,0.01817
S,0.0168
L,0.07072
T,0.01638
T,0.04564
P,0.02171
P,0.032
L,0.125
L,0.621
E,0.02301
C,0.08531
V,0.07395
T,0.2982
W,0.02774
I,0.2663
V,0.2467
L,0.4041
K,0.4408
E,0.416
P,0.3636
I,0.1998
S,0.6913
V,0.3638
S,0.1072
S,0.6567
E,0.5694
Q,0.01729
V,0.5111
L,0.8043
K,0.6866
F,0.3195
R,0.09713
K,0.8358
L,0.2326
N,0.6474
F,0.4847
N,0.5312
G,1.131
E,0.8137
G,0.5039
E,0.3973
P,1.369
E,0.979
E,1.205
L,1.282
M,0.3404
V,0.4927
D,0.6048
N,0.06724
W,0.8763
R,0.07343
P,0.2602
A,0.773
Q,0.1641
P,0.3354
L,0.3904
K,0.6329
N,0.7773
R,0.06658
Q,1.341
I,0.3255
K,0.5944
A,0.3273
S,0.2243
F,0.4155
