"pdb_aa","rate"
M,0.005815
R,0.2004
L,0.5671
I,0.338
P,0.1091
L,0.8791
T,2.828
T,1.515
A,1.458
E,2.849
Q,2.84
V,0.5629
G,0.5007
K,2.556
W,0.4061
A,0.435
A,0.109
R,1.493
H,0.6854
I,0.2202
V,1.252
N,2.001
R,0.8711
I,0.05498
N,0.8708
A,2.452
F,0.7184
K,2.84
P,0.2063
T,0.5975
A,1.51
D,2.028
R,1.22
P,0.6641
F,0.06925
V,0.2524
L,0.08519
G,0.01011
L,0.1055
P,0.02629
T,0.01382
G,0.01011
G,0.4856
T,0.1999
P,0.009066
M,0.9949
T,1.475
T,0.3461
Y,0.01077
K,1.606
A,1.561
L,0.04696
V,0.2791
E,2.014
M,1.297
H,1.568
K,1.427
A,2.01
G,0.5089
Q,2.006
V,0.7087
S,0.0397
F,0.01027
K,1.506
H,0.9644
V,0.04615
V,0.6748
T,0.04289
F,0.01027
N,0.01444
M,0.005781
D,0.01771
E,0.007114
Y,0.01077
V,0.2588
G,0.5792
L,0.702
P,0.9011
K,1.819
E,1.311
H,0.0966
P,0.695
E,0.4995
S,0.04848
Y,0.03095
Y,0.4025
S,0.8896
F,0.2533
M,0.02675
H,2.074
R,1.896
N,0.3153
F,0.5207
F,0.1108
D,0.9268
H,0.2394
V,0.5496
D,0.2407
I,0.1239
P,2.703
A,1.821
E,1.545
N,0.1062
I,0.5714
N,0.3082
L,0.3125
L,0.1046
N,0.6175
G,0.01011
N,0.312
A,0.1823
P,2.855
D,0.3416
I,1.036
D,2.472
A,1.602
E,0.04731
C,0.01149
R,2.637
Q,2.013
Y,0.3517
E,0.007114
E,2.843
K,0.8654
I,0.1168
R,2.036
S,1.642
Y,1.353
G,0.01011
K,0.2965
I,0.2317
H,1.12
L,0.1618
F,0.01027
M,0.7536
G,0.1655
G,0.01011
V,0.2451
G,0.02866
N,0.9038
D,0.01771
G,0.01013
H,0.006034
I,0.2158
A,0.005506
F,0.01027
N,0.005376
E,0.01988
P,0.009066
A,0.3435
S,0.004813
S,0.01272
L,0.04709
A,1.33
S,0.01272
R,0.1438
T,0.005177
R,0.03071
I,0.8403
K,0.09552
T,0.3032
L,0.009829
T,0.1385
H,2.011
D,0.4622
T,0.005177
R,0.4627
V,1.276
A,0.2066
N,0.005376
S,0.1976
R,0.04322
F,0.02916
F,0.01027
D,1.442
N,0.6843
D,0.3464
V,1.292
N,1.469
Q,1.126
V,0.005533
P,0.009066
K,0.8964
Y,1.157
A,0.1606
L,0.1982
T,0.01385
V,0.09824
G,0.01013
V,0.1009
G,0.7484
T,0.005182
L,0.2876
L,0.4987
D,0.5533
A,0.3208
E,1.362
E,0.1161
V,0.229
M,0.8114
I,0.4069
L,0.5397
V,0.5275
L,0.4778
G,0.01011
S,1.016
Q,0.7502
K,0.007431
A,0.2901
L,1.18
A,0.01479
L,0.3465
Q,1.232
A,0.733
A,0.4773
V,0.4387
E,0.03333
G,0.5883
C,0.9388
V,0.6009
N,0.3671
H,0.1437
M,0.5196
W,0.5931
T,0.05329
I,0.4242
S,0.1669
C,0.3617
L,0.311
Q,0.006483
L,1.093
H,0.006001
P,1.408
K,1.123
A,0.8628
I,0.9521
M,0.5446
V,0.3605
C,0.6835
D,0.006478
E,0.4477
P,0.8599
S,0.1691
T,0.2993
M,1.381
E,0.08841
L,0.1227
K,0.4714
V,0.1098
K,0.4303
T,0.0236
L,0.2297
R,0.7353
Y,0.09473
F,0.1528
N,0.6296
E,0.8907
L,0.6402
E,0.5267
A,2.03
E,5.094
N,1.201
I,2.043
K,2.848
G,2.85
L,3.244
