"pdb_aa","rate"
A,4.314
V,2.739
K,1.524
I,0.5446
G,0.51
I,0.4733
I,0.1553
G,0.02929
G,0.08736
T,0.1265
G,0.06962
L,0.6462
D,0.2493
D,1.082
P,0.6524
E,1.672
I,0.7841
L,0.8661
E,1.783
G,1.553
R,1.49
T,2.522
E,0.7134
K,2.14
Y,2.584
V,0.8096
D,2.456
T,0.2239
P,0.3913
F,0.8954
G,0.04981
K,2.907
P,0.2504
S,0.06257
D,0.3023
A,1.794
L,1.266
I,1.245
L,1.908
G,0.1255
K,1.95
I,0.4965
K,2.53
N,0.7856
V,0.9478
D,2.559
C,0.5509
V,0.5403
L,0.4331
L,0.3045
A,0.4091
R,0.01365
H,0.01607
G,0.1414
R,0.4895
Q,1.364
H,0.02491
T,1.132
I,1.036
M,1.027
P,0.01591
S,0.7203
K,1.338
V,0.4835
N,0.229
Y,0.8544
Q,0.2344
A,0.01493
N,0.01466
I,0.2971
W,0.9937
A,0.1961
L,0.7606
K,0.3672
E,1.346
E,1.239
G,0.1055
C,0.373
T,0.5145
H,0.476
V,0.6965
I,0.7613
V,0.2504
T,0.4839
T,0.1965
A,0.08301
C,0.3732
G,0.06747
S,0.04226
L,0.153
R,0.9471
E,0.7004
E,1.698
I,0.7881
Q,1.513
P,0.09011
G,0.2038
D,0.6638
I,0.8399
V,0.26
I,0.8816
I,0.737
D,0.2319
Q,0.2245
F,0.4187
I,0.2893
D,0.01355
R,0.3259
T,0.08804
T,1.153
M,1.365
R,0.04482
P,2.593
Q,1.108
S,0.2431
F,0.2032
Y,0.5537
D,0.295
G,0.8238
S,1.692
H,2.213
S,2.495
C,1.289
A,1.872
R,1.067
G,1.079
V,0.185
C,0.5957
H,0.0252
I,0.4701
P,0.7218
M,0.6298
A,0.3825
E,0.9331
P,0.2088
F,0.6103
C,0.5201
P,1.825
K,1.622
T,0.4634
R,0.6628
E,2.554
V,1.714
L,1.202
I,1.655
E,2.579
T,0.9259
A,1.044
K,2.568
K,2.367
L,1.465
G,1.735
L,1.331
R,2.495
C,1.91
H,0.4999
S,1.943
K,1.198
G,0.1949
T,0.1385
M,0.591
V,0.9194
T,0.4112
I,0.2329
E,0.09852
G,0.02855
P,0.04321
R,0.1363
F,0.1459
S,0.01369
S,0.2505
R,1.146
A,0.1058
E,0.01909
S,0.01769
F,1.905
M,0.7236
F,0.5368
R,0.2649
T,1.18
W,0.9595
G,0.4527
A,0.7056
D,0.5306
V,0.4838
I,0.2384
N,0.07416
M,0.0156
T,0.04543
T,0.4283
V,0.3279
P,0.3688
E,0.01923
V,0.2789
V,0.7527
L,0.02778
A,0.04858
K,0.2947
E,0.01908
A,0.171
G,0.2909
I,0.7169
C,0.728
Y,0.1128
A,0.3563
S,0.6123
I,0.5807
A,0.1872
M,0.4636
A,0.4663
T,0.01433
D,0.02788
Y,0.4146
D,0.04455
C,0.3212
W,0.1008
A,1.237
V,0.04888
S,0.6948
V,0.3697
D,1.561
R,1.323
V,0.3666
L,1.205
K,2.064
T,0.6374
L,0.5779
K,2.118
E,1.831
N,0.1437
A,0.7848
N,2.231
K,1.349
A,0.3325
K,1.086
S,2.472
L,0.9064
L,0.7462
L,2.553
T,2.301
T,1.164
I,0.6077
P,1.922
Q,2.382
I,0.8533
G,2.58
S,2.568
T,1.564
E,1.828
W,0.6054
S,1.084
E,1.578
T,0.65
L,0.3838
H,1.807
N,2.57
L,0.4745
K,0.9031
N,1.881
M,0.5595
A,1.231
Q,1.474
F,2.571
S,1.852
V,0.8751
L,0.8027
L,2.212
P,2.543
