"pdb_aa","rate"
L,1.937
L,4.215
S,1.528
S,0.8917
E,1.16
K,1.477
L,0.5989
I,0.6392
A,0.4567
I,0.7226
G,0.2957
A,0.402
S,0.1422
T,0.1576
G,0.1128
G,0.1128
T,0.05857
E,0.3575
A,0.06252
I,0.51
R,0.5656
H,2.146
V,0.4669
L,0.2814
Q,2.918
P,1.13
L,0.4764
P,0.09776
L,0.9134
S,1.261
S,1.392
P,0.2628
A,0.5335
V,0.9442
I,0.5661
I,0.2667
T,0.6434
Q,0.07043
H,0.06504
M,0.06266
P,0.2575
P,1.414
G,1.506
F,0.1103
T,0.05629
R,1.52
S,0.6164
F,0.2907
A,0.06008
E,1.064
R,0.07192
L,0.1065
N,0.676
K,1.453
L,1.022
C,0.1215
Q,1.842
I,1.025
S,1.411
V,0.06081
K,0.5179
E,0.07812
A,0.06008
E,1.531
D,0.8995
G,0.5192
E,0.5666
R,0.3378
V,0.8511
L,1.428
P,0.6736
G,0.1086
H,0.5699
A,0.4835
Y,0.34
I,0.4941
A,0.1725
P,0.09776
G,0.1086
D,0.8352
K,1.542
H,0.06504
M,0.4889
E,1.672
L,0.8619
A,2.003
R,0.546
S,0.4262
G,0.2959
A,0.9849
N,0.8863
Y,0.3014
Q,1.373
I,1.786
K,1.871
I,0.7054
H,1.307
D,0.8414
G,1.532
P,0.6472
P,0.71
V,0.06081
N,0.1539
R,0.22
H,0.1705
R,0.19
P,0.09776
S,0.05226
V,0.06081
D,0.07108
V,0.1601
L,0.1065
F,0.1103
H,0.7114
S,0.1371
V,0.1604
A,0.156
K,1.421
H,2.064
A,0.3762
G,0.1086
R,1.381
N,0.152
A,0.3141
V,0.6555
G,0.1086
V,0.2698
I,0.2893
L,0.4708
T,0.05629
G,0.1086
M,0.06266
G,0.1086
N,0.9016
D,0.07108
G,0.1086
A,0.06008
A,1.231
G,0.1086
M,0.3763
L,0.906
A,1.07
M,0.1663
Y,1.755
Q,2.794
A,0.2618
G,0.1086
A,0.2592
W,3.553
T,0.1485
I,0.9226
A,0.06008
Q,0.07043
N,0.5509
E,0.2073
A,0.822
S,0.1383
C,0.3107
V,0.2726
V,0.06081
F,0.2939
G,0.1086
M,0.06266
P,0.09776
R,0.3492
E,0.07812
A,0.06008
I,0.1581
N,1.13
M,2.009
G,0.1086
G,0.7783
V,0.3688
S,1.926
E,0.5824
V,0.5397
V,1.879
D,2.314
L,0.2847
S,4.073
Q,1.971
V,0.5217
S,0.954
Q,2.344
Q,0.4917
M,1.144
L,1.408
A,1.143
K,2.534
I,1.952
S,1.418
A,3.275
G,4.352
Q,1.334
A,1.725
I,2.517
R,1.522
I,1.158
