"pdb_aa","rate"
L,1.397
L,4.141
S,0.9038
S,0.1376
E,0.4606
K,0.8426
L,-0.215
I,-0.1665
A,-0.3864
I,-0.06605
G,-0.5804
A,-0.4523
S,-0.7653
T,-0.7467
G,-0.8006
G,-0.8006
T,-0.866
E,-0.5058
A,-0.8613
I,-0.3222
R,-0.2552
H,1.648
V,-0.3741
L,-0.5976
Q,2.578
P,0.4248
L,-0.3627
P,-0.8188
L,0.1638
S,0.5829
S,0.7398
P,-0.62
A,-0.2938
V,0.2009
I,-0.2546
I,-0.6153
T,-0.1615
Q,-0.8517
H,-0.8582
M,-0.8611
P,-0.6264
P,0.7674
G,0.8774
F,-0.8036
T,-0.8688
R,0.894
S,-0.1939
F,-0.5864
A,-0.8642
E,0.3457
R,-0.8499
L,-0.8083
N,-0.1222
K,0.8133
L,0.2946
C,-0.7901
Q,1.282
I,0.2982
S,0.7629
V,-0.8633
K,-0.3127
E,-0.8425
A,-0.8642
E,0.9076
D,0.147
G,-0.3111
E,-0.254
R,-0.5296
V,0.08878
L,0.7839
P,-0.125
G,-0.8057
H,-0.2501
A,-0.354
Y,-0.527
I,-0.3414
A,-0.7287
P,-0.8188
G,-0.8057
D,0.0696
K,0.9211
H,-0.8582
M,-0.3476
E,1.078
L,0.1017
A,1.477
R,-0.2789
S,-0.4231
G,-0.5801
A,0.25
N,0.1311
Y,-0.5735
Q,0.7179
I,1.215
K,1.318
I,-0.08675
H,0.6377
D,0.07708
G,0.9087
P,-0.1569
P,-0.08128
V,-0.8633
N,-0.7511
R,-0.6716
H,-0.7312
R,-0.7077
P,-0.8188
S,-0.8736
V,-0.8633
D,-0.8509
V,-0.7437
L,-0.8083
F,-0.8036
H,-0.0795
S,-0.7714
V,-0.7433
A,-0.7486
K,0.7752
H,1.55
A,-0.4834
G,-0.8057
R,0.7276
N,-0.7534
A,-0.5581
V,-0.1469
G,-0.8057
V,-0.6116
I,-0.5881
L,-0.3694
T,-0.8688
G,-0.8057
M,-0.8611
G,-0.8057
N,0.1496
D,-0.8509
G,-0.8057
A,-0.8642
A,0.5466
G,-0.8057
M,-0.4833
L,0.1549
A,0.3522
M,-0.7362
Y,1.178
Q,2.429
A,-0.6212
G,-0.8057
A,-0.6244
W,3.343
T,-0.7576
I,0.1749
A,-0.8642
Q,-0.8517
N,-0.273
E,-0.6869
A,0.05369
S,-0.77
C,-0.5623
V,-0.6081
V,-0.8633
F,-0.5825
G,-0.8057
M,-0.8611
P,-0.8188
R,-0.5158
E,-0.8425
A,-0.8642
I,-0.7461
N,0.4245
M,1.484
G,-0.8057
G,0.0009938
V,-0.4923
S,1.383
E,-0.235
V,-0.2864
V,1.327
D,1.851
L,-0.5936
S,3.97
Q,1.438
V,-0.3081
S,0.2127
Q,1.888
Q,-0.3442
M,0.4411
L,0.7597
A,0.4405
K,2.116
I,1.414
S,0.7712
A,3.009
G,4.306
Q,0.6705
A,1.142
I,2.096
R,0.8967
I,0.4589
