"pdb_aa","rate"
S,1.53
V,0.4868
S,0.9813
S,0.7314
I,0.7639
V,0.5334
S,0.5728
R,1.707
A,1.728
Q,0.9593
F,0.5304
D,1.179
R,1.293
M,0.5686
L,0.2501
L,0.7617
H,0.4154
R,0.2954
N,0.3942
D,0.8918
G,1.784
A,0.9213
C,0.2161
Q,0.9511
A,0.4642
K,1.005
G,0.7367
F,0.171
Y,0.2426
T,0.2691
Y,0.1752
D,1.323
A,0.3568
F,0.1601
V,0.5654
A,1.228
A,0.05627
A,0.4017
A,1.309
A,0.8845
F,0.4666
S,0.9298
G,1.976
F,0.1534
G,0.4924
T,0.7822
T,0.5949
G,0.3063
S,0.9643
A,2.178
D,1.247
V,0.6464
Q,0.5885
K,0.4048
R,0.2899
E,0.1404
V,0.5777
A,0.1018
A,0.05847
F,0.1815
L,0.5912
A,0.2741
Q,0.1891
T,0.2117
S,0.2573
H,0.2541
E,0.1688
T,0.0729
T,0.2116
G,0.2019
G,0.06416
W,0.6221
A,1.441
T,0.6909
A,0.3062
P,0.2849
D,0.3715
G,0.2792
A,0.5424
F,0.9672
A,0.5223
W,0.3998
G,0.2317
Y,0.2101
C,0.2301
F,0.7415
K,0.642
Q,0.8447
E,0.159
R,0.882
G,0.779
A,1.072
S,0.9815
S,1.346
D,1.227
Y,0.191
C,0.06326
T,0.7914
P,1.336
S,0.9108
A,1.285
Q,1.308
W,0.7505
P,0.1926
C,0.2155
A,0.7912
P,0.6917
G,0.5382
K,0.4972
R,0.9536
Y,0.08261
Y,0.727
G,0.06147
R,0.05108
G,0.05462
P,0.0831
I,0.3605
Q,0.1271
L,0.4074
S,0.2947
H,1.012
N,0.1574
Y,0.6953
N,0.06072
Y,0.1069
G,0.4612
P,0.9522
A,0.1592
G,0.1171
R,1.679
A,0.3311
I,0.3576
G,0.7198
V,1.267
D,0.3219
L,0.2446
L,0.2478
A,0.8183
N,0.3517
P,0.05143
D,0.3721
L,0.921
V,0.1086
A,0.3391
T,0.6352
D,0.3546
A,0.7291
T,0.6733
V,0.6484
S,0.2174
F,0.1592
K,0.426
T,0.1806
A,0.1554
M,0.66
W,0.2118
F,0.3071
W,0.1683
M,0.146
T,0.1804
A,0.7284
Q,0.2815
P,0.975
P,0.366
K,0.2635
P,0.1678
S,0.1045
S,0.6141
H,0.09164
A,0.8626
V,0.1499
I,0.4315
V,0.534
G,0.378
Q,1.321
W,0.3189
S,1.174
P,0.1663
S,0.3162
G,1.527
A,0.7707
D,0.0536
R,1.61
A,0.5039
A,0.1292
G,0.3904
R,0.05364
V,0.6503
P,0.5575
G,0.07654
F,0.4025
G,0.05448
V,0.4393
I,0.3078
T,0.1369
N,0.1064
I,0.1831
I,0.2064
N,0.08426
G,0.1468
G,0.5137
I,1.212
E,0.06233
C,0.05728
G,0.3815
H,1.031
G,0.6251
Q,1.317
D,0.7868
S,1.574
R,1.02
V,0.3596
A,0.9202
D,0.6147
R,0.05868
I,0.2605
G,0.7416
F,0.7002
Y,0.3713
K,1.151
R,0.659
Y,0.3664
C,0.4593
D,1.377
I,0.8824
L,0.8751
G,0.8169
V,0.3938
G,1.502
Y,0.8712
G,0.1392
N,1.542
N,0.2339
L,0.3608
D,0.3423
C,0.156
Y,1.425
S,0.7436
Q,0.0958
R,0.9143
P,0.6654
F,0.5572
A,1.043
