"pdb_aa","rate"
G,-0.7912
P,-0.8442
E,1.677
E,1.87
E,-0.0637
F,-0.01005
G,-0.3684
M,1.704
S,0.1579
L,0.2747
I,1.602
K,-0.3014
H,-0.3708
N,-1.034
S,1.141
C,2.245
V,0.8258
I,0.1461
T,1.657
T,-1.038
E,0.8211
N,2.258
G,-0.7912
K,1.202
F,-0.7842
T,-1.038
G,-0.0233
L,-0.7794
G,-0.7912
V,-0.2036
Y,1.219
D,-0.943
R,-0.08506
F,2.263
V,-0.4684
V,-0.3308
V,-0.006294
P,-0.8442
T,1.081
H,-1.007
A,-0.46
D,2.308
P,-0.8442
G,-0.7912
K,2.804
E,0.6372
I,-0.9999
Q,2.597
V,0.7177
D,0.4589
G,1.858
I,1.417
T,1.935
T,-0.2398
K,2.347
V,-0.4485
I,-0.04645
D,-0.943
S,-0.487
Y,3.102
D,0.4139
L,-0.7794
Y,1.727
N,-0.4271
K,0.5069
N,1.529
G,-0.8156
I,0.973
K,-0.5338
L,-0.8063
E,-0.9288
I,0.6834
T,-1.058
V,0.8028
L,0.07812
K,-0.2536
L,-0.9064
D,0.1589
R,-0.4308
N,-1.121
E,-1.02
K,-1.011
F,-0.9016
R,-1.055
D,-1.053
I,-1.105
R,-0.5314
R,1.577
Y,0.4897
I,-0.4561
P,-0.5273
N,2.668
N,1.069
E,-0.3784
D,1.438
D,-0.02996
Y,0.8159
P,0.9113
N,-0.01919
C,0.09103
N,0.3323
L,-0.9064
A,-0.1378
L,-0.134
L,-0.4555
A,-0.7751
N,-0.1849
Q,0.2893
P,1.947
E,-0.08061
P,0.0002449
T,-0.6987
I,0.6932
I,-0.5733
N,0.531
V,-1.096
G,-0.9083
D,1.557
V,-1.096
V,-0.04281
S,0.7865
Y,-0.1419
G,-0.9083
N,0.8716
I,-0.33
L,0.03224
L,-0.9064
S,0.2174
G,-0.9083
N,0.3883
Q,0.1422
T,-1.129
A,1.233
R,-1.055
M,-0.7105
L,-0.365
K,-0.63
Y,-0.8865
S,-0.4149
Y,-0.3536
P,-0.9564
T,-1.134
K,0.2622
S,-0.7465
G,-0.9152
Y,0.1153
C,-0.8782
G,-0.9152
G,-0.9152
V,-1.103
L,0.753
Y,0.05951
K,-0.05069
I,-0.2052
G,-0.9152
Q,-0.5365
V,0.1073
L,0.7569
G,-0.9152
I,-0.6971
H,-0.7439
V,-0.7396
G,-0.9152
G,-0.9152
N,-1.126
G,-0.3706
R,0.1221
D,1.322
G,-0.9152
F,-0.9086
S,0.1681
A,-1.113
M,0.5656
L,-0.9142
L,-0.2604
R,0.6062
S,-0.1507
Y,-0.8875
F,-0.9057
T,-0.2129
