"pdb_aa","rate"
A,0.8107
D,0.06122
V,0.7047
H,0.3954
D,0.6031
K,1.534
A,1.212
T,0.7247
R,0.01029
S,0.1094
K,0.831
N,0.2819
M,0.008262
R,0.4082
A,0.5651
I,0.1351
A,0.7697
T,0.7817
R,0.8307
D,0.5731
T,0.04006
A,0.8657
I,0.1076
E,0.01076
K,1.443
R,1.938
L,0.4769
A,0.09076
S,1.055
L,1.094
L,0.1431
T,0.48
G,0.9757
Q,1.537
G,0.09866
L,0.9467
A,0.2027
F,0.9212
R,0.1798
V,0.4848
Q,0.2585
D,1.065
A,0.8866
S,1.585
L,0.1862
P,0.2233
G,0.05227
R,0.916
P,0.007999
D,0.006616
F,0.4528
V,0.2091
V,0.7824
D,0.6656
E,0.7177
Y,0.8212
R,1.118
C,0.3117
V,0.5181
I,0.3663
F,0.3289
T,0.3637
H,0.2848
G,0.008652
C,0.00955
F,0.06531
W,0.06086
H,0.006417
H,0.7301
H,0.006417
H,1.217
C,0.0497
Y,1.015
L,1.086
F,0.4415
K,0.6495
V,1.228
P,0.01459
A,1.121
T,0.3231
R,0.3083
T,1.148
E,0.9744
F,0.2539
W,0.01565
L,1.676
E,2.021
K,0.01148
I,0.2672
G,2.198
K,1.588
N,0.03657
V,1.116
E,1.987
R,0.1507
D,0.006616
R,2.702
R,1.48
D,1.052
I,2.694
S,2.765
R,1.964
L,0.06288
Q,2.68
E,2.701
L,2.203
G,0.2966
W,0.343
R,0.4859
V,0.479
L,0.8255
I,1.153
V,0.5506
W,0.08308
E,0.04426
C,0.01951
A,0.5086
L,0.7373
R,0.5335
G,0.3851
R,1.12
E,2.499
K,1.197
L,2.089
T,2.103
D,2.69
E,2.679
A,2.701
L,0.9513
T,1.639
E,2.701
R,1.939
L,0.9428
E,1.553
E,2.634
W,1.176
I,0.5861
C,2.495
G,1.238
E,2.319
G,4.656
A,4.591
S,4.375
A,1.96
Q,1.262
I,0.8408
D,1.427
T,1.776
Q,3.024
G,2.511
I,2.605
H,2.777
L,3.047
L,4.637
A,4.7
