"pdb_aa","rate"
A,-0.2488
D,-0.9556
V,-0.3488
H,-0.6404
D,-0.4446
K,0.4334
A,0.13
T,-0.3299
R,-1.004
S,-0.9101
K,-0.2296
N,-0.7475
M,-1.006
R,-0.6284
A,-0.4804
I,-0.8859
A,-0.2875
T,-0.2762
R,-0.23
D,-0.4729
T,-0.9755
A,-0.197
I,-0.9119
E,-1.003
K,0.3472
R,0.8143
L,-0.5636
A,-0.9277
S,-0.01822
L,0.01836
L,-0.8783
T,-0.5607
G,-0.09324
Q,0.4363
G,-0.9203
L,-0.1205
A,-0.8222
F,-0.1446
R,-0.8437
V,-0.5561
Q,-0.7695
D,-0.008658
A,-0.1773
S,0.481
L,-0.8377
P,-0.8027
G,-0.964
R,-0.1495
P,-1.006
D,-1.007
F,-0.5863
V,-0.8161
V,-0.2755
D,-0.3856
E,-0.3365
Y,-0.2389
R,0.04117
C,-0.7194
V,-0.5247
I,-0.6679
F,-0.7032
T,-0.6703
H,-0.7447
G,-1.005
C,-1.004
F,-0.9517
W,-0.9559
H,-1.007
H,-0.3248
H,-1.007
H,0.1342
C,-0.9664
Y,-0.05603
L,0.01036
F,-0.597
K,-0.4008
V,0.1449
P,-0.9995
A,0.04339
T,-0.7086
R,-0.7226
T,0.06948
E,-0.09439
F,-0.7739
W,-0.9985
L,0.5674
E,0.8925
K,-1.002
I,-0.7613
G,1.06
K,0.4846
N,-0.9788
V,0.03887
E,0.8601
R,-0.8712
D,-1.007
R,1.534
R,0.3821
D,-0.02125
I,1.527
S,1.594
R,0.8388
L,-0.954
Q,1.514
E,1.534
L,1.065
G,-0.7336
W,-0.6899
R,-0.5551
V,-0.5616
L,-0.2348
I,0.07396
V,-0.494
W,-0.935
E,-0.9716
C,-0.9949
A,-0.5337
L,-0.318
R,-0.5102
G,-0.6501
R,0.0428
E,1.343
K,0.1159
L,0.9571
T,0.9697
D,1.523
E,1.513
A,1.534
L,-0.1162
T,0.532
E,1.534
R,0.8157
L,-0.1242
E,0.4512
E,1.471
W,0.09541
I,-0.4606
C,1.339
G,0.154
E,1.173
G,3.378
A,3.317
S,3.113
A,0.8347
Q,0.1769
I,-0.2205
D,0.3327
T,0.6619
Q,1.839
G,1.355
I,1.443
H,1.605
L,1.86
L,3.36
A,3.419
