"pdb_aa","rate"
I,1.512
E,1.986
K,2.381
P,2.484
K,1.905
I,1.118
S,0.6584
V,0.2534
A,0.1422
F,0.3123
I,0.2015
A,0.1224
L,0.2618
G,0.03306
N,0.01693
F,0.07244
C,0.02426
R,0.02569
S,0.01614
P,0.07799
M,0.1933
A,0.04199
E,0.1717
A,0.2571
I,0.2178
F,0.3144
K,1.041
H,1.237
E,1.351
V,0.5785
E,1.817
K,1.537
A,1.142
N,0.881
L,1.121
E,2.322
N,1.871
R,2.013
F,0.6197
N,2.412
K,2.59
I,0.4678
D,0.1835
S,0.01613
F,0.2217
G,0.1318
T,0.1309
S,0.5037
N,1.073
Y,0.5938
H,0.06715
V,0.9832
G,0.1447
E,1.039
S,1.769
P,0.137
D,0.05231
H,1.877
R,0.01869
T,0.3386
V,1.132
S,1.189
I,0.6958
C,0.205
K,1.699
Q,1.624
H,0.4617
G,0.6899
V,0.4167
K,0.8898
I,0.5375
N,1.634
H,0.2231
K,0.9999
G,0.3014
K,0.0785
Q,0.3038
I,0.5099
K,1.885
T,2.508
K,1.899
H,0.1065
F,0.2707
D,2.719
E,1.886
Y,0.3362
D,0.2079
Y,0.6299
I,0.2353
I,0.6452
G,0.3621
M,0.0844
D,0.01851
E,1.736
S,0.9491
N,0.01624
I,0.6612
N,1.461
N,0.8608
L,0.4198
K,1.719
K,1.523
I,1.604
Q,1.079
P,0.35
E,2.105
G,1.898
S,1.211
K,1.374
A,0.4157
K,1.249
V,0.6205
C,1.252
L,0.3465
F,0.4362
G,0.3569
D,1.079
W,0.9901
N,0.5106
T,1.451
N,2.164
D,1.856
G,2.066
T,2.345
V,1.179
Q,1.371
T,1.211
I,0.5784
I,0.1304
E,0.7897
D,0.01622
P,0.01944
W,0.1098
Y,0.2087
G,0.3473
D,0.6798
I,2.522
Q,1.851
D,0.4408
F,0.05105
E,0.7093
Y,2.02
N,0.3808
F,0.532
K,1.233
Q,0.2853
I,0.5764
T,1.238
Y,0.8329
F,0.3592
S,0.4159
K,1.915
Q,0.8868
F,0.2436
L,0.5975
K,1.604
K,1.945
E,1.201
L,1.932
