"pdb_aa","rate"
I,0.8445
E,1.484
K,2.017
P,2.156
K,1.375
I,0.3122
S,-0.3082
V,-0.8548
A,-1.005
F,-0.7753
I,-0.925
A,-1.032
L,-0.8436
G,-1.152
N,-1.174
F,-1.099
C,-1.164
R,-1.162
S,-1.175
P,-1.092
M,-0.936
A,-1.14
E,-0.9651
A,-0.8498
I,-0.9029
F,-0.7725
K,0.2083
H,0.4727
E,0.6265
V,-0.416
E,1.256
K,0.8776
A,0.344
N,-0.007755
L,0.3163
E,1.937
N,1.329
R,1.521
F,-0.3604
N,2.058
K,2.3
I,-0.5654
D,-0.9492
S,-1.175
F,-0.8977
G,-1.019
T,-1.02
S,-0.517
N,0.2517
Y,-0.3954
H,-1.106
V,0.1303
G,-1.002
E,0.206
S,1.19
P,-1.012
D,-1.126
H,1.336
R,-1.172
T,-0.7398
V,0.3316
S,0.4076
I,-0.2577
C,-0.9201
K,1.096
Q,0.9945
H,-0.5737
G,-0.2657
V,-0.6344
K,0.004126
I,-0.4714
N,1.008
H,-0.8957
K,0.1527
G,-0.79
K,-1.091
Q,-0.7868
I,-0.5086
K,1.347
T,2.189
K,1.366
H,-1.053
F,-0.8315
D,2.473
E,1.349
Y,-0.7431
D,-0.9163
Y,-0.3467
I,-0.8793
I,-0.3259
G,-0.7081
M,-1.083
D,-1.172
E,1.147
S,0.0842
N,-1.175
I,-0.3043
N,0.7758
N,-0.03492
L,-0.6302
K,1.124
K,0.8594
I,0.9681
Q,0.2598
P,-0.7245
E,1.644
G,1.365
S,0.438
K,0.6574
A,-0.6358
K,0.4894
V,-0.3593
C,0.4929
L,-0.7291
F,-0.6081
G,-0.7151
D,0.2591
W,0.1396
N,-0.5077
T,0.7621
N,1.724
D,1.308
G,1.592
T,1.968
V,0.3949
Q,0.6538
T,0.4372
I,-0.4161
I,-1.021
E,-0.1309
D,-1.175
P,-1.171
W,-1.049
Y,-0.9152
G,-0.7281
D,-0.2792
I,2.207
Q,1.302
D,-0.6019
F,-1.128
E,-0.2394
Y,1.53
N,-0.6828
F,-0.4787
K,0.4673
Q,-0.8118
I,-0.4188
T,0.4742
Y,-0.0726
F,-0.712
S,-0.6355
K,1.388
Q,0.0001763
F,-0.868
L,-0.3904
K,0.9678
K,1.428
E,0.4243
L,1.411
