"pdb_aa","rate"
V,1.216
G,1.569
R,0.1235
R,0.7639
A,0.558
L,0.1582
I,0.4517
V,0.1581
L,0.6636
A,0.04472
H,0.0349
S,0.1507
E,0.1561
R,0.7286
T,1.436
S,0.01247
F,0.228
N,0.1808
Y,0.8339
A,0.3938
M,0.3876
K,0.5353
E,0.8276
A,1.265
A,0.3137
A,0.6649
A,2.074
A,0.9457
L,0.157
K,1.94
K,1.591
K,0.965
G,0.07739
W,0.1849
E,1.864
V,0.0654
V,0.9979
E,0.3252
S,0.07937
D,0.01575
L,0.01574
Y,0.1841
A,0.3452
M,0.2532
N,1.654
F,0.2193
N,0.2945
P,0.4649
I,1.409
I,0.5647
S,0.2643
R,0.5743
K,1.936
D,0.03798
I,0.5242
T,1.321
G,0.98
K,2.576
L,1.37
K,0.591
D,0.5664
P,1.424
A,1.651
N,1.054
F,0.5009
Q,1.605
Y,0.5695
P,0.8106
A,1.828
E,0.2406
S,0.2725
V,1.571
L,1.351
A,0.1634
Y,1.398
K,1.26
E,1.643
G,0.8918
H,1.305
L,0.2614
S,0.5614
P,1.904
D,0.1035
I,0.2005
V,1.375
A,1.024
E,0.01719
Q,0.3719
K,1.159
K,0.153
L,0.4751
E,1.296
A,0.8196
A,0.1197
D,0.1017
L,0.6088
V,0.5823
I,0.1902
F,0.7473
Q,0.1568
F,0.0162
P,0.01508
L,0.4153
Q,0.2525
W,0.02725
F,0.4849
G,0.4736
V,0.4516
P,0.01508
A,0.0526
I,0.1831
L,0.369
K,0.01805
G,0.06218
W,0.05607
F,0.58
E,0.282
R,0.05211
V,0.05313
F,0.6558
I,0.3722
G,0.8941
E,0.2711
F,0.505
A,0.33
Y,0.2222
T,0.4021
Y,0.6359
A,0.6262
A,0.7226
M,0.4436
Y,0.4655
D,0.3349
K,0.847
G,0.0622
P,1.397
F,0.7858
R,0.9399
S,0.3239
K,0.2147
K,0.3481
A,0.08484
V,0.3557
L,0.4496
S,0.5042
I,0.5478
T,0.1724
T,0.5654
G,0.1102
G,0.2697
S,1
G,1.159
S,0.8695
M,0.3642
Y,0.3525
S,0.9154
L,1.308
Q,0.8055
G,0.2535
I,0.5914
H,0.3085
G,0.04354
D,0.485
M,0.5715
N,0.8172
V,0.6397
I,1.045
L,0.0606
W,0.5057
P,0.144
I,0.3095
Q,0.4551
S,0.2743
G,0.109
I,0.9324
L,0.2129
H,0.976
F,0.35
C,0.5036
G,0.04459
F,0.5865
Q,1.263
V,0.1238
L,0.2584
E,0.4669
P,0.2719
Q,0.808
L,0.5567
T,0.8804
Y,1.018
S,0.72
I,0.6834
G,1.004
H,1.034
T,1.561
P,0.8778
A,1.915
D,1.098
A,1.648
R,0.4975
I,2.472
Q,2.265
I,1.572
L,0.8758
E,2.205
G,1.864
W,0.5115
K,1.144
K,1.955
R,0.2076
L,0.3576
E,1.469
N,1.651
I,0.5821
W,2.193
D,1.69
E,0.6674
T,2.366
P,0.4872
L,0.3415
Y,1.812
F,0.7303
A,0.5446
P,1.559
S,0.4567
S,0.507
L,1.333
F,0.1657
D,0.6904
L,0.5718
N,1.76
F,0.4613
Q,0.4804
A,1.368
G,0.8467
F,0.8909
L,0.7831
M,0.719
K,1.9
K,1.902
E,1.378
V,1.137
Q,1.24
D,1.773
E,1.279
E,1.723
K,1.875
N,0.6813
K,1.332
K,1.257
F,1.302
G,0.2213
L,1.746
S,1.889
V,2.487
G,2.22
H,2.544
H,2.163
L,2.389
G,2.61
K,1.786
S,2.258
I,2.122
P,2.159
T,1.843
D,2.042
N,1.989
Q,1.657
I,2.471
K,1.705
A,1.002
R,3.797
K,2.993
