"pdb_aa","rate"
G,0.7575
V,0.3117
Q,2.203
V,1.071
E,1.273
T,1.155
I,1.086
S,1.932
P,1.66
G,0.2096
D,0.5405
G,0.5845
R,2.261
T,1.01
F,1.298
P,0.1977
K,1.198
R,2.351
G,0.2293
Q,0.6372
T,1.547
C,0.2965
V,1.458
V,0.3416
H,0.159
Y,0.2868
T,0.5865
G,0.1138
M,0.3513
L,0.2568
E,1.718
D,0.7399
G,0.131
K,1.873
K,0.6754
F,0.2262
D,0.03261
S,0.04985
S,0.03266
R,0.4986
D,0.3398
R,0.1005
N,1.141
K,1.882
P,0.2812
F,0.09495
K,1.444
F,0.3023
M,1.789
L,0.4892
G,0.04874
K,1.152
Q,0.4557
E,0.9516
V,0.03427
I,0.03747
R,0.9362
G,0.1293
W,0.217
E,0.1673
E,0.4241
G,0.1646
V,0.3554
A,0.7652
Q,0.8545
M,0.2264
S,0.1856
V,1.213
G,0.1712
Q,0.6562
R,0.8869
A,0.2028
K,1.292
L,0.326
T,0.6024
I,0.3815
S,0.5447
P,0.8333
D,0.5351
Y,1.333
A,0.3099
Y,0.05325
G,0.04818
A,1.674
T,0.9318
G,0.04814
H,0.8268
P,0.4684
G,0.4037
I,0.8218
I,0.04901
P,0.04404
P,0.8022
H,0.47
A,0.4413
T,0.2609
L,0.09223
V,1.281
F,0.09891
D,0.4961
V,0.2298
E,0.2213
L,0.1866
L,0.8262
K,2.383
L,0.8792
E,1.289
