"pdb_aa","rate"
G,1.498
Y,0.7708
T,0.6207
L,0.6797
W,1.249
N,0.2133
D,0.7794
Q,1.966
I,1.043
V,1.17
K,1.524
D,1.165
E,1.978
E,1.512
V,0.4611
K,1.82
I,0.6197
D,0.4396
K,0.74
E,0.5213
D,0.04022
R,0.007992
G,0.1567
Y,0.3306
Q,0.3523
F,0.1609
G,0.2005
D,0.007929
G,0.1676
V,0.3911
Y,0.01107
E,0.03538
V,0.1285
V,0.4812
K,0.4492
V,0.5982
Y,0.5258
N,1.494
G,0.3532
E,1.964
M,1.341
F,0.7269
T,0.5548
V,1.203
N,2.326
E,0.8709
H,0.01075
I,1.026
D,1.524
R,0.007992
L,0.384
Y,2.437
A,0.8169
S,0.08519
A,0.2831
E,2.536
K,0.6254
I,0.4483
R,1.482
I,0.733
T,2.676
I,1.341
P,0.6134
Y,2.123
T,1.304
K,1.985
D,2.05
K,1.234
F,1.01
H,2.222
Q,2.682
L,1.626
L,0.9635
H,2.174
E,1.562
L,0.4797
V,1.038
E,2.321
K,1.596
N,0.3086
E,2.052
L,1.328
N,2.678
T,0.8697
G,0.3311
H,1.292
I,0.8851
Y,0.01107
F,1.059
Q,0.03253
V,0.7945
T,0.204
R,0.01195
G,0.02063
T,0.9462
S,0.6623
P,0.9553
R,0.007992
A,0.8015
H,0.04566
Q,1.494
F,0.6511
P,0.3528
E,2.318
N,2.676
T,2.658
V,1.154
K,2.678
P,0.6328
V,0.4732
I,1.105
I,0.6525
G,0.5144
Y,0.6044
T,0.7743
K,1.165
E,1.649
N,1.87
P,2.232
R,1.097
P,1.095
L,2.353
E,2.676
N,2.655
L,1.149
E,1.982
K,1.978
G,0.06625
V,0.8095
K,1.628
A,0.622
T,0.9227
F,0.7574
V,1.615
E,1.499
D,0.04019
I,0.7933
R,0.007992
W,0.1004
L,1.028
R,0.3568
C,0.1819
D,0.2573
I,0.08925
K,0.008532
S,0.1975
L,0.4687
N,0.2275
L,0.01031
L,0.08855
G,0.4155
A,0.1408
V,0.4958
L,0.5058
A,0.3434
K,0.3058
Q,0.3118
E,1.222
A,0.03499
H,1.558
E,1.148
K,1.452
G,0.6354
C,0.9182
Y,1.839
E,0.1736
A,0.1791
I,0.5927
L,0.847
H,0.6017
R,0.2309
N,0.8602
N,0.7882
T,2.676
V,0.3634
T,0.1815
E,0.008322
G,0.2662
S,0.3621
S,0.2331
S,0.28
N,0.08106
V,0.7127
F,0.6541
G,0.7969
I,0.3769
K,0.8951
D,1.131
G,0.8156
I,1.826
L,0.9537
Y,1.453
T,0.04238
H,0.205
P,0.519
A,0.4649
N,0.6974
N,1.019
M,1.492
I,0.1504
L,0.01031
K,0.5967
G,0.03603
I,0.1397
T,0.08023
R,0.03391
D,1.271
V,0.9875
V,0.6836
I,1.147
A,1.803
C,1.189
A,0.436
N,2.634
E,1.979
I,1.742
N,1.943
M,0.7827
P,1.685
V,1.079
K,1.848
E,0.1415
I,0.9572
P,1.895
F,0.6172
T,0.7837
T,1.965
H,1.972
E,0.7488
A,0.5102
L,2.677
K,2.678
M,0.1542
D,0.4749
E,0.008322
L,0.6321
F,0.4182
V,1.006
T,0.3774
S,0.2213
T,0.09741
T,0.3951
S,1.284
E,0.2468
I,0.5376
T,1.115
P,0.2255
V,0.5571
I,1.04
E,1.988
I,0.6183
D,0.3778
G,1.391
K,2.617
L,2.678
I,0.8152
R,0.9192
D,1.532
G,0.1495
K,2.423
V,0.8219
G,0.0523
E,1.629
W,1.212
T,0.4724
R,1.955
K,1.565
L,0.4958
Q,0.6438
K,2.556
Q,1.036
F,0.3913
E,1.39
T,2.674
K,1.889
I,0.6809
P,2.628
