"pdb_aa","rate"
S,1.845
K,1.636
R,0.8757
Y,1.705
F,0.04503
V,0.6576
T,0.203
G,0.02604
T,0.004751
D,0.02767
T,0.004751
E,0.7182
V,0.3735
G,0.009246
K,0.006803
T,0.0214
V,0.634
A,0.7052
S,0.3233
C,1.029
A,0.2739
L,0.3192
L,0.2901
Q,0.9357
A,0.7185
A,0.4961
K,1.522
A,2.849
A,1.727
G,0.5333
Y,2.836
R,1.826
T,0.5493
A,0.8106
G,0.2512
Y,0.5542
K,0.006787
P,0.02319
V,0.4235
A,0.08833
S,0.2727
G,0.3356
S,0.5027
E,1.502
K,2.848
T,0.3667
P,2.846
E,2.827
G,0.3845
L,1.438
R,0.3863
N,0.0323
S,1.418
D,0.005919
A,0.1106
L,0.591
A,1.206
L,0.1645
Q,0.6151
R,1.449
N,0.7899
S,0.3663
S,0.9302
L,1.619
Q,2.85
L,0.7531
D,2.84
Y,0.2303
A,2.827
T,1.893
V,0.6416
N,0.02226
P,0.07961
Y,1.433
T,0.5521
F,0.7218
A,1.945
E,0.8645
P,0.5266
T,0.257
S,0.1249
P,0.009194
H,0.1439
I,0.3223
I,0.3143
S,0.1149
A,1.949
Q,1.735
E,1.492
G,1.692
R,1.558
P,2.836
I,0.4052
E,1.983
S,1.52
L,2.85
V,2.384
M,0.6605
S,0.6464
A,2.847
G,0.9371
L,0.4957
R,1.971
A,2.799
L,0.7465
E,1.358
Q,2.842
Q,2.018
A,0.5248
D,0.6978
W,2.016
V,0.6036
L,0.763
V,0.3741
E,0.03019
G,0.009219
A,0.1903
G,0.02606
G,0.009219
W,0.0516
F,0.7763
T,0.2084
P,0.1032
L,0.419
S,0.639
D,2.213
T,2.696
F,1.896
T,0.9322
F,0.7003
A,0.2861
D,0.7697
W,0.5203
V,0.2743
T,1.991
Q,1.948
E,0.4336
Q,1.992
L,0.5018
P,0.1897
V,0.05188
I,0.3807
L,0.3642
V,0.1088
V,0.04202
G,0.203
V,0.6571
K,0.3068
L,0.1845
G,0.009219
C,0.05035
I,0.2838
N,0.22
H,0.005481
A,0.01339
M,1.217
L,0.008961
T,0.1841
A,0.5873
Q,0.8704
V,0.2864
I,0.295
Q,2.806
H,1.106
A,0.5293
G,0.185
L,0.3277
T,2.335
L,0.9765
A,0.6348
G,0.04397
W,0.01839
V,0.3837
A,0.1303
N,0.06035
D,1.113
V,0.896
T,0.988
P,0.7438
P,1.682
G,0.4195
K,1.406
R,0.9131
H,0.9169
A,1.924
E,0.9163
Y,0.2848
M,0.6832
T,1.724
T,0.6734
L,0.1127
T,2.041
R,2.094
M,1.326
I,0.9251
P,2.064
A,0.2819
P,0.1708
L,1.193
L,0.5769
G,0.2087
E,0.8248
I,0.5192
P,0.07247
W,1.611
L,0.9675
A,2.041
A,2.026
A,2.762
T,1.122
G,0.9005
K,2.85
Y,1.511
I,0.8515
N,1.547
L,1.439
A,2.23
L,2.871
L,0.93
