"pdb_aa","rate"
S,1.087
K,0.8412
R,-0.05553
Y,0.9228
F,-1.035
V,-0.3127
T,-0.8489
G,-1.058
T,-1.083
D,-1.056
T,-1.083
E,-0.2412
V,-0.6478
G,-1.077
K,-1.08
T,-1.063
V,-0.3406
A,-0.2566
S,-0.707
C,0.1257
A,-0.7652
L,-0.7118
L,-0.7461
Q,0.01526
A,-0.2409
A,-0.5032
K,0.7063
A,2.272
A,0.9488
G,-0.4593
Y,2.256
R,1.065
T,-0.4405
A,-0.1324
G,-0.7921
Y,-0.4347
K,-1.08
P,-1.061
V,-0.5889
A,-0.9841
S,-0.7667
G,-0.6925
S,-0.4954
E,0.6826
K,2.271
T,-0.6558
P,2.268
E,2.246
G,-0.6348
L,0.608
R,-0.6327
N,-1.05
S,0.5836
D,-1.081
A,-0.9578
L,-0.3913
A,0.3339
L,-0.8943
Q,-0.3629
R,0.6209
N,-0.1567
S,-0.6563
S,0.0088
L,0.821
Q,2.273
L,-0.2001
D,2.261
Y,-0.8167
A,2.245
T,1.144
V,-0.3316
N,-1.062
P,-0.9944
Y,0.6022
T,-0.4372
F,-0.237
A,1.205
E,-0.06872
P,-0.4672
T,-0.7852
S,-0.941
P,-1.077
H,-0.9186
I,-0.7081
I,-0.7177
S,-0.9528
A,1.211
Q,0.9583
E,0.6711
G,0.9067
R,0.7497
P,2.256
I,-0.6104
E,1.25
S,0.7045
L,2.272
V,1.723
M,-0.3093
S,-0.3259
A,2.269
G,0.01687
L,-0.5037
R,1.236
A,2.213
L,-0.2079
E,0.513
Q,2.263
Q,1.292
A,-0.4694
D,-0.2653
W,1.29
V,-0.3764
L,-0.1885
V,-0.6471
E,-1.053
G,-1.077
A,-0.8638
G,-1.058
G,-1.077
W,-1.027
F,-0.1727
T,-0.8425
P,-0.9666
L,-0.5942
S,-0.3347
D,1.522
T,2.091
F,1.148
T,0.01105
F,-0.2624
A,-0.7509
D,-0.1806
W,-0.4747
V,-0.7648
T,1.26
Q,1.21
E,-0.5769
Q,1.261
L,-0.4965
P,-0.8646
V,-1.027
I,-0.6393
L,-0.6587
V,-0.96
V,-1.039
G,-0.8489
V,-0.3133
K,-0.7265
L,-0.8708
G,-1.077
C,-1.029
I,-0.7536
N,-0.8288
H,-1.082
A,-1.073
M,0.3468
L,-1.078
T,-0.8711
A,-0.3957
Q,-0.06183
V,-0.7505
I,-0.7403
Q,2.221
H,0.2155
A,-0.4641
G,-0.8701
L,-0.7018
T,1.665
L,0.06334
A,-0.3396
G,-1.036
W,-1.067
V,-0.6358
A,-0.9347
N,-1.017
D,0.2244
V,-0.03161
T,0.07696
P,-0.2111
P,0.8951
G,-0.5935
K,0.5696
R,-0.0114
H,-0.006952
A,1.18
E,-0.007637
Y,-0.7524
M,-0.2826
T,0.9444
T,-0.2941
L,-0.9554
T,1.319
R,1.381
M,0.4753
I,0.002698
P,1.346
A,-0.7559
P,-0.8869
L,0.3191
L,-0.408
G,-0.8422
E,-0.1156
I,-0.4759
P,-1.003
W,0.8122
L,0.05268
A,1.319
A,1.301
A,2.169
T,0.2344
G,-0.02634
K,2.273
Y,0.6938
I,-0.08403
N,0.736
L,0.6091
A,1.541
L,2.298
L,0.008504
