"pdb_aa","rate"
M,0.5403
M,0.849
I,0.4382
R,0.1648
G,0.1179
I,0.3979
R,0.01269
G,0.01452
A,0.01242
T,0.3776
T,0.09086
V,0.4289
E,2.106
R,2.53
D,0.176
T,1.376
E,1.283
E,1.575
E,1.003
I,0.3675
L,1.516
Q,2.035
K,0.6007
T,0.1551
K,1.507
Q,1.155
L,0.2509
L,0.6174
E,2.512
K,1.217
I,0.6533
I,0.6922
E,2.581
E,1.595
N,0.0124
H,2.554
T,0.852
K,2.579
P,1.273
E,1.209
D,0.8647
V,0.341
V,0.4931
Q,0.1591
M,0.554
L,1.003
L,0.2978
S,0.1846
A,0.64
T,0.01926
P,1.626
D,0.04332
L,0.4693
H,0.9339
A,0.3852
V,0.8919
F,0.07877
P,0.01385
A,0.05162
K,0.9841
A,0.2253
V,0.2813
R,0.01269
E,1.828
L,1.118
S,1.934
G,0.5111
W,0.6378
Q,1.209
Y,1.218
V,0.148
P,0.1287
V,0.1598
T,0.4283
C,0.1637
M,0.4683
Q,0.8616
E,0.1101
M,0.4218
D,1.175
V,0.1764
T,1.258
G,1.013
G,0.4295
L,0.4003
K,1.836
K,1.355
C,0.2123
I,0.1957
R,0.01402
V,0.5756
M,0.2678
M,0.6293
T,0.3781
V,0.8678
Q,0.4213
T,0.2953
D,1.949
V,1.91
P,1.975
Q,0.3201
D,2.575
Q,1.266
I,0.6826
R,1.907
H,0.02604
V,0.5983
Y,0.1421
L,0.4116
E,0.9109
K,1.8
A,0.02164
V,1.519
V,1.822
L,0.01997
R,0.01403
P,0.2079
D,0.05192
L,0.3668
S,1.433
L,2.561
T,2.425
K,2.437
N,2.567
T,2.513
E,4.11
L,3.88
