"pdb_aa","rate"
M,-0.4247
M,-0.0677
I,-0.5428
R,-0.859
G,-0.9133
I,-0.5894
R,-1.035
G,-1.033
A,-1.035
T,-0.6129
T,-0.9446
V,-0.5535
E,1.386
R,1.876
D,-0.846
T,0.5418
E,0.4341
E,0.7715
E,0.1104
I,-0.6246
L,0.7035
Q,1.304
K,-0.3549
T,-0.8703
K,0.6935
Q,0.2864
L,-0.7594
L,-0.3355
E,1.856
K,0.3584
I,-0.294
I,-0.249
E,1.936
E,0.7947
N,-1.035
H,1.904
T,-0.06422
K,1.933
P,0.4225
E,0.3493
D,-0.04949
V,-0.6553
V,-0.4793
Q,-0.8656
M,-0.4089
L,0.1103
L,-0.7052
S,-0.8361
A,-0.3094
T,-1.027
P,0.8313
D,-0.9995
L,-0.5068
H,0.03052
A,-0.6041
V,-0.01809
F,-0.9585
P,-1.034
A,-0.9899
K,0.08855
A,-0.7891
V,-0.7243
R,-1.035
E,1.065
L,0.2429
S,1.187
G,-0.4585
W,-0.312
Q,0.3491
Y,0.359
V,-0.8785
P,-0.9008
V,-0.8648
T,-0.5542
C,-0.8603
M,-0.508
Q,-0.05312
E,-0.9223
M,-0.5618
D,0.3089
V,-0.8456
T,0.4054
G,0.122
G,-0.5529
L,-0.5867
K,1.074
K,0.518
C,-0.8041
I,-0.8232
R,-1.033
V,-0.3838
M,-0.7399
M,-0.3218
T,-0.6123
V,-0.04593
Q,-0.5623
T,-0.7081
D,1.205
V,1.16
P,1.235
Q,-0.6794
D,1.929
Q,0.4152
I,-0.2601
R,1.156
H,-1.02
V,-0.3576
Y,-0.8853
L,-0.5736
E,0.003945
K,1.032
A,-1.025
V,0.7078
V,1.057
L,-1.027
R,-1.033
P,-0.8092
D,-0.9896
L,-0.6254
S,0.6082
L,1.912
T,1.755
K,1.77
N,1.919
T,1.857
E,3.704
L,3.438
