"pdb_aa","rate"
M,0.08393
K,2.018
N,2.005
N,1.603
L,1.002
P,0.5237
I,0.2463
I,0.337
A,0.004567
L,0.1345
D,0.005359
F,0.192
A,2.02
S,1.376
A,2.124
E,2.85
E,1.543
T,0.704
L,2.849
A,2.85
F,0.1552
L,0.3917
A,2.072
P,2.77
F,0.341
Q,2.824
Q,2.026
E,1.182
P,2.443
L,0.3198
F,0.9685
V,0.3254
K,0.006136
V,0.4521
G,0.008324
M,0.03082
E,0.03818
L,0.1932
F,0.6874
Y,0.2692
Q,0.889
E,0.6964
G,0.05588
P,0.4633
S,2.827
I,0.7462
V,0.5336
K,2.021
Q,2.848
L,0.7025
K,0.4612
E,2.104
R,1.742
N,0.5668
C,0.238
E,1.817
L,0.4205
F,0.008454
L,0.03848
D,0.005359
L,0.08463
K,0.006136
L,0.1645
H,0.06967
D,0.005359
I,0.004486
P,0.007468
T,0.2015
T,0.01118
V,0.0381
N,1.592
K,1.099
A,0.2968
M,0.1818
K,1.958
R,0.8428
L,0.5151
A,0.4798
S,2.016
L,0.4594
G,1.073
V,0.3808
D,0.4934
L,0.6646
V,0.468
N,0.1282
V,0.1946
H,0.04104
A,0.1428
A,0.3258
G,0.008324
G,0.1661
K,2.021
K,2.041
M,0.004791
M,0.1497
Q,2.018
A,0.4285
A,0.08765
L,1.599
E,1.197
G,0.2184
L,0.3435
E,1.536
E,1.846
G,0.7598
T,0.8276
P,2.85
A,2.847
G,1.065
K,2.423
K,2.745
R,0.6156
P,0.5186
S,2.071
L,0.5187
I,0.1702
A,0.1535
V,0.09757
T,0.004299
Q,0.138
L,0.008091
T,0.004299
S,0.004003
T,0.1852
S,0.5477
E,0.8848
Q,2.089
I,1.06
M,0.5511
K,1.567
D,3.608
E,0.5632
L,0.2459
L,1.297
I,0.351
E,2.849
K,2.026
S,1.475
L,0.7549
I,2.847
D,1.495
T,0.4846
V,0.1054
V,2.529
H,0.6884
Y,0.332
S,0.0956
K,2.846
Q,0.7729
A,0.5483
E,1.503
E,2.849
S,0.5168
G,0.2731
L,0.2638
D,0.2035
G,0.008324
V,0.0458
V,0.05451
C,0.2635
S,0.02466
V,0.3955
H,1.205
E,0.01591
A,0.4668
K,2.85
A,3.572
I,0.2186
Y,1.141
Q,2.849
A,2.101
V,0.8823
S,0.8624
P,5.223
S,2.118
F,0.08931
L,1.168
T,0.4118
V,0.3006
T,0.09202
P,0.007468
G,0.008324
I,0.0447
R,0.005447
M,0.6952
S,2.03
E,1.563
D,1.137
A,2.818
A,2.837
N,0.934
D,0.005359
Q,0.005359
V,1.11
R,0.005447
V,0.7181
A,0.3714
T,0.1152
P,0.007468
A,2.848
I,2.851
A,0.004567
R,1.176
E,2.85
K,1.937
G,0.3074
S,0.3803
S,0.6566
A,1.082
I,0.1363
V,0.004589
V,0.1942
G,0.008324
R,0.005447
S,0.34
I,0.1041
T,0.03516
K,1.481
A,0.3181
E,2.85
D,1.098
P,0.232
V,1.387
K,2.846
A,0.5258
Y,0.178
K,2.271
A,2.692
V,0.4188
R,1.502
L,2.789
E,1.326
W,0.5228
E,1.964
G,2.225
I,5.125
