"pdb_aa","rate"
H,2.448
R,1.203
L,0.2522
S,1.019
A,2.332
E,1.816
E,1.08
R,0.2304
D,2.578
Q,1.845
L,1.415
L,0.5867
P,2.327
N,2.554
L,0.3161
R,2.011
A,2.148
V,2.076
G,0.7668
W,0.03284
N,2.029
E,1.886
L,1.196
E,2.566
G,1.18
R,0.186
D,0.3768
A,0.06208
I,0.266
F,2.558
K,0.3572
Q,1.137
F,0.8966
H,2.227
F,0.05714
K,2.068
D,0.4469
F,0.0566
N,0.676
R,1.321
A,0.0411
F,0.3531
G,0.4757
F,0.3188
M,0.04319
T,0.6279
R,0.5229
V,0.4398
A,0.05303
L,0.6418
Q,1.542
A,0.05319
E,0.2566
K,0.5458
L,0.9516
D,0.5944
H,0.02908
H,0.01779
P,0.04915
E,0.05407
W,0.07106
F,0.9938
N,0.03944
V,0.1852
Y,0.1956
N,0.3695
K,0.5601
V,0.07271
H,1.283
I,0.3035
T,0.4144
L,0.07463
S,0.5256
T,0.1091
H,0.0179
E,0.2705
C,0.4718
A,1.489
G,0.09762
L,0.543
S,0.2138
E,2.455
R,0.7095
D,0.01419
I,0.9402
N,1.774
L,0.4899
A,0.06329
S,1.955
F,0.8134
I,0.4341
E,0.5774
Q,2.529
V,1.46
A,0.9764
V,2.722
S,3.877
M,4.268
T,4.318
