"pdb_aa","rate"
S,1.705
F,3.74
D,1.68
C,0.1714
G,0.1704
K,1.699
P,0.6311
Q,1.669
V,0.993
E,1.743
P,0.702
K,2.407
K,1.729
C,2.271
P,1.937
G,0.8409
R,0.1802
V,0.1208
V,0.191
G,0.06237
G,0.04609
C,1.209
V,1.139
A,0.2019
H,1.905
P,1.134
H,0.5894
S,0.3938
W,0.2
P,0.03533
W,0.05551
Q,0.1922
V,0.2467
S,0.179
L,0.2822
R,0.3956
T,1.505
R,2.057
F,1.525
G,0.9007
M,1.858
H,0.2204
F,0.9791
C,0.0387
G,0.04573
G,0.1226
T,0.2938
L,0.2082
I,0.3156
S,0.7376
P,1.414
E,1.071
W,0.2743
V,0.2212
L,0.6553
T,0.1382
A,0.03551
A,0.1642
H,0.03252
C,0.0387
L,0.919
E,2.061
K,1.985
S,1.776
P,1.614
R,0.9288
P,1.041
S,0.9372
S,2.266
Y,0.804
K,1.234
V,0.3908
I,1.182
L,0.5206
G,0.09695
A,0.762
H,0.5097
Q,1.44
E,0.8259
V,1.35
N,1.55
L,1.553
E,1.085
P,1.014
H,1.094
V,1.061
Q,0.7141
E,1.017
I,1.075
E,1.643
V,0.4705
S,1.6
R,1.102
L,0.6201
F,0.6845
L,1.418
E,0.2071
P,0.7164
T,1.476
R,0.9609
K,0.3632
D,0.03282
I,0.2792
A,0.2189
L,0.09395
L,0.6762
K,0.5689
L,0.06338
S,1.177
S,0.8252
P,0.492
A,0.2981
V,1.669
I,1.021
T,0.558
D,1.482
K,1.201
V,0.3526
I,0.8883
P,0.5627
A,0.3913
C,0.1378
L,0.2948
P,0.1694
S,1.41
P,1.648
N,1.381
Y,1.691
V,2.077
V,1.042
A,1.398
D,1.746
R,0.7289
T,0.8036
E,2.309
C,0.1543
F,1.465
I,0.3487
T,0.1462
G,0.03666
W,0.1983
G,0.03666
E,1.12
T,0.544
Q,2.06
G,1.038
T,1.056
F,1.242
G,2.509
A,1.994
G,0.9902
L,1.917
L,0.09401
K,0.4261
E,0.3353
A,0.2788
Q,1.689
L,0.2148
P,0.3737
V,0.6115
I,0.3453
E,0.6913
N,0.9713
K,1.625
V,1.373
C,0.0387
N,0.4075
R,1.401
Y,1.591
E,1.85
F,1.911
L,0.8499
N,1.027
G,0.739
R,1.323
V,0.4203
Q,0.7623
S,1.482
T,0.6867
E,0.1586
L,0.7788
C,0.0387
A,0.0331
G,0.03666
H,1.084
L,3.422
A,1.133
G,0.1833
G,0.6147
T,0.6197
D,0.07185
S,0.3434
C,0.0387
Q,0.1275
G,0.06763
D,0.03483
A,0.03246
G,0.0458
G,0.06602
P,0.04192
L,0.3407
V,0.2307
C,0.3457
F,1.527
E,1.362
K,1.864
D,1.333
K,0.9794
Y,0.6449
I,1.601
L,0.3829
Q,0.9829
G,0.0368
V,0.3877
T,0.2477
S,0.0321
W,0.3904
G,0.09467
L,2.15
G,0.266
C,0.05331
A,0.1804
R,1.291
P,0.8246
N,0.9311
K,0.9665
P,0.1438
G,0.1383
V,0.1205
Y,0.07316
V,0.4078
R,0.5604
V,0.2198
S,0.4657
R,1.434
F,0.6632
V,1.306
T,1.591
W,0.1446
I,0.2811
E,1.272
G,1.536
V,1.769
M,0.7814
R,1.714
N,2.106
N,0.9737
