"pdb_aa","rate"
M,0.1272
K,0.2261
L,0.2139
I,0.2766
F,0.3395
L,0.3314
S,0.4559
G,0.103
V,0.4673
K,0.04698
R,0.0982
S,0.1378
G,0.04442
K,0.03779
D,0.1038
T,0.03885
T,0.4511
A,0.07529
D,0.7195
F,0.8397
I,0.3014
M,1.34
S,0.8708
N,0.7514
Y,1.317
S,1.092
A,0.8232
V,2.039
K,0.5478
Y,0.7536
Q,0.1449
L,0.1379
A,0.03724
G,0.7699
P,0.2299
I,0.1358
K,0.0672
D,0.9335
A,0.5018
L,0.1894
A,1.315
Y,3.053
A,0.4675
W,0.745
G,1.523
V,2.716
F,2.902
A,3.123
A,2.036
N,2.483
T,2.182
D,1.133
Y,1.568
P,0.7769
L,0.4202
T,0.3998
R,1.322
K,1.804
E,0.4619
F,0.597
E,0.2965
G,0.1692
I,1.385
D,0.8704
Y,0.5806
D,0.05989
R,0.06574
E,0.1866
T,2.05
N,1.645
L,0.1995
N,1.825
L,0.5517
T,0.3797
K,0.4569
L,2.688
E,0.4045
V,0.2746
I,1.201
T,1.29
I,0.7022
M,0.5665
E,1.51
Q,1.898
A,0.3945
F,0.9266
C,2.569
Y,1.484
L,0.4439
N,1.538
G,1.559
K,2.012
S,1.164
P,1.436
I,0.6913
K,2.174
G,0.7796
V,1.077
F,3.25
V,1.14
F,2.976
D,1.703
D,1.371
E,2.037
G,0.8293
K,2.979
E,2.455
S,2.677
V,2.818
N,1.959
F,2.004
V,3.207
A,1.367
F,1.897
N,1.276
K,1.985
I,0.4388
T,1.155
D,1.014
V,1.198
I,1.018
N,0.8793
N,0.5068
I,0.3505
E,1.572
D,0.9825
Q,1.065
W,0.6618
S,0.1691
V,0.2149
R,0.03515
R,0.2677
L,0.4748
M,0.1289
Q,0.04207
A,0.3002
L,0.2662
G,0.04265
T,0.03318
D,0.04254
L,0.3131
I,0.3754
V,0.1884
N,0.3866
N,1.776
F,0.6943
D,0.3281
R,0.5608
M,0.5103
Y,0.5753
W,0.07068
V,0.5414
K,0.6634
L,1.019
F,0.2639
A,0.5049
L,1.098
D,0.8839
Y,0.6275
L,1.24
D,0.6691
K,1.295
F,1.72
N,2.999
S,1.189
G,1.198
Y,1.67
D,1.115
Y,0.9955
Y,0.6426
I,0.3174
V,0.18
P,0.3459
D,0.03504
T,0.3449
R,0.03515
Q,0.1335
D,0.6783
H,0.144
E,0.03618
M,0.4865
D,0.559
A,1.279
A,0.5653
R,0.06199
A,0.6551
M,0.5701
G,0.2251
A,0.1124
T,0.468
V,0.3572
I,0.2614
H,0.3495
V,0.2219
V,0.8347
R,0.1617
P,0.4531
G,0.9973
Q,2.063
K,0.8013
S,1.312
N,1.072
D,0.1614
T,0.6404
H,0.03415
I,0.2221
T,0.06021
E,0.04441
A,0.4409
G,0.09756
L,0.271
P,0.6723
I,0.6069
R,1.365
D,1.119
G,0.7123
D,0.1101
L,0.7201
V,0.345
I,0.1395
T,1.869
N,0.03338
D,0.3023
G,0.2034
S,0.2937
L,0.2719
E,0.3772
E,0.5474
L,0.2132
F,1.104
S,1.173
K,0.5943
I,0.2342
K,2.024
N,0.8663
T,1.089
L,0.7711
K,0.8354
V,2.515
L,0.9378
