"pdb_aa","rate"
L,0.5404
N,0.4304
C,0.6495
I,0.1579
V,0.3383
A,0.05067
V,0.5028
S,0.4376
Q,0.9701
N,0.1731
M,0.856
G,0.1518
I,0.05201
G,0.05114
K,1.323
N,0.8454
G,0.2924
D,1.946
L,0.2979
P,0.07228
W,0.0895
P,0.7146
P,0.3043
L,1.628
R,0.6291
N,0.9449
E,0.1729
F,0.3131
R,0.8149
Y,0.7155
F,0.1639
Q,0.592
R,0.9419
M,0.621
T,0.05118
T,0.6881
T,1.343
S,1.637
S,1.4
V,0.8969
E,1.42
G,1.043
K,0.5458
Q,1.066
N,0.05149
L,0.3305
V,0.2096
I,0.3488
M,0.09944
G,0.05178
K,0.1374
K,0.4876
T,0.1051
W,0.4967
F,0.5966
S,0.0848
I,0.2913
P,0.06023
E,1.232
K,0.5531
N,0.8693
R,0.2317
P,0.05182
L,0.08508
K,0.9119
G,0.9198
R,0.06664
I,0.7929
N,0.05116
L,0.5171
V,0.2223
L,0.3702
S,0.1831
R,0.4789
E,0.8552
L,1.353
K,2.024
E,2.079
P,2.087
P,1.535
Q,1.502
G,0.8653
A,1.314
H,0.8501
F,0.7536
L,1.094
S,0.8132
R,1.649
S,0.3128
L,0.5174
D,1.158
D,1.293
A,0.1588
L,0.8696
K,2.085
L,1.805
T,0.5712
E,1.412
Q,2.119
P,1.587
E,1.631
L,1.417
A,1.446
N,1.569
K,1.281
V,0.6425
D,0.6376
M,0.5488
V,0.6813
W,0.2532
I,0.4224
V,0.1988
G,0.05068
G,0.05068
S,0.4762
S,0.7219
V,0.4461
Y,0.2382
K,1.281
E,0.6795
A,0.3789
M,0.4124
N,1.345
H,0.9134
P,1.208
G,1.467
H,0.4882
L,1.024
K,0.4683
L,0.5535
F,0.4677
V,0.6143
T,0.05062
R,0.7415
I,0.3394
M,1.317
Q,1.052
D,1.127
F,0.4516
E,1.028
S,0.2074
D,0.05063
T,0.2784
F,0.5532
F,0.3471
P,0.2121
E,1.252
I,0.8826
D,0.4441
L,1.932
E,1.806
K,1.713
Y,0.6823
K,1.947
L,1.123
L,1.28
P,1.056
E,0.8845
Y,1.731
P,1.468
G,1.54
V,0.5041
L,1.296
S,1.85
D,1.019
V,1.463
Q,0.6246
E,0.8858
E,0.2847
K,0.705
G,0.7027
I,0.5736
K,1.492
Y,0.3547
K,0.9878
F,0.5822
E,0.7117
V,0.4524
Y,0.4801
E,0.8401
K,0.6383
N,2.791
