"pdb_aa","rate"
L,-0.4343
N,-0.6282
C,-0.242
I,-1.109
V,-0.7906
A,-1.298
V,-0.5005
S,-0.6156
Q,0.3235
N,-1.082
M,0.1221
G,-1.12
I,-1.295
G,-1.297
K,0.9454
N,0.1035
G,-0.8715
D,2.044
L,-0.8619
P,-1.26
W,-1.229
P,-0.1271
P,-0.8506
L,1.484
R,-0.2778
N,0.279
E,-1.082
F,-0.835
R,0.04979
Y,-0.1255
F,-1.098
Q,-0.3433
R,0.2737
M,-0.2921
T,-1.297
T,-0.1739
T,0.9818
S,1.499
S,1.081
V,0.1943
E,1.117
G,0.452
K,-0.4248
Q,0.4932
N,-1.296
L,-0.8043
V,-1.018
I,-0.7721
M,-1.212
G,-1.296
K,-1.145
K,-0.5273
T,-1.202
W,-0.5113
F,-0.3351
S,-1.238
I,-0.8736
P,-1.281
E,0.7848
K,-0.4119
N,0.1457
R,-0.9786
P,-1.296
L,-1.237
K,0.2207
G,0.2347
R,-1.27
I,0.01087
N,-1.297
L,-0.4754
V,-0.9952
L,-0.7344
S,-1.064
R,-0.5427
E,0.1208
L,0.9979
K,2.181
E,2.279
P,2.293
P,1.32
Q,1.261
G,0.1386
A,0.9303
H,0.1118
F,-0.0583
L,0.5426
S,0.04675
R,1.521
S,-0.8356
L,-0.4749
D,0.6549
D,0.893
A,-1.107
L,0.1462
K,2.289
L,1.795
T,-0.38
E,1.103
Q,2.349
P,1.411
E,1.489
L,1.111
A,1.163
N,1.38
K,0.8709
V,-0.2542
D,-0.2629
M,-0.4194
V,-0.1858
W,-0.9407
I,-0.6424
V,-1.037
G,-1.298
G,-1.298
S,-0.5474
S,-0.1142
V,-0.6006
Y,-0.9671
K,0.8712
E,-0.189
A,-0.719
M,-0.6599
N,0.9845
H,0.2233
P,0.7433
G,1.199
H,-0.5263
L,0.4186
K,-0.5613
L,-0.4112
F,-0.5625
V,-0.304
T,-1.298
R,-0.07965
I,-0.7887
M,0.9348
Q,0.4678
D,0.6006
F,-0.5908
E,0.4258
S,-1.021
D,-1.298
T,-0.8963
F,-0.4118
F,-0.7752
P,-1.013
E,0.8198
I,0.1691
D,-0.6041
L,2.019
E,1.797
K,1.634
Y,-0.184
K,2.046
L,0.5931
L,0.87
P,0.4745
E,0.1724
Y,1.665
P,1.201
G,1.329
V,-0.4982
L,0.8978
S,1.875
D,0.4094
V,1.193
Q,-0.2858
E,0.1747
E,-0.8851
K,-0.144
G,-0.1481
I,-0.3757
K,1.243
Y,-0.7617
K,0.3546
F,-0.3606
E,-0.1321
V,-0.5894
Y,-0.5406
E,0.09421
K,-0.2616
N,3.535
