"pdb_aa","rate"
M,1.467
L,0.5587
T,1.776
E,2.298
G,1.907
I,1.133
S,2.178
I,0.5
Q,3.577
S,1.055
Y,2.624
D,0.9967
G,1.051
H,1.958
T,2.562
F,0.8416
G,2.048
A,0.4715
L,0.5171
V,1.057
G,0.4511
S,2.087
P,0.2784
A,2.417
K,1.747
A,2.414
P,1.359
A,1.703
P,0.5687
V,0.6931
I,0.9446
V,0.5424
I,0.4084
A,0.801
Q,0.1143
E,0.03302
I,0.1209
F,0.1707
G,0.03724
V,0.2688
N,0.1187
A,1.752
F,0.4708
M,0.3613
R,0.304
E,2.164
T,0.5468
V,0.4764
S,0.8521
W,1.816
L,1.075
V,0.1067
D,1.557
Q,1.946
G,0.04633
Y,0.6195
A,1.229
A,0.3072
V,1.269
C,0.5342
P,0.05576
D,0.2034
L,0.6133
Y,0.2647
A,0.4795
R,0.1146
Q,1.648
A,1.316
P,0.9628
G,1.089
T,0.7767
A,1.211
L,0.6857
D,0.7682
P,1.123
Q,0.8789
D,1.32
E,1.653
R,1.683
Q,0.8866
R,1.673
E,2.089
Q,1.8
A,0.3384
Y,1.583
K,2.379
L,1.1
W,1.144
Q,1.779
A,1.759
F,1.16
D,0.7114
M,2.096
E,1.693
A,2.384
G,0.795
V,0.9729
G,2.361
D,0.03249
L,0.7685
E,1.735
A,0.4813
A,0.5561
I,1.002
R,3.126
Y,2.365
A,0.9478
R,0.5806
H,3.661
Q,2.56
P,2.219
Y,1.738
S,1.621
N,1.691
G,1.004
K,0.8787
V,0.5622
G,0.5296
L,1.081
V,0.8953
G,0.03363
Y,0.9246
C,0.03466
L,0.6889
G,0.03363
G,0.03702
A,0.8952
L,0.6807
A,0.405
F,1.28
L,1.233
V,0.9657
A,0.1786
A,0.894
K,1.411
G,1.001
Y,1.433
V,1.221
D,0.5939
R,0.5368
A,0.6739
V,0.3234
G,0.7429
Y,0.3136
Y,0.04927
G,0.2168
V,0.3054
G,0.7275
L,0.5466
E,1.063
K,1.973
Q,2.2
L,0.7349
N,1.773
K,1.492
V,0.8037
P,2.365
E,2.328
V,0.7932
K,2.276
H,1.878
P,0.2019
A,1.101
L,1.034
F,0.9088
H,0.03506
M,0.6952
G,0.3881
G,1.401
Q,2.244
D,0.0321
H,1.83
F,1.004
V,0.2175
P,1.244
A,2.203
P,2.272
S,0.9646
R,0.4574
Q,2.158
L,2.358
I,0.4405
T,1.645
E,2.375
G,0.7761
F,0.84
G,1.396
A,2.379
N,1.441
P,1.973
L,2.36
L,0.8738
Q,1.269
V,1.281
H,1.209
W,1.287
Y,0.1646
E,2.102
E,1.199
A,0.516
G,0.8668
H,0.03203
S,0.1413
F,0.03374
A,0.2358
R,0.2645
T,1.414
S,1.615
S,0.2869
S,2.1
G,0.6232
Y,0.7342
V,1.308
A,1.536
S,2.388
A,0.5474
A,0.1873
A,2.383
L,1.746
A,0.03678
N,0.6748
E,2.344
R,0.2288
T,0.4613
L,1.259
D,1.972
F,0.2836
L,0.69
A,1.884
P,2.53
L,1.269
Q,0.9461
S,2.449
