"pdb_aa","rate"
M,1.061
Y,1.786
T,1.298
L,0.1763
N,1.379
W,0.6369
Q,1.319
P,0.9286
P,0.08669
Y,0.4585
D,0.2286
W,0.3591
S,1.58
W,0.4089
M,0.5063
L,0.9013
G,1.442
F,0.1659
L,0.2682
A,1.125
A,0.6779
R,0.05388
A,0.3781
V,0.349
S,1.248
S,0.203
V,0.47
E,0.04311
T,1.768
V,0.4495
A,2.003
D,2.12
S,2.245
Y,1.439
Y,0.2153
A,1.331
R,0.03468
S,0.3982
L,0.8163
A,1.276
V,1.709
G,2.245
E,1.587
Y,1.524
R,1.845
G,0.1899
V,1.24
V,1.259
T,0.9566
A,0.5069
I,1.483
P,0.9189
D,0.8887
I,2.565
A,2.354
R,1.734
H,1.623
T,1.116
L,0.2774
H,1.817
I,0.5271
N,1.176
L,1.065
S,0.6596
A,1.598
G,0.9021
L,0.9009
E,2.042
P,1.269
V,0.7167
A,1.055
A,1.572
E,2.401
C,0.4894
L,1.387
A,1.291
K,0.4337
M,0.8696
S,0.8318
R,0.9089
L,0.4076
F,0.5129
D,0.03931
L,0.2926
Q,1.055
C,0.6028
N,1.016
P,0.2541
Q,2.358
I,2.439
V,0.5559
N,1.416
G,2.23
A,1.098
L,0.2391
G,0.5913
R,1.792
L,0.3019
G,0.6276
A,1.157
A,0.9503
R,0.8043
P,0.169
G,0.04511
L,0.1943
R,0.03281
L,0.2662
P,0.1092
G,0.2851
C,0.4854
V,0.7075
D,0.1852
A,0.8847
F,0.3064
E,0.0363
Q,0.25
G,0.5271
V,0.2631
R,0.03481
A,0.1053
I,0.2178
L,0.1171
G,0.04505
Q,0.03273
L,0.04399
V,0.1063
S,0.2156
V,0.07892
A,0.4765
M,0.1828
A,0.03227
A,0.1708
K,0.281
L,0.2059
T,0.4129
A,0.8048
R,0.1762
V,0.3441
A,0.431
Q,1.063
L,0.6661
Y,0.9914
G,0.03643
E,1.615
R,1.094
L,1.053
D,2.264
D,1.409
F,2.236
P,0.7859
E,1.027
Y,1.167
I,1.315
C,0.6251
F,0.09174
P,0.04211
T,1.195
P,0.7603
Q,2.281
R,1.023
L,0.6333
A,0.2328
A,2.315
A,0.4908
D,1.188
P,0.5883
Q,1.913
A,1.063
L,0.3046
K,0.8858
A,1.291
L,0.2334
G,0.1235
M,0.1506
P,0.3286
L,0.7157
K,0.5938
R,0.03281
A,0.3714
E,0.7302
A,0.3309
L,0.2309
I,0.4839
H,1.08
L,0.7368
A,0.0548
N,1.261
A,0.3913
A,0.7887
L,0.8006
E,1.334
G,0.465
T,1.266
L,0.7893
P,1.177
M,0.6278
T,1.631
I,1.657
P,1.324
G,1.495
D,0.8204
V,0.7516
E,1.626
Q,1.661
A,0.9113
M,0.7024
K,0.9405
T,0.894
L,0.2158
Q,0.8454
T,0.5825
F,0.6361
P,0.3213
G,0.03643
I,0.04038
G,0.03643
R,0.6393
W,0.05462
T,0.03265
A,0.05506
N,0.4863
Y,0.0711
F,0.4229
A,0.07753
L,0.2357
R,0.03463
G,0.2011
W,0.4005
Q,0.2577
A,0.6141
K,1.152
D,0.07139
V,0.2541
F,0.1617
L,0.1562
P,0.7116
D,0.4389
D,0.03275
Y,0.2341
L,0.3376
I,0.1662
K,0.5661
Q,0.3259
R,0.324
F,0.3474
P,0.9567
G,0.9111
M,0.4303
T,0.5227
P,0.7454
A,0.6798
Q,1.054
I,0.2219
R,0.7848
R,1.216
Y,0.3085
A,0.2365
E,0.7789
R,0.6434
W,0.05473
K,0.3462
P,0.03512
W,1.294
R,0.03281
S,0.1984
Y,0.1033
A,0.03526
L,0.199
L,0.5082
H,0.2517
I,0.1652
W,0.1418
Y,0.8164
T,0.7841
E,1.182
G,0.9076
W,1.289
Q,2.004
P,1.039
D,2.265
E,2.445
A,1.574
