"pdb_aa","rate"
P,2.711
P,2.669
V,2.01
Y,1.332
K,0.3648
I,0.7047
A,0.1126
L,0.4776
G,0.6019
I,0.7041
E,0.1585
Y,0.02926
D,0.7597
G,0.01224
S,0.7704
K,2.114
Y,0.5344
Y,1.491
G,0.01224
W,0.3272
Q,0.008447
R,0.7326
Q,0.05159
N,1.933
E,1.537
V,0.543
R,2.572
S,0.2872
V,0.2286
Q,0.0291
E,1.645
K,2.193
L,0.4436
E,0.1311
K,2.68
A,0.08009
L,0.3055
S,0.4552
Q,2.66
V,0.3854
A,0.08202
N,1.111
E,1.483
P,1.339
I,0.8133
T,2.162
V,0.5591
F,1.867
C,0.3482
A,0.04218
G,0.02721
R,0.008549
T,0.007254
D,0.008444
A,0.439
G,0.1902
V,0.007562
H,0.07795
G,0.3653
T,0.5478
G,0.9814
Q,0.01606
V,0.2721
V,0.3942
H,0.03697
F,0.02776
E,0.7051
T,0.3764
T,4.121
A,1.174
L,4.7
R,0.01665
K,1.734
D,2.7
A,1.541
A,0.3761
W,0.09222
T,0.7486
L,0.7729
G,0.02726
V,1.061
N,0.04162
A,0.9382
N,1.059
L,0.1717
P,0.07182
G,2.15
D,0.7486
I,0.3826
A,0.5312
V,0.4303
R,1.104
W,0.1278
V,0.5642
K,1.846
T,2.697
V,0.3039
P,2.632
D,2.124
D,1.586
F,0.0124
H,0.07801
A,0.04203
R,0.008549
F,0.3969
S,0.2102
A,0.007538
T,1.207
A,0.6099
R,0.008549
R,0.4297
Y,0.01294
R,0.1475
Y,0.01294
I,0.927
I,0.1583
Y,1.245
N,0.2086
H,1.245
R,1.889
L,1.524
R,0.1928
P,0.3855
A,0.3289
V,0.634
L,1.168
S,2.042
K,2.659
G,0.5683
V,0.735
T,0.3109
H,0.2945
F,1.424
Y,1.129
E,1.972
P,1.435
L,0.06208
D,0.3678
A,1.39
E,2.756
R,1.897
M,0.01386
H,1.046
R,2.64
A,0.1507
A,0.3809
Q,0.8293
C,3.024
L,0.2544
L,1.426
G,0.01223
E,0.4866
N,0.5951
D,0.02904
F,0.04703
T,0.4297
S,0.3301
F,0.2968
R,0.04086
A,0.197
V,1.02
Q,1.008
C,0.05278
Q,0.05056
S,0.1978
R,1.233
T,0.467
P,0.2605
W,1.354
R,0.1361
N,0.9681
V,1.101
M,1.228
H,1.158
I,1.117
N,2.006
V,0.3124
T,2.603
R,0.4509
H,2.539
G,0.5529
P,2.487
Y,1.571
V,0.7083
V,0.7991
V,0.821
D,0.2574
I,0.4095
K,0.9298
A,0.0626
N,0.1344
A,0.06316
F,0.02776
V,0.145
H,0.168
H,0.03705
M,0.007784
V,0.09954
R,0.008549
N,0.007424
I,0.2195
V,0.396
G,0.02727
S,0.3659
L,0.02643
M,0.9137
E,1.179
V,0.503
G,0.02739
A,1.946
H,0.5861
N,1.661
Q,1.46
P,1.678
E,1.647
S,2.701
W,0.2782
I,1.122
A,2.655
E,1.55
L,0.6096
L,0.2206
A,1.622
A,1.67
K,0.7066
D,0.6537
R,0.0164
T,1.401
L,2.425
A,0.2086
A,0.5508
A,0.705
T,0.04814
A,0.1403
K,0.7006
A,0.6009
E,1.819
G,0.04618
L,0.04508
Y,0.1435
L,0.3528
V,0.3808
A,1.899
V,0.2546
D,1.913
Y,0.04945
P,0.3977
D,2.645
R,2.702
Y,0.9745
D,2.718
L,0.7298
P,0.1867
K,4.7
P,2.701
P,2.7
M,1.948
G,0.7334
P,0.3654
L,1.279
F,0.7183
L,1.071
A,2.003
D,1.843
