"pdb_aa","rate"
P,0.2016
M,1.504
E,-0.6681
I,0.6791
S,2.122
G,-0.5681
T,0.4142
H,0.6721
T,1.005
E,0.224
I,-0.2937
N,1.526
L,1.927
D,0.6964
N,2.019
A,1.364
I,0.4836
D,0.01754
M,1.185
I,0.04152
R,0.6617
E,2.286
A,-0.2898
N,1.905
S,0.4642
I,-0.3155
I,-0.3276
I,-0.9082
T,1.5
P,0.1036
G,-0.7019
Y,-0.6763
G,-0.7019
L,-0.2348
C,-0.1062
A,-0.319
A,-0.9307
K,-0.198
A,-0.9307
Q,-0.2919
Y,0.03387
P,-0.01045
I,-0.3706
A,0.8629
D,-0.07671
L,0.3788
V,-0.2832
K,3.156
M,3.311
L,-0.7076
T,0.6097
E,1.881
Q,1.407
G,-0.7019
K,1.407
K,1.891
V,-0.9225
R,-0.8648
F,-0.6952
G,0.9093
I,-0.9324
H,-0.9057
P,-0.746
V,-0.9225
A,-0.3944
G,-0.7019
R,-0.8648
M,-0.2221
P,-0.746
G,-0.7019
Q,-0.318
L,-0.2348
N,-0.943
V,-0.9225
L,-0.7076
L,-0.7076
A,-0.9307
E,-0.8302
A,-0.9307
G,0.1992
V,-0.9225
P,-0.746
Y,-0.6763
D,-0.867
I,0.5107
V,-0.9225
L,0.9341
E,-0.8302
M,-0.9195
D,-0.867
E,-0.8302
I,-0.351
N,-0.943
H,0.8514
D,-0.867
F,-0.6952
P,0.7157
D,1.434
T,-0.4296
D,-0.867
L,0.809
V,-0.3503
L,0.01804
V,-0.9225
I,-0.9324
G,-0.7019
A,-0.9307
N,-0.943
D,-0.867
T,-0.4074
V,-0.9225
N,-0.943
S,-0.191
A,-0.3762
A,-0.9307
Q,2.154
E,0.7826
D,-0.867
P,-0.746
N,1.721
S,-0.9799
I,0.1519
I,-0.9324
A,-0.9307
G,-0.7019
M,-0.9195
P,-0.746
V,-0.9225
L,-0.7076
E,0.01287
V,-0.9225
W,-0.449
K,-0.02235
S,-0.393
K,2.501
Q,1.298
V,0.5103
I,-0.3817
V,-0.9225
M,-0.1563
K,-0.8164
R,-0.8648
S,-0.9799
L,-0.2348
G,0.7894
V,0.3772
G,-0.7019
Y,-0.6763
A,-0.9307
A,-0.07198
V,-0.9225
D,-0.02051
N,-0.943
P,-0.746
I,0.7223
F,-0.6952
Y,0.2139
K,-0.1576
P,1.978
N,-0.943
T,0.2475
A,2.807
M,-0.9195
L,0.1654
L,0.0944
G,-0.7019
D,-0.2694
A,-0.9307
K,-0.8164
K,0.7909
T,0.2847
C,0.8833
D,-0.2512
A,2.228
L,0.4713
Q,1.008
A,0.4545
K,0.6789
V,0.7107
R,0.7461
E,3.047
S,1.053
