"pdb_aa","rate"
M,1.399
I,-0.203
S,0.05705
E,-0.02623
T,-0.01417
I,-0.2929
R,-0.007434
S,-0.05841
G,0.115
D,-1.004
W,0.8114
K,-0.9057
G,-0.1541
E,-1.34
K,-1.341
H,-1.432
V,-1.069
P,-1.431
V,-0.7462
I,-0.8194
E,-0.1998
Y,0.6338
E,0.4007
R,0.2281
E,0.9863
G,0.9138
E,-0.1003
L,2.905
V,0.7242
K,1.31
V,-0.4271
K,1.09
V,-0.9919
Q,0.5303
V,-1.141
G,-1.426
K,-0.4212
E,-0.6434
I,-0.6646
P,0.7942
H,-1.432
P,-1.419
N,-1.338
T,-0.678
T,0.3608
E,-0.6092
H,-1.432
H,-0.2588
I,-1.43
R,0.4665
Y,-0.551
I,-1.016
E,-0.511
L,-0.4232
Y,0.9537
F,-0.7417
L,1.296
P,-0.4666
E,0.1218
G,0.626
E,1.146
N,0.3228
F,0.2987
V,0.2501
Y,1.056
Q,0.229
V,0.02638
G,-0.3059
R,0.207
V,0.8592
E,1.103
F,-0.7827
T,1.081
A,-0.2853
H,-1.303
G,-0.5836
E,-0.39
S,-0.6525
V,0.7304
N,2.689
G,-1.025
P,-0.5321
N,-1.018
T,0.8879
S,0.1017
D,0.2707
V,1.009
Y,1.583
T,0.1826
E,1.148
P,-1.098
I,1.25
A,-0.7172
Y,2.495
F,-0.3347
V,2.92
L,0.7021
K,0.6347
T,1.289
K,1.285
K,1.3
K,0.2082
G,-0.4712
K,0.6834
L,-0.1722
Y,1.198
A,-1.155
L,0.2227
S,-0.8458
Y,-0.8588
C,-1.421
N,-1.373
I,-0.657
H,-1.432
G,-1.359
L,-0.6236
W,-1.416
E,-0.3781
N,-0.3142
E,0.6545
V,1.139
T,1.311
L,-0.01257
E,1.488
