"pdb_aa","rate"
M,2.465
I,1.089
S,1.312
E,1.241
T,1.251
I,1.011
R,1.257
S,1.213
G,1.362
D,0.3998
W,1.96
K,0.4847
G,1.131
E,0.1118
K,0.1105
H,0.03206
V,0.3447
P,0.03322
V,0.6218
I,0.5589
E,1.091
Y,1.808
E,1.607
R,1.459
E,2.111
G,2.048
E,1.177
L,3.759
V,1.885
K,2.389
V,0.8961
K,2.2
V,0.4107
Q,1.719
V,0.2822
G,0.03797
K,0.9011
E,0.7101
I,0.6919
P,1.946
H,0.03206
P,0.04332
N,0.1134
T,0.6804
T,1.573
E,0.7396
H,0.03206
H,1.041
I,0.03407
R,1.664
Y,0.7895
I,0.3901
E,0.8239
L,0.8993
Y,2.083
F,0.6257
L,2.377
P,0.8621
E,1.368
G,1.801
E,2.248
N,1.54
F,1.52
V,1.478
Y,2.171
Q,1.46
V,1.286
G,1
R,1.441
V,2.001
E,2.211
F,0.5905
T,2.192
A,1.018
H,0.1429
G,0.7615
E,0.9279
S,0.7023
V,1.891
N,3.574
G,0.3825
P,0.8058
N,0.388
T,2.026
S,1.35
D,1.496
V,2.13
Y,2.624
T,1.42
E,2.25
P,0.3197
I,2.338
A,0.6467
Y,3.407
F,0.9755
V,3.773
L,1.866
K,1.809
T,2.37
K,2.367
K,2.38
K,1.442
G,0.8581
K,1.85
L,1.115
Y,2.293
A,0.2706
L,1.454
S,0.5362
Y,0.525
C,0.04147
N,0.08296
I,0.6984
H,0.03237
G,0.09507
L,0.7272
W,0.04617
E,0.9381
N,0.9931
E,1.826
V,2.242
T,2.39
L,1.252
E,2.541
