"pdb_aa","rate"
A,2.149
N,2.218
F,1.244
Q,0.9199
Y,0.8791
I,0.3645
I,1.492
T,0.8658
E,0.5714
K,0.9769
K,1.23
G,0.6192
K,1.251
N,1.897
S,2.175
S,0.9532
V,0.1101
G,0.8073
L,1.066
I,0.4321
Q,0.4157
L,0.08212
N,0.2247
R,0.01333
P,0.09087
K,0.6184
A,0.1927
L,0.1448
N,0.01021
A,0.02991
L,0.0221
C,0.4149
N,1.404
G,1.611
L,0.3787
I,0.6806
E,2.701
E,0.1726
L,0.9355
N,0.8817
Q,2.074
A,0.2041
L,0.7999
E,1.984
T,2.013
F,1.212
E,0.5575
E,1.527
D,0.1475
P,2.016
A,2.641
V,0.5422
G,0.5601
A,0.4097
I,0.5966
V,0.2328
L,1.262
T,0.02804
G,0.02249
G,0.1932
E,0.7173
K,0.3953
A,0.05079
F,0.0107
A,0.02955
A,0.02954
G,0.01056
A,0.006863
D,0.007535
I,0.04137
K,0.1921
E,0.2051
M,0.02122
Q,1.047
N,1.923
R,1.412
T,1.227
F,0.9274
Q,0.9278
D,1.087
C,0.7339
Y,0.9157
S,1.957
G,1.952
K,0.6303
F,0.7935
L,0.4663
S,1.217
H,1.297
W,0.2637
D,0.9296
H,1.813
I,1.14
T,0.8585
R,1.925
I,1.689
K,0.4535
K,0.1215
P,0.009658
V,0.8907
I,0.2108
A,0.04234
A,0.03571
V,0.02971
N,0.3189
G,0.03882
Y,1.023
A,0.03596
L,0.05213
G,0.01056
G,0.01056
G,0.01056
C,0.1146
E,0.008021
L,0.4649
A,0.01984
M,0.1637
M,0.2997
C,0.1137
D,0.007535
I,0.3756
I,0.2149
Y,0.4892
A,0.05177
G,0.3612
E,0.565
K,0.592
A,0.01044
Q,0.9245
F,0.02305
G,0.1878
Q,0.03422
P,0.009642
E,0.02699
I,0.1384
L,0.6667
L,0.3492
G,0.05355
T,0.3121
I,0.3108
P,0.009642
G,0.01057
A,0.3612
G,0.01057
G,0.01057
T,0.1219
Q,0.007538
R,0.007619
L,0.09799
T,0.336
R,0.238
A,0.386
V,0.5817
G,0.09569
K,0.04947
S,0.1749
L,0.3016
A,0.1158
M,0.02138
E,0.3548
M,0.6283
V,0.7735
L,0.02181
T,0.1004
G,0.2274
D,0.3773
R,0.9256
I,0.4285
S,0.7573
A,0.05997
Q,1.505
D,0.1854
A,0.01053
K,0.2492
Q,0.5038
A,0.9255
G,0.01058
L,0.2291
V,0.1335
S,0.2143
K,0.2465
I,0.531
F,0.4945
P,0.3436
V,1.172
E,0.9121
T,1.827
L,0.4158
V,1.2
E,1.688
E,0.431
A,0.293
I,1.313
Q,1.114
C,0.795
A,0.1926
E,1.512
K,1.044
I,0.05054
A,0.2454
N,1.505
N,1.152
S,0.09517
K,1.269
I,0.7388
I,1.016
V,0.8401
A,0.9319
M,0.5252
A,0.6199
K,0.04946
E,0.3673
S,0.6609
V,0.1765
N,0.1722
A,0.7108
A,0.3144
F,0.977
E,0.0922
M,0.8251
T,0.6385
L,0.02188
T,1.248
E,0.3138
G,0.0388
N,0.9809
K,1.067
L,1.02
E,0.01499
K,0.2394
K,0.3138
L,1.577
F,0.07022
Y,0.4036
S,0.6588
T,0.6444
F,0.03967
A,0.2166
T,0.2982
D,1.458
D,0.02443
R,0.19
R,0.4414
E,0.01474
G,0.01056
M,0.03094
S,1.18
A,0.01061
F,0.02301
V,1.134
E,0.4668
K,0.02828
R,0.01344
K,1.973
A,0.6685
N,2.068
F,0.3331
K,1.327
D,0.7764
H,1.248
