"pdb_aa","rate"
M,0.8341
M,1.464
K,2.03
K,2.911
I,0.8317
D,0.9157
V,1.409
K,0.2969
I,0.6466
L,0.4251
D,0.1385
P,3.012
R,0.2098
V,1.262
G,0.9209
K,3.012
E,2.909
F,1.28
P,0.7217
L,0.9981
P,0.008025
T,2.083
Y,0.2592
A,0.1532
T,0.06051
S,3.012
G,0.09957
S,0.1644
A,0.01637
G,0.05458
L,0.4951
D,0.00566
L,0.03056
R,0.1086
A,0.02846
C,0.7711
L,1.473
N,1.787
D,3.002
A,2.041
V,2.047
E,2.046
L,0.8573
A,3.012
P,0.3732
G,0.5878
D,1.845
T,0.4543
T,3.012
L,0.09735
V,0.7241
P,0.6076
T,0.1521
G,0.00898
L,1.399
A,0.2523
I,0.5397
H,0.446
I,0.7455
A,1.708
D,0.2091
P,0.7769
S,2.914
L,0.9382
A,0.1204
A,0.1588
M,1.045
M,0.5309
L,0.1206
P,0.008019
R,0.005748
S,0.004121
G,0.00898
L,0.2113
G,0.00898
H,0.04508
K,0.177
H,0.3478
G,0.00898
I,0.2024
V,0.004781
L,0.07504
G,0.05457
N,0.004638
L,0.1006
V,0.07763
G,0.00898
L,0.03051
I,0.02789
D,0.005649
S,0.09919
D,0.005649
Y,0.009584
Q,0.01955
G,0.00898
Q,0.7068
L,0.6075
M,0.7115
I,0.35
S,0.02469
V,0.9924
W,0.01822
N,0.01593
R,0.005748
G,1.169
Q,3.012
D,3.012
S,3.008
F,0.5593
T,1.096
I,1.049
Q,2.039
P,0.9031
G,0.6202
E,0.4954
R,0.005748
I,0.5718
A,0.01636
Q,0.01956
M,0.6596
I,0.4504
F,0.8684
V,0.2971
P,0.02806
V,0.2926
V,0.8552
Q,0.3197
A,0.502
E,3.012
F,0.6226
N,1.442
L,2.059
V,0.01653
E,2.981
D,2.049
F,0.009126
