"pdb_aa","rate"
M,0.03756
M,0.7077
K,1.31
K,2.248
I,0.03492
D,0.1244
V,0.6498
K,-0.5343
I,-0.1621
L,-0.3979
D,-0.7029
P,2.356
R,-0.6271
V,0.4935
G,0.1299
K,2.356
E,2.246
F,0.5117
P,-0.0821
L,0.2121
P,-0.8418
T,1.367
Y,-0.5745
A,-0.6873
T,-0.786
S,2.356
G,-0.7444
S,-0.6754
A,-0.8329
G,-0.7923
L,-0.3234
D,-0.8443
L,-0.8178
R,-0.7347
A,-0.8201
C,-0.02954
L,0.7178
N,1.052
D,2.345
A,1.322
V,1.329
E,1.327
L,0.06219
A,2.356
P,-0.4531
G,-0.2246
D,1.114
T,-0.3668
T,2.356
L,-0.7467
V,-0.0796
P,-0.2036
T,-0.6885
G,-0.8408
L,0.6388
A,-0.5818
I,-0.2759
H,-0.3756
I,-0.05674
A,0.9673
D,-0.6278
P,-0.02334
S,2.251
L,0.1483
A,-0.7222
A,-0.6813
M,0.2615
M,-0.2853
L,-0.722
P,-0.8418
R,-0.8443
S,-0.846
G,-0.8408
L,-0.6254
G,-0.8408
H,-0.8024
K,-0.662
H,-0.4801
G,-0.8408
I,-0.6349
V,-0.8453
L,-0.7705
G,-0.7923
N,-0.8454
L,-0.7433
V,-0.7677
G,-0.8408
L,-0.8179
I,-0.8207
D,-0.8444
S,-0.7448
D,-0.8444
Y,-0.8402
Q,-0.8296
G,-0.8408
Q,-0.09797
L,-0.2036
M,-0.093
I,-0.4778
S,-0.8241
V,0.206
W,-0.831
N,-0.8334
R,-0.8443
G,0.3937
Q,2.356
D,2.356
S,2.351
F,-0.255
T,0.3167
I,0.2659
Q,1.32
P,0.111
G,-0.1902
E,-0.323
R,-0.8443
I,-0.2417
A,-0.833
Q,-0.8295
M,-0.1482
I,-0.3709
F,0.07406
V,-0.5341
P,-0.8205
V,-0.5389
V,0.05994
Q,-0.5101
A,-0.316
E,2.356
F,-0.1876
N,0.6846
L,1.341
V,-0.8328
E,2.323
D,1.33
F,-0.8407
