"pdb_aa","rate"
S,1.287
Q,1.233
D,0.8492
L,0.14
S,0.2012
E,1.345
A,1.627
L,0.2266
K,0.2342
E,0.7378
A,0.1385
T,0.07756
K,0.7288
E,0.9625
V,0.5764
H,0.01701
I,0.7451
R,1.129
A,0.1725
E,0.09819
N,0.3698
S,0.4302
E,0.7925
F,0.1664
M,0.3297
R,0.7938
N,0.5316
F,0.4396
Q,0.48
K,0.724
G,0.09657
Q,0.6906
V,0.3315
S,0.5755
R,0.8997
E,2.352
G,0.4072
F,0.3692
K,0.6828
L,0.8109
V,0.363
M,0.6476
A,0.7602
S,0.2541
L,0.3346
Y,0.3592
H,0.8557
I,0.4487
Y,0.02181
T,1.236
A,0.4228
L,0.2853
E,0.02224
E,1.552
E,0.8935
I,1.173
E,2.529
R,1.874
N,0.7067
K,1.79
Q,4.067
N,0.4621
P,0.7799
V,1.051
Y,0.9385
A,1.049
P,1.626
L,0.804
Y,1.321
F,0.7733
P,1.121
E,1.697
E,0.6435
L,0.09322
H,1.201
R,0.01733
R,1.732
A,2.527
A,0.9387
L,0.2282
E,0.6778
Q,1.776
D,0.02042
M,0.2031
A,2.096
F,0.9482
W,0.3218
Y,1.164
G,0.05386
P,2.532
H,1.734
W,0.1549
Q,1.191
E,3.669
A,2.532
I,1.048
P,4.071
Y,0.9634
T,0.4508
P,1.92
A,0.343
T,0.4458
Q,2.446
H,1.932
Y,0.05787
V,0.4237
K,2.529
R,0.1512
L,0.3861
H,1.582
E,1.593
V,0.8762
G,0.4956
G,2.528
T,2.5
H,1.808
P,0.1946
E,1.172
L,0.2478
L,0.1626
V,0.8014
A,0.3224
H,0.01692
A,0.4957
Y,0.02176
T,0.1161
R,0.0207
Y,0.02176
L,0.5435
G,0.02094
D,0.02044
L,0.05191
S,0.02032
G,0.0542
G,0.02094
Q,0.09844
V,0.4268
L,0.2175
K,0.3089
K,1.184
I,0.4646
A,0.3634
Q,0.5408
K,0.8898
A,0.4667
M,0.4743
A,0.9504
L,0.2145
P,1.882
S,1.797
S,1.219
G,1.69
E,0.3387
G,0.05401
L,0.3923
A,1.014
F,0.1978
F,0.2451
T,0.6675
F,0.02117
P,1.769
S,2.659
I,0.4014
D,2.528
N,0.3869
P,0.749
T,0.5911
K,1.415
F,0.1789
K,0.07149
Q,1.585
L,2.559
Y,0.05942
R,0.1747
A,1.35
R,0.8912
M,0.3987
N,0.4458
T,1.544
L,0.8198
E,1.645
M,1.174
T,0.7081
P,1.858
E,1.738
V,0.8619
K,1.199
H,1.727
R,1.178
V,0.4136
T,0.5175
E,1.656
E,0.02236
A,0.06937
K,0.4769
T,2.459
A,0.1473
F,0.09881
L,1.686
L,0.8527
N,0.0357
I,0.5086
E,1.622
L,0.7713
F,0.6354
E,1.801
E,0.6607
L,0.3
Q,0.639
A,1.747
L,1.451
L,1.443
T,1.801
E,3.975
