"pdb_aa","rate"
S,0.4842
Q,0.4179
D,-0.05265
L,-0.9228
S,-0.8478
E,0.5559
A,0.9011
L,-0.8166
K,-0.8073
E,-0.1894
A,-0.9247
T,-0.9995
K,-0.2004
E,0.08634
V,-0.3874
H,-1.074
I,-0.1804
R,0.2902
A,-0.8829
E,-0.9741
N,-0.6409
S,-0.5668
E,-0.1223
F,-0.8904
M,-0.6901
R,-0.1207
N,-0.4423
F,-0.5552
Q,-0.5057
K,-0.2063
G,-0.9761
Q,-0.2473
V,-0.6879
S,-0.3885
R,0.009271
E,1.791
G,-0.595
F,-0.6416
K,-0.2569
L,-0.09967
V,-0.6492
M,-0.3001
A,-0.1618
S,-0.7828
L,-0.6841
Y,-0.6539
H,-0.04471
I,-0.544
Y,-1.068
T,0.4214
A,-0.5758
L,-0.7446
E,-1.067
E,0.8098
E,0.001661
I,0.3441
E,2.008
R,1.205
N,-0.2276
K,1.101
Q,3.895
N,-0.5276
P,-0.1378
V,0.1945
Y,0.05693
A,0.1923
P,0.8999
L,-0.1082
Y,0.5259
F,-0.1458
P,0.2806
E,0.9872
E,-0.305
L,-0.9802
H,0.3794
R,-1.073
R,1.03
A,2.006
A,0.05707
L,-0.8146
E,-0.263
Q,1.084
D,-1.07
M,-0.8454
A,1.477
F,0.06874
W,-0.6998
Y,0.3338
G,-1.029
P,2.012
H,1.033
W,-0.9045
Q,0.3663
E,3.408
A,2.012
I,0.1916
P,3.9
Y,0.08747
T,-0.5415
P,1.261
A,-0.6738
T,-0.5477
Q,1.906
H,1.275
Y,-1.024
V,-0.5748
K,2.008
R,-0.9091
L,-0.6209
H,0.8464
E,0.8595
V,-0.01952
G,-0.4866
G,2.008
T,1.972
H,1.123
P,-0.8558
E,0.3433
L,-0.7905
L,-0.8951
V,-0.1113
A,-0.699
H,-1.074
A,-0.4864
Y,-1.068
T,-0.9522
R,-1.069
Y,-1.068
L,-0.4278
G,-1.069
D,-1.07
L,-1.031
S,-1.07
G,-1.028
G,-1.069
Q,-0.9738
V,-0.571
L,-0.8277
K,-0.7156
K,0.3585
I,-0.5246
A,-0.6488
Q,-0.431
K,-0.002845
A,-0.5219
M,-0.5126
A,0.07153
L,-0.8314
P,1.214
S,1.111
S,0.4011
G,0.9794
E,-0.679
G,-1.028
L,-0.6133
A,0.1495
F,-0.8519
F,-0.7939
T,-0.2756
F,-1.069
P,1.075
S,2.168
I,-0.6021
D,2.007
N,-0.62
P,-0.1756
T,-0.3693
K,0.6414
F,-0.8752
K,-1.007
Q,0.85
L,2.045
Y,-1.022
R,-0.8802
A,0.5619
R,-0.001133
M,-0.6054
N,-0.5477
T,0.7999
L,-0.08871
E,0.9235
M,0.3459
T,-0.2258
P,1.185
E,1.037
V,-0.03706
K,0.376
H,1.024
R,0.3502
V,-0.5871
T,-0.4596
E,0.9367
E,-1.067
A,-1.01
K,-0.5094
T,1.922
A,-0.9139
F,-0.9734
L,0.9738
L,-0.04842
N,-1.051
I,-0.4706
E,0.895
L,-0.1483
F,-0.315
E,1.115
E,-0.284
L,-0.7265
Q,-0.3106
A,1.049
L,0.6853
L,0.676
T,1.116
E,3.782
