"pdb_aa","rate"
P,1.434
I,1.525
S,1.644
K,2.466
M,0.8723
V,2.227
T,1.775
A,1.831
H,0.153
F,0.3517
V,0.2046
L,0.1349
I,0.2036
H,0.08912
T,0.1326
I,0.6294
C,0.9561
H,0.2386
G,0.08915
A,0.09011
W,0.09389
I,0.5301
W,0.09935
H,0.2226
K,0.127
L,0.4541
K,0.4356
P,0.5455
A,0.9371
L,0.1099
E,0.5652
R,0.4828
A,0.5561
G,0.09095
H,0.2157
K,0.5162
V,0.08991
T,0.1149
A,0.346
L,0.4756
D,0.1429
M,0.3737
A,0.251
A,0.2019
S,0.2852
G,0.08926
I,0.5835
D,0.3713
P,0.7174
R,0.5943
Q,0.682
I,0.6365
E,0.9998
Q,0.6004
I,0.4583
N,1.217
S,0.3093
F,0.7217
D,0.5998
E,0.6041
Y,0.18
S,0.6394
E,0.649
P,0.08917
L,0.09033
L,0.6192
T,0.8057
F,0.7434
L,0.4164
E,0.6309
K,0.3183
L,0.3502
P,0.5427
Q,1.224
G,0.9694
E,0.488
K,0.5406
V,0.1998
I,0.3031
I,0.1781
V,0.08912
G,0.2112
E,0.08913
S,0.08913
C,1.158
A,0.1039
G,0.08926
L,1.041
N,0.6615
I,0.5023
A,0.1984
I,0.7703
A,0.09868
A,0.1992
D,0.2005
R,1.001
Y,0.2966
V,0.23
D,1.205
K,0.1071
I,0.2978
A,0.5047
A,0.4439
G,0.2842
V,0.116
F,0.1244
H,0.6619
N,0.5079
S,0.09214
L,1.339
L,0.2175
P,0.2242
D,0.3251
T,0.5135
V,1.132
H,0.4957
S,0.7274
P,0.6638
S,0.5332
Y,0.8474
T,0.5596
V,1.639
E,0.8392
K,0.5435
L,1.984
L,2.054
E,1.895
S,1.271
F,1.249
P,1.527
D,0.8524
W,1.475
R,0.791
D,0.1922
T,0.6642
E,0.9987
Y,1.458
F,1.164
T,1.218
F,0.922
T,0.9042
N,0.8439
I,1.13
T,1.134
G,0.9476
E,1.074
T,0.6432
I,0.6464
T,0.4959
T,0.5415
M,1.348
K,1.813
L,1.26
G,0.2275
F,0.5793
V,1.237
L,0.9705
L,0.6488
R,0.5881
E,1.129
N,1.27
L,0.9734
F,0.2538
T,0.4591
K,0.8285
C,0.2009
T,0.4713
D,1.286
G,0.4028
E,0.08919
Y,0.8075
E,0.4232
L,0.0904
A,0.2996
K,0.7717
M,0.8464
V,0.2089
M,0.8964
R,0.08915
K,0.611
G,1.167
S,0.4999
L,1.197
F,0.6283
Q,1.453
N,1.121
V,1.018
L,0.7324
A,1.022
Q,0.9202
R,0.97
P,0.8591
K,0.814
F,0.5723
T,0.2513
E,1.203
K,0.7387
G,0.534
Y,0.3678
G,0.104
S,0.2506
I,0.2011
K,0.9086
K,0.2202
V,0.397
Y,0.6753
I,0.3492
W,0.5189
T,0.5765
D,1.122
Q,0.8381
D,0.08926
K,1.039
I,1.149
F,0.7593
L,1.548
P,0.892
D,0.8265
F,0.9874
Q,0.09365
R,0.888
W,0.9543
Q,0.3179
I,0.2579
A,1.119
N,0.5554
Y,0.4595
K,0.3757
P,0.5298
D,0.9082
K,0.7406
V,0.08928
Y,0.8614
Q,0.6646
V,0.2835
Q,1.17
G,0.6184
G,0.2354
D,0.09877
H,0.08912
K,0.1887
L,0.7344
Q,0.08937
L,0.9251
T,0.1555
K,0.5624
T,0.236
E,1.33
E,0.7206
V,0.3318
A,1.015
H,1.004
I,1.232
L,0.2279
Q,1.008
E,0.866
V,0.2476
A,0.2655
D,1.669
A,0.8173
Y,0.9297
A,1.289
