"pdb_aa","rate"
M,0.003149
M,1.593
I,0.7856
V,0.5759
I,0.4598
K,1.101
T,0.09817
A,1.081
I,0.1616
P,0.3688
D,0.5292
V,0.09835
L,0.6052
I,0.3482
L,0.565
E,0.06952
P,0.005007
K,0.9975
V,0.09825
F,0.1734
G,0.2974
D,0.003543
E,0.8292
R,0.003604
G,0.0056
F,0.1172
F,0.005691
F,0.9035
E,0.003902
S,0.01471
Y,0.4297
N,0.1564
Q,0.5832
Q,1.189
T,1.481
F,0.06183
E,1.045
E,1.078
L,0.6799
I,0.3845
G,0.2773
R,1.096
K,1.959
V,0.7786
T,2.04
F,0.005691
V,0.05314
Q,0.01164
D,0.0117
N,0.002919
H,0.01859
S,0.0026
K,0.3144
S,0.0026
K,1.026
K,0.7834
N,0.4514
V,0.03156
L,0.05837
R,0.003604
G,0.0056
L,0.04482
H,0.003271
F,0.1082
Q,0.003543
R,0.4694
G,1.399
E,0.09482
N,0.5568
A,0.4894
Q,0.003543
G,0.1673
K,0.004082
L,0.005438
V,0.04604
R,0.01185
C,0.1488
A,0.6055
V,1.06
G,0.0056
E,0.3882
V,0.06152
F,0.3053
D,0.003543
V,0.05292
A,0.07465
V,0.009783
D,0.003543
I,0.3631
R,0.003604
K,0.7386
E,0.809
S,0.01461
P,0.8483
T,0.2338
F,0.2016
G,0.07476
Q,0.8134
W,0.1842
V,0.2395
G,0.1771
V,0.6453
N,1.076
L,0.05828
S,0.05806
A,0.1952
E,0.6921
N,0.01647
K,0.4442
R,0.3516
Q,0.05482
L,0.5459
W,0.06702
I,0.4136
P,0.005007
E,0.5403
G,0.01895
F,0.07493
A,0.06107
H,0.003271
G,0.01875
F,0.03309
V,0.8937
T,0.1223
L,0.6506
S,0.08411
E,1.008
Y,1.464
A,0.08824
E,0.2438
F,0.226
L,0.3681
Y,0.005974
K,0.02368
A,0.08915
T,0.05641
N,0.3055
Y,0.3707
Y,0.214
S,0.7324
P,0.259
S,1.376
S,1.054
E,0.1754
G,0.4464
S,0.6757
I,0.3596
L,1.885
W,0.1777
N,0.5806
D,0.01165
E,1.547
A,2.197
I,0.8106
G,1.387
I,0.1094
E,2.043
W,0.01133
P,0.5038
F,2.971
S,3.034
Q,2.904
L,2.991
P,0.9693
E,2.99
L,0.4561
S,0.03354
A,1.932
K,0.004082
D,0.003543
A,2.043
A,2.991
A,0.7631
P,2.99
L,2.991
L,1.066
D,2.989
Q,2.924
A,0.5576
L,1.556
L,2.062
T,1.019
E,2.972
