"pdb_aa","rate"
M,-0.7654
M,1.235
I,0.219
V,-0.04473
I,-0.1909
K,0.6159
T,-0.6458
A,0.5903
I,-0.5659
P,-0.3053
D,-0.1035
V,-0.6456
L,-0.007848
I,-0.3313
L,-0.05845
E,-0.6819
P,-0.763
K,0.4857
V,-0.6457
F,-0.5512
G,-0.3952
D,-0.7649
E,0.2739
R,-0.7648
G,-0.7623
F,-0.6219
F,-0.7622
F,0.3674
E,-0.7644
S,-0.7508
Y,-0.2286
N,-0.5725
Q,-0.03552
Q,0.7271
T,1.094
F,-0.6915
E,0.5455
E,0.5865
L,0.08612
I,-0.2855
G,-0.4204
R,0.609
K,1.696
V,0.2103
T,1.798
F,-0.7622
V,-0.7025
Q,-0.7547
D,-0.7546
N,-0.7656
H,-0.7459
S,-0.766
K,-0.3737
S,-0.766
K,0.5219
K,0.2163
N,-0.2014
V,-0.7296
L,-0.6959
R,-0.7648
G,-0.7623
L,-0.7129
H,-0.7652
F,-0.6332
Q,-0.7649
R,-0.1787
G,0.9913
E,-0.65
N,-0.06879
A,-0.1536
Q,-0.7649
G,-0.5589
K,-0.7642
L,-0.7625
V,-0.7114
R,-0.7544
C,-0.5821
A,-0.007484
V,0.5639
G,-0.7623
E,-0.2808
V,-0.6919
F,-0.3852
D,-0.7649
V,-0.7027
A,-0.6754
V,-0.757
D,-0.7649
I,-0.3125
R,-0.7648
K,0.1599
E,0.2486
S,-0.7509
P,0.2979
T,-0.4752
F,-0.5157
G,-0.6753
Q,0.2541
W,-0.5375
V,-0.468
G,-0.5465
V,0.0426
N,0.5843
L,-0.696
S,-0.6963
A,-0.5237
E,0.1015
N,-0.7486
K,-0.2104
R,-0.3269
Q,-0.7003
L,-0.08247
W,-0.685
I,-0.249
P,-0.763
E,-0.08952
G,-0.7455
F,-0.675
A,-0.6925
H,-0.7652
G,-0.7457
F,-0.7277
V,0.3551
T,-0.6154
L,0.04923
S,-0.6635
E,0.4993
Y,1.073
A,-0.6583
E,-0.4625
F,-0.485
L,-0.3062
Y,-0.7618
K,-0.7395
A,-0.6572
T,-0.6984
N,-0.385
Y,-0.303
Y,-0.5
S,0.1522
P,-0.4435
S,0.9621
S,0.5573
E,-0.5487
G,-0.2077
S,0.08079
I,-0.3169
L,1.602
W,-0.5458
N,-0.03878
D,-0.7547
E,1.178
A,1.995
I,0.2506
G,0.976
I,-0.6317
E,1.801
W,-0.7551
P,-0.1354
F,2.968
S,3.047
Q,2.884
L,2.994
P,0.4502
E,2.992
L,-0.1955
S,-0.7271
A,1.662
K,-0.7642
D,-0.7649
A,1.801
A,2.994
A,0.1908
P,2.993
L,2.994
L,0.5724
D,2.991
Q,2.91
A,-0.06777
L,1.189
L,1.825
T,0.5124
E,2.97
