"pdb_aa","rate"
M,1.516
D,1.555
D,1.538
F,1.425
A,1.182
S,1.728
L,0.8785
P,1.048
L,0.7428
V,0.5808
I,0.4444
E,0.838
P,0.7024
A,1.564
D,1.526
L,0.3182
Q,1.134
A,2.068
R,1.134
L,0.6531
S,1.531
A,1.485
P,1.603
E,2.088
L,0.9588
I,0.6642
L,0.6547
V,0.745
D,0.08914
L,0.4604
T,0.4506
S,0.5594
A,1.594
A,1.406
R,0.8775
Y,0.2707
A,2.036
E,1.628
G,0.632
H,0.08912
I,0.3758
P,0.2341
G,0.269
A,0.08912
R,1.093
F,0.7152
V,1.04
D,0.7428
P,0.8848
K,1.253
R,1.567
T,0.5736
Q,0.8453
L,0.8978
G,1.171
Q,1.832
P,0.9128
P,0.8611
A,0.8532
P,1.156
G,0.32
L,0.7339
Q,0.894
P,0.6908
P,1.518
R,2.615
E,2.006
Q,1.577
L,0.6581
E,0.8271
S,2.273
L,0.9881
F,0.8061
G,1.064
E,1.994
L,1.053
G,0.09046
H,0.3885
R,1.276
P,1.41
E,1.153
A,0.778
V,0.6063
Y,0.3214
V,0.3592
V,0.5191
Y,0.09476
D,0.09464
D,0.3439
E,0.5744
G,0.7015
G,0.3795
G,0.6614
W,0.9046
A,0.08928
G,0.4065
R,0.09427
F,0.6272
I,0.6267
W,0.2177
L,0.4849
L,0.2807
D,0.7651
V,1.002
I,0.744
G,0.08937
Q,0.2602
Q,2.601
R,1.374
Y,0.6728
H,0.5471
Y,0.5846
L,0.3492
N,0.3651
G,0.08918
G,0.118
L,0.924
T,1.407
A,0.4118
W,0.1353
L,1.86
A,1.137
E,0.8407
D,1.261
R,1.219
P,1.143
L,1.364
S,0.6147
R,1.273
E,1.288
L,3.095
P,0.9664
A,3.101
P,2.104
A,3.098
G,1.912
G,1.016
P,2.913
V,0.9891
A,2.115
L,1.257
S,3.095
L,1.989
H,1.855
D,1.694
E,3.1
P,1.618
T,0.8934
A,0.5011
S,1.214
R,1.113
D,1.638
Y,1.428
L,0.3875
L,1.737
G,2.04
R,1.206
L,1.007
G,2.109
A,1.922
A,2.18
D,1.781
L,1.868
A,1.072
I,0.6541
W,0.6672
D,0.08912
A,0.2912
R,0.08912
S,0.4404
P,1.555
Q,1.815
E,0.08923
Y,0.6343
R,1.592
G,0.08985
E,1.061
K,0.8831
V,0.8748
L,0.752
A,0.4198
A,1.034
K,0.4864
G,0.7214
G,0.08925
H,0.08923
I,0.2094
P,0.08937
G,0.4851
A,0.08912
V,1.359
N,0.3877
F,0.9623
E,0.4793
W,0.4711
T,0.7449
A,1.604
A,0.6401
M,0.6068
D,0.7427
P,1.572
S,1.864
R,1.009
A,1.249
L,0.8916
R,0.6621
I,0.5649
R,0.5746
T,2.077
D,0.8603
I,0.5068
A,1.493
G,1.64
R,1.335
L,0.4207
E,2.065
E,2.229
L,1.6
G,0.2207
I,0.7853
T,1.004
P,1.454
D,0.831
K,0.9411
E,1.268
I,0.6368
V,0.6292
T,0.4852
H,0.2349
Q,0.1941
T,0.3416
H,0.1991
H,0.3228
R,0.09033
S,0.08963
G,0.3605
L,0.5954
T,0.3959
Y,0.5335
L,0.5797
I,0.4814
A,0.2474
K,0.7872
A,0.7953
L,0.3399
G,0.1045
Y,1.04
P,1.844
R,1.423
V,0.3848
K,0.5838
G,0.3809
Y,0.08935
A,0.3771
G,0.1091
S,0.08912
W,0.2257
G,0.5164
E,0.09148
W,0.09857
G,0.292
N,0.2227
H,1.022
P,0.7525
D,0.6961
T,0.5987
P,0.189
V,0.5986
E,0.7156
L,1.696
