"pdb_aa","rate"
M,0.6724
N,1.35
R,1.524
E,1.098
E,1.409
M,1.419
T,0.754
L,1.127
L,0.96
G,0.5619
F,0.2286
E,1.058
I,0.3195
V,0.06875
A,0.5819
Y,1.004
A,0.3782
G,0.01843
D,0.4866
A,0.1248
R,0.3077
S,0.27
K,2.056
L,0.5148
L,0.6855
E,0.6864
A,0.1164
L,0.4388
K,1.871
A,1.785
A,0.1508
E,0.4794
N,3.375
G,0.9007
D,1.749
F,0.8519
A,2.536
K,2.523
A,0.1999
D,1.869
S,2.529
L,0.9782
V,1.028
V,2.427
E,1.59
A,0.328
G,1.551
S,2.66
C,0.9692
I,0.6854
A,2.525
E,2.464
A,0.06025
H,0.01631
S,1.253
S,1.468
Q,0.02128
T,0.1094
G,2.529
M,0.6897
L,0.2154
A,0.5804
R,2.464
E,0.05448
A,0.1496
S,1.788
G,0.05945
E,1.813
E,1.724
L,1.833
P,1.675
Y,1.317
S,0.459
V,0.5615
T,0.295
M,0.5554
M,0.4832
H,0.01631
G,0.2766
Q,0.03185
D,0.0176
H,0.06844
L,0.1897
M,0.01898
T,0.2677
T,0.3919
I,0.615
L,0.4072
L,0.518
K,0.984
D,0.3667
V,0.6315
I,0.3952
H,1.889
H,0.3759
L,1.008
I,0.5519
E,1.267
L,0.9337
Y,0.6387
K,1.117
R,1.792
