"pdb_aa","rate"
H,2.252
M,1.987
T,1.925
S,1.599
F,0.7798
L,0.9864
H,1.515
A,0.5984
Y,0.07936
F,0.8608
T,1.149
R,0.1086
L,0.3197
H,0.5935
C,1.267
Q,2.312
P,0.7333
L,1.613
G,1.458
V,1.741
P,0.8175
T,0.5417
V,1.077
E,1.666
A,0.4582
L,0.1058
R,1.303
T,1.356
L,0.7011
H,0.4506
L,1.645
A,0.6763
H,0.03467
N,0.8115
C,1.349
A,0.7663
I,0.1176
P,0.4548
F,0.03967
E,0.03498
N,0.1619
L,0.5382
D,0.5028
V,0.614
L,0.8644
L,0.9927
P,0.7618
R,1.097
E,0.9259
I,0.3613
Q,1.859
L,0.5235
D,0.686
E,1.144
T,1.96
A,0.749
L,0.7221
E,0.996
E,1.486
K,0.03207
L,0.465
L,0.4087
Y,2.338
A,1.727
R,0.9354
R,0.03199
G,0.03273
G,0.03273
Y,0.2122
C,0.03333
F,0.5964
E,0.03203
L,0.4876
N,0.04209
G,1.223
L,0.4711
F,0.9486
E,0.946
R,1.011
A,0.5073
L,0.03832
R,1.868
D,1.134
I,0.9594
G,0.133
F,0.4306
N,2.378
V,0.3501
R,1.012
S,1.052
L,0.5921
L,0.9328
G,0.3329
R,0.03725
V,0.1058
I,0.8935
L,0.9299
S,1.048
H,1.441
P,1.253
A,1.643
S,1.609
L,1.598
P,0.9129
P,0.5555
R,0.4644
T,0.3768
H,0.03195
R,0.3516
L,0.7293
L,0.5497
L,1.256
V,0.1873
D,1.438
V,1.569
E,1.755
D,1.182
E,1.791
Q,1.622
W,0.9216
I,0.6296
A,0.5718
D,0.03198
V,0.2588
G,0.05043
F,0.1079
G,0.03434
G,0.7552
Q,1.135
T,0.3607
L,0.7106
T,0.5408
A,0.7212
P,0.1852
L,0.6089
R,0.919
L,0.7789
Q,1.715
A,1.992
E,1.31
I,2.423
A,1.086
Q,0.3841
Q,3.082
T,0.2996
P,0.914
H,0.6161
G,0.4169
E,1.474
Y,0.7847
R,0.2136
L,0.6743
M,2.29
Q,2.378
E,1.663
G,2.375
S,3.537
T,1.795
W,1.768
I,1.611
L,0.402
Q,0.8991
F,0.8455
R,2.385
H,1.358
H,1.868
E,1.888
H,2.037
W,0.3111
Q,1.425
S,1.161
M,0.7133
Y,0.1772
C,0.8537
F,0.3355
D,0.6915
L,1.279
G,1.74
V,1.772
Q,0.9628
Q,1.781
Q,1.798
S,0.9204
D,0.03675
H,0.9934
V,1.027
M,0.8453
G,0.6954
N,0.1667
F,0.6322
W,0.9329
S,0.5371
A,0.3893
H,0.2589
W,0.6151
P,0.2356
Q,2.376
S,0.1041
H,1.179
F,0.07512
R,1.091
H,1.457
H,1.002
L,0.5905
L,0.9939
M,0.6533
C,0.337
R,0.5792
H,0.9853
L,1.286
P,1.337
D,1.392
G,0.4225
G,1.515
K,0.1838
L,1.693
T,0.7592
L,0.3612
T,1.301
N,0.5212
F,0.9679
H,1.408
F,1.166
T,0.6877
R,1.587
Y,0.616
H,2.087
Q,1.65
G,0.7941
H,2.269
A,1.99
V,1.786
E,1.282
Q,1.178
V,1.34
N,2.384
V,0.9918
P,2.321
D,1.061
V,1.063
P,1.788
S,0.8542
L,0.8339
Y,1.292
Q,2.375
L,1.231
L,0.2078
Q,1.745
Q,2.378
Q,1.804
F,0.2123
G,0.8703
L,0.6502
G,1.796
V,0.8901
N,1.441
D,1.923
V,2.234
K,1.914
H,2.32
G,1.635
F,1.902
T,1.829
E,1.073
A,0.8845
E,2.162
L,1.1
A,1.449
A,1.38
V,1.335
M,1.845
A,1.987
A,1.36
F,2.083
