"pdb_aa","rate"
N,0.3847
L,-0.5669
P,1.197
T,0.6416
A,0.9977
Q,1.272
E,1.451
V,-0.7662
Q,0.02488
G,0.7081
L,0.04496
M,-1.025
A,0.5584
R,0.5586
Y,-1.339
I,-0.423
E,0.4916
L,-0.2056
V,-0.6387
D,-0.2317
V,1.033
G,-0.1756
D,-0.4896
I,0.07795
E,0.4113
A,0.6267
I,-0.6552
V,-0.2498
Q,-0.1074
M,-1.055
Y,-0.7381
A,-0.8567
D,0.7199
D,-0.5854
A,-1.373
T,-0.6752
V,-0.7203
E,-1.262
D,-1.376
P,-1.376
F,-1.031
G,-1.237
Q,-0.2299
P,0.8872
P,0.5724
I,0.4126
H,1.58
G,-1.366
R,-0.3729
E,1.073
Q,-0.7572
I,-1.239
A,0.9081
A,0.3559
F,-1.112
Y,-1.106
R,1.197
Q,0.9797
G,-0.07509
L,0.5882
G,1.278
G,1.209
G,1.504
K,0.5354
V,0.09669
R,1.416
A,-0.4933
C,0.4562
L,-0.745
T,0.6676
G,0.2043
P,0.2885
V,-0.1049
R,-1.271
A,-0.1871
S,-0.58
H,-0.4338
N,-0.3173
G,-0.3137
C,0.3094
G,-1.178
A,-1.283
M,-1.049
P,0.1371
F,-0.9534
R,0.02495
V,-0.8292
E,0.4343
M,-0.06787
V,2.859
W,1.598
N,0.7477
G,0.174
Q,1.316
P,1.198
C,0.6754
A,0.4259
L,-0.6073
D,0.0314
V,-0.8547
I,-1.207
D,-1.363
V,-0.8775
M,-1.24
R,-0.6781
F,-1.163
D,-0.8174
E,1.192
H,1.091
G,-0.8412
R,0.211
I,-1.133
Q,0.2231
T,-0.3817
M,-1.326
Q,-0.6737
A,-1.376
Y,0.06783
W,-1.112
S,-0.5764
E,0.514
V,1.373
N,-1.242
L,0.6353
S,2.141
V,1.942
R,2.946
E,3.017
