"pdb_aa","rate"
N,1.292
L,0.6421
P,1.847
T,1.468
A,1.711
Q,1.899
E,2.021
V,0.506
Q,1.046
G,1.513
L,1.06
M,0.3288
A,1.411
R,1.411
Y,0.1144
I,0.7404
E,1.365
L,0.889
V,0.593
D,0.8711
V,1.735
G,0.9095
D,0.6949
I,1.083
E,1.31
A,1.458
I,0.5818
V,0.8588
Q,0.9561
M,0.3087
Y,0.5251
A,0.4441
D,1.521
D,0.6295
A,0.09143
T,0.5681
V,0.5373
E,0.1668
D,0.08931
P,0.08952
F,0.325
G,0.1842
Q,0.8724
P,1.636
P,1.421
I,1.311
H,2.109
G,0.09625
R,0.7747
E,1.763
Q,0.5121
I,0.1828
A,1.65
A,1.273
F,0.2695
Y,0.274
R,1.847
Q,1.699
G,0.9781
L,1.431
G,1.903
G,1.856
G,2.057
K,1.395
V,1.096
R,1.997
A,0.6924
C,1.341
L,0.5204
T,1.486
G,1.169
P,1.227
V,0.9578
R,0.1608
A,0.9016
S,0.6332
H,0.7331
N,0.8127
G,0.8151
C,1.241
G,0.2247
A,0.1531
M,0.3128
P,1.123
F,0.378
R,1.046
V,0.4629
E,1.326
M,0.9831
V,2.983
W,2.121
N,1.54
G,1.148
Q,1.929
P,1.848
C,1.491
A,1.32
L,0.6145
D,1.051
V,0.4455
I,0.2048
D,0.09832
V,0.4299
M,0.1819
R,0.5661
F,0.2348
D,0.471
E,1.844
H,1.775
G,0.4547
R,1.174
I,0.2555
Q,1.182
T,0.7686
M,0.1233
Q,0.5692
A,0.08935
Y,1.076
W,0.2695
S,0.6356
E,1.381
V,1.967
N,0.1808
L,1.464
S,2.492
V,2.356
R,3.042
E,3.091
