"pdb_aa","rate"
T,-0.2891
E,0.2099
V,2.14
T,0.8619
D,0.08365
C,-1.242
K,-0.4507
G,2.288
D,1.182
A,0.304
E,2.148
S,-0.5995
S,1.162
L,0.4267
T,1.324
T,-0.4344
A,-1.335
L,-0.01074
S,-0.2855
N,0.5359
A,-0.3572
A,-0.7643
K,-0.06712
L,-0.4145
A,-1.452
N,1.433
Q,0.04547
A,-1.141
A,-1.138
E,1.489
A,-1.144
A,-1.286
E,-0.3262
S,-0.7025
G,0.09974
D,-0.05965
E,1.733
S,1.06
K,0.2917
F,-0.4043
E,-0.002209
E,0.01603
Y,-0.7968
F,-0.8058
K,-0.9898
T,-0.8505
T,-0.9547
D,-0.04187
Q,0.8749
Q,-0.4887
T,0.1602
R,-0.2037
T,0.2326
T,-0.7178
V,-1.235
A,-0.5273
E,1.416
R,0.5642
L,-0.0628
R,1.05
A,0.1137
V,-0.8173
A,-0.6876
K,0.3141
E,-1.106
A,0.0672
G,0.469
S,-0.5892
T,0.8039
S,0.5471
G,2.289
G,-1.043
S,0.7509
T,0.301
T,-0.3387
Y,-1.145
H,0.4879
C,-1.129
N,0.5451
D,-0.8284
P,1.393
Y,2.255
G,0.3955
Y,0.7768
C,-1.069
E,1.435
P,2.168
N,-0.2818
V,0.6072
L,-0.5971
A,-0.9191
Y,0.219
T,-1.062
L,0.9992
P,-0.4258
S,-0.22
K,1.536
N,-0.6381
E,1.644
I,-0.1456
A,-0.2461
N,-0.1249
C,-1.153
D,-0.2004
I,1.008
Y,-0.1595
Y,-0.4156
S,0.2108
E,2.796
L,-0.6957
P,-0.94
P,-0.2198
L,0.6858
A,-0.4211
Q,1.254
K,2.511
C,-0.5195
H,0.2998
A,0.7515
Q,-0.3758
D,-1.343
Q,-0.9145
A,-1.028
T,-0.7329
T,-0.9356
T,0.002639
L,-0.3709
H,-1.446
E,-1.303
F,0.6782
T,-0.7484
H,-1.394
A,-0.4546
P,-0.3458
G,0.03695
V,-1.126
Y,0.6275
Q,0.5651
P,-0.6899
G,-0.01209
T,-1.325
E,2.181
D,-1.361
L,1.391
G,0.03996
Y,-0.9113
G,-0.6883
Y,-0.3665
D,0.7679
A,1.279
A,0.5173
T,1.87
Q,0.6978
L,-1.006
S,-0.005163
A,-0.4476
Q,1.428
D,-0.2445
A,-0.8456
L,0.01652
N,2.174
N,-1.249
A,-1.445
D,-1.223
S,-0.9446
Y,-1.315
A,-0.689
L,0.0009156
Y,-0.1563
A,-1.289
N,0.5734
A,-0.4128
I,-0.3501
E,2.875
L,-0.2973
K,-0.2823
C,-0.6967
