"pdb_aa","rate"
D,1.222
D,1.879
A,2.075
A,1.783
I,0.6465
Q,1.862
Q,2.277
T,1.573
L,0.7945
A,2.278
K,1.826
M,0.9487
G,1.276
I,1.692
K,2.262
S,1.112
S,2.026
D,1.443
I,0.7934
Q,2.2
P,2.239
A,0.5093
P,0.9399
V,1.401
A,2.515
G,0.3112
M,1.316
K,1.201
T,0.6121
V,0.3659
L,1.742
T,0.5938
N,1.669
S,1.227
G,0.8166
V,1.144
L,1.406
Y,0.285
I,1.202
T,0.3908
D,2.002
D,0.4395
G,0.3047
K,1.524
H,1.148
I,1.195
I,1.629
Q,0.9039
G,0.135
P,1.205
M,1.177
Y,1.447
D,0.8396
V,1.252
S,1.311
G,1.845
T,1.865
A,2.052
P,0.9912
V,1.757
N,0.3432
V,0.8957
T,0.431
N,0.5149
K,1.994
M,1.475
L,0.899
L,1.831
K,3.444
Q,1.735
L,1.248
N,1.686
A,1.706
L,1.753
E,1.748
K,1.892
E,1.718
M,0.4239
I,0.2463
V,0.7743
Y,0.6586
K,0.8268
A,0.282
P,1.888
Q,1.436
E,0.8067
K,0.4413
H,0.7479
V,0.715
I,0.6852
T,0.4965
V,0.184
F,0.05844
T,0.07407
D,0.05118
I,0.4637
T,0.4384
C,0.05541
G,0.4772
Y,0.2052
C,0.05541
H,0.5864
K,0.4397
L,0.4086
H,0.05135
E,1.773
Q,0.985
M,0.8122
A,2.164
D,1.596
Y,0.3931
N,0.3239
A,1.207
L,1.639
G,0.0534
I,0.1679
T,0.3186
V,0.4258
R,0.3525
Y,0.09646
L,0.6505
A,0.187
F,0.7943
P,0.05122
R,0.05125
Q,1.022
G,0.05339
L,2.23
D,1.862
S,0.4031
D,2.373
A,0.7525
E,1.009
K,2.576
E,1.046
M,0.3981
K,0.8421
A,0.6325
I,0.4189
W,0.1949
C,0.3971
A,0.7181
K,1.46
D,0.3873
K,1.179
N,1.718
K,2.243
A,0.1766
F,0.5215
D,0.7472
D,2.261
V,0.3018
M,0.3555
A,2.228
G,0.7595
K,2.228
S,3.484
V,1.517
A,2.794
P,3.232
A,1.826
S,1.689
C,0.6325
D,1.783
V,1.785
D,0.9362
I,0.4537
A,1.485
D,1.865
H,0.5535
Y,1.011
A,2.284
L,0.5118
G,0.2041
V,1.633
Q,1.691
L,1.329
G,0.1583
V,0.4414
S,1.251
G,0.06793
T,0.05065
P,0.05122
A,0.2914
V,0.5521
V,1.089
L,0.5782
S,1.549
N,1.276
G,0.06813
T,1.65
L,1.456
V,0.9564
P,0.3489
G,0.05166
Y,0.2333
Q,0.7155
P,0.8539
P,0.4941
K,2.287
E,1.753
M,0.5093
K,1.37
E,2.018
F,1.94
L,0.2612
D,1.917
E,2.313
H,3.174
Q,3.484
K,3.475
M,3.116
T,3.463
S,3.289
G,3.052
K,3.038
