"pdb_aa","rate"
D,0.0593
D,0.835
A,1.067
A,0.7213
I,-0.6197
Q,0.8154
Q,1.304
T,0.4735
L,-0.445
A,1.306
K,0.7723
M,-0.263
G,0.1234
I,0.6145
K,1.287
S,-0.07055
S,1.008
D,0.3205
I,-0.4463
Q,1.214
P,1.26
A,-0.7816
P,-0.2734
V,0.2709
A,1.586
G,-1.015
M,0.1707
K,0.03469
T,-0.6603
V,-0.9508
L,0.6737
T,-0.6818
N,0.5872
S,0.06589
G,-0.4189
V,-0.0322
L,0.277
Y,-1.046
I,0.03645
T,-0.9215
D,0.9798
D,-0.864
G,-1.023
K,0.4157
H,-0.02759
I,0.02791
I,0.5401
Q,-0.3159
G,-1.223
P,0.03984
M,0.006916
Y,0.3254
D,-0.3918
V,0.09547
S,0.1652
G,0.7943
T,0.8189
A,1.039
P,-0.2128
V,0.6913
N,-0.9776
V,-0.3256
T,-0.874
N,-0.775
K,0.9702
M,0.3578
L,-0.3217
L,0.7778
K,2.682
Q,0.6654
L,0.09053
N,0.6071
A,0.631
L,0.6863
E,0.6798
K,0.8504
E,0.6447
M,-0.8824
I,-1.092
V,-0.4688
Y,-0.6055
K,-0.4069
A,-1.05
P,0.8459
Q,0.3127
E,-0.4306
K,-0.8619
H,-0.5
V,-0.5388
I,-0.574
T,-0.7967
V,-1.166
F,-1.314
T,-1.295
D,-1.322
I,-0.8354
T,-0.8652
C,-1.317
G,-0.8195
Y,-1.14
C,-1.317
H,-0.6907
K,-0.8637
L,-0.9005
H,-1.322
E,0.7094
Q,-0.2202
M,-0.4242
A,1.171
D,0.5008
Y,-0.9188
N,-1
A,0.04215
L,0.5519
G,-1.32
I,-1.185
T,-1.007
V,-0.8801
R,-0.9667
Y,-1.269
L,-0.6149
A,-1.162
F,-0.4452
P,-1.322
R,-1.322
Q,-0.1762
G,-1.32
L,1.25
D,0.8153
S,-0.907
D,1.418
A,-0.4946
E,-0.1914
K,1.658
E,-0.1479
M,-0.9129
K,-0.3888
A,-0.6362
I,-0.8882
W,-1.153
C,-0.9141
A,-0.5351
K,0.34
D,-0.9256
K,0.00924
N,0.6449
K,1.264
A,-1.174
F,-0.7672
D,-0.5008
D,1.286
V,-1.026
M,-0.9631
A,1.247
G,-0.4863
K,1.247
S,2.729
V,0.4075
A,1.915
P,2.432
A,0.773
S,0.6102
C,-0.6362
D,0.7212
V,0.7237
D,-0.2778
I,-0.8472
A,0.3697
D,0.8185
H,-0.7295
Y,-0.1895
A,1.313
L,-0.7787
G,-1.142
V,0.5445
Q,0.6136
L,0.1853
G,-1.196
V,-0.8618
S,0.09345
G,-1.303
T,-1.323
P,-1.322
A,-1.039
V,-0.7311
V,-0.09716
L,-0.7003
S,0.4459
N,0.1232
G,-1.302
T,0.5652
L,0.3351
V,-0.2539
P,-0.9709
G,-1.322
Y,-1.107
Q,-0.5383
P,-0.3749
P,-0.7995
K,1.317
E,0.686
M,-0.7817
K,0.2346
E,0.9994
F,0.9071
L,-1.074
D,0.8797
E,1.347
H,2.363
Q,2.729
K,2.718
M,2.295
T,2.705
S,2.499
G,2.219
K,2.202
