"pdb_aa","rate"
L,2.018
T,0.992
W,0.02512
H,2.032
D,2.809
V,1.728
L,0.7259
A,2.723
E,5.223
E,0.3952
K,0.6809
Q,2.844
Q,1.545
P,2.521
Y,0.1418
F,0.3743
L,2.825
N,2.85
T,0.6507
L,1.938
Q,4.987
T,1.964
V,0.4033
A,2.015
S,5.194
E,0.9879
R,0.4219
Q,2.88
S,2.16
G,0.2738
V,1.255
T,2.142
I,0.6982
Y,0.9806
P,0.01114
P,1.648
Q,1.68
K,2.85
D,1.261
V,0.5307
F,0.3356
N,0.5108
A,0.03139
F,0.7063
R,1.576
F,2.662
T,0.1307
E,1.142
L,1.015
G,2.849
D,2.85
V,0.5946
K,0.6766
V,0.1353
V,0.07029
I,0.1466
L,0.3729
G,0.01244
Q,0.007935
D,0.007934
P,0.01114
Y,0.01326
H,0.03463
G,0.3487
P,1.309
G,1.332
Q,0.007935
A,0.006728
H,0.06309
G,0.01244
L,0.05849
A,0.8165
F,0.01264
S,0.005868
V,0.006761
R,1.833
P,1.356
G,0.8162
I,0.9863
A,2.009
I,2.065
P,0.01114
P,0.01114
S,0.005868
L,0.01209
L,2
N,0.006567
M,0.5522
Y,0.6015
K,0.2462
E,0.04143
L,0.3664
E,2.585
N,2.789
T,0.2186
I,0.7026
P,2.842
G,0.9205
F,0.9502
T,5.223
R,1.667
P,0.4528
N,4.335
H,0.238
G,0.01244
Y,2.12
L,0.01209
E,1.965
S,1.707
W,0.02492
A,0.05698
R,2.843
Q,0.05292
G,0.01244
V,0.0701
L,0.49
L,0.3525
L,0.05849
N,0.006567
T,0.3406
V,0.2321
L,0.08158
T,0.0293
V,0.006761
R,0.4881
A,1.141
G,1.157
Q,2.039
A,0.1238
H,0.6316
S,0.1505
H,0.007337
A,0.6904
S,2.067
L,2.043
G,0.01244
W,0.02492
E,0.2347
T,2
F,0.1113
T,0.01724
D,0.2723
K,2.035
V,0.5939
I,0.2417
S,2.85
L,2.676
I,1.281
N,0.4109
Q,2.85
H,2.045
R,1.976
E,2.847
G,1.551
V,1.196
V,0.3649
F,0.03629
L,1.17
L,0.03466
W,0.02492
G,0.01244
S,0.9199
H,0.4663
A,0.006728
Q,0.4495
K,1.089
K,0.0262
G,1.242
A,2.126
I,2.624
I,0.2046
D,0.5545
K,2.817
Q,5.221
R,1.421
H,0.02029
H,1.707
V,0.6329
L,0.3909
K,2.018
A,0.6548
P,0.891
H,0.007337
P,0.01114
S,0.005868
P,0.01114
L,0.1321
S,0.02704
A,0.05687
H,0.7597
R,0.1999
G,0.03565
F,0.03628
F,1.527
G,0.1346
C,0.8275
N,2.806
H,0.2123
F,0.06145
V,0.2272
L,2.084
A,1.223
N,0.03054
Q,2.87
W,2.118
L,0.03462
E,5.223
Q,2.858
H,2.846
G,1.185
E,2.858
T,5.221
P,1.562
I,0.3542
D,1.143
W,0.07378
M,1.951
P,1.035
V,2.8
L,4.458
P,5.223
A,5.223
E,5.223
S,5.223
E,5.222
