"pdb_aa","rate"
R,1.112
N,-0.6016
L,-0.9681
I,-0.1556
V,-0.6884
D,-1.136
G,0.2993
T,-0.1642
N,-1.222
L,-0.9681
G,-0.6982
F,-0.9629
R,-1.14
F,-0.2835
K,-0.5681
H,-0.6675
N,0.5135
N,1.54
S,0.7446
K,2.031
K,0.5865
P,0.07937
F,-0.9629
A,-0.75
S,0.5695
S,-0.5042
Y,-0.9422
V,0.8487
S,0.9123
T,-1.23
I,-0.2885
Q,0.1625
S,-1.252
L,-0.2919
A,-0.5925
K,-0.5953
S,-1.252
Y,-0.9422
S,-0.6871
A,-0.5762
R,0.8307
T,1.704
T,0.6032
I,-0.2885
V,-0.2724
L,-0.04867
G,0.7108
D,-1.136
K,1.963
G,-0.07502
K,0.5893
S,-1.252
V,1.795
F,0.3089
R,-1.14
L,0.6977
E,0.2955
H,0.6152
L,1.425
P,-1.022
E,2.073
Y,-0.9422
K,-1.087
G,2.3
N,-0.7294
R,-1.14
D,-0.1977
E,1.929
K,-0.5306
Y,-0.2837
A,0.3541
Q,1.657
R,-0.6716
T,-0.8203
E,-1.097
E,-0.02564
E,-1.097
K,-0.2994
A,2.057
L,1.02
D,1.826
E,0.5142
Q,1.414
F,-0.9629
F,-0.9629
E,0.2647
Y,1.821
L,1.039
K,1.016
D,1.173
A,-0.4825
F,0.6136
E,0.3592
L,0.6654
C,0.4971
K,2.026
T,1.86
T,0.8466
F,0.3244
P,0.3635
T,0.819
F,1.15
T,0.2832
I,0.2233
R,0.7406
G,-0.1836
V,-0.6884
E,-1.097
A,-1.204
D,-1.136
D,-1.136
A,-1.204
A,-0.7528
Y,-0.3052
I,0.2173
V,-0.4878
K,1.539
L,2.353
I,0.9029
G,0.4507
H,-0.01487
L,1.981
Y,0.3881
D,-0.4459
H,-0.7686
V,-0.6914
W,-0.6772
L,-0.9681
I,-1.199
S,-1.252
T,-0.8287
D,-1.136
G,0.2286
D,-1.136
W,-0.6772
D,-1.136
T,1.639
L,-0.9681
L,-0.3009
T,1.32
D,0.1042
K,0.534
V,-0.5929
S,-1.252
R,-1.14
F,-0.9629
S,-1.252
F,-0.2835
T,0.1822
T,-1.23
R,-1.14
R,0.152
E,-1.097
Y,0.05407
H,1.321
L,-0.2971
R,0.308
D,-0.2421
Y,-0.2173
E,0.4826
H,-0.7569
H,-0.7345
N,2.275
V,0.5515
D,-0.9823
D,-0.6922
V,0.5976
E,0.1691
Q,-0.1094
F,-0.2835
I,-0.6994
S,-1.252
L,-0.515
K,-1.087
A,-0.5762
I,-0.6568
G,-0.9711
D,-1.136
L,2.149
G,-0.9711
D,-1.136
N,-0.805
I,-0.6933
R,1.678
G,-0.9711
V,-1.186
E,1.157
G,-0.9711
I,-1.199
G,-0.9711
A,1.737
K,-1.087
R,-0.6642
G,-0.5656
Y,0.1039
N,-0.6646
I,-0.3861
I,-0.6933
R,0.2718
E,-0.06465
F,-0.2765
G,-0.9711
N,0.2844
V,-0.01723
L,0.9431
D,-0.5821
I,-1.199
I,-0.3422
D,-0.5038
Q,0.2167
L,-0.2971
P,-1.022
L,-0.515
P,0.5715
G,-0.3923
K,-1.087
Q,-0.4062
K,-0.3841
Y,-0.3022
I,-1.199
Q,0.2049
N,-0.01638
L,-0.9681
N,-1.222
A,0.3098
S,-0.7895
E,2.061
E,0.1583
L,0.6927
L,-0.2971
F,1.41
R,-0.2942
N,-1.222
L,1.762
I,0.5196
L,-0.9681
V,-0.6566
D,-1.136
L,-0.9681
P,1.976
T,0.5041
Y,1.182
C,-0.3731
V,1.145
D,-0.5425
A,-1.204
I,-1.199
A,0.2509
A,0.9805
V,0.9583
G,0.9932
Q,0.6015
D,0.07713
V,1.04
L,0.9763
D,0.9611
K,1.79
F,0.9607
T,1.757
K,1.503
D,1.248
I,2.428
L,2.346
E,1.927
I,0.1461
A,0.7271
E,-0.03633
