"pdb_aa","rate"
S,2.122
I,0.1408
T,0.7676
A,2.581
I,1.074
T,1.504
V,-0.7336
E,0.01254
N,0.8565
L,2.265
E,1.285
Y,-0.9443
P,-0.17
A,1.211
V,1.12
V,-0.1738
T,0.2588
S,-0.7487
P,-0.5357
V,0.8106
T,-0.7818
G,1.929
K,0.4492
S,0.6825
Y,0.1971
F,-0.2488
L,-1.215
G,0.722
G,-1.149
A,-0.8713
G,-1.228
E,0.6915
R,-1.228
G,-0.804
L,0.3526
T,-0.03673
I,-0.8204
E,2.436
G,-0.3079
N,0.1767
F,-0.6502
I,-0.5603
K,-0.8536
F,0.09729
T,-1.222
A,-0.6979
I,-0.8773
G,-0.815
V,-0.4249
Y,-1.21
L,-0.5434
E,-0.4406
D,1.18
I,2.289
A,-0.4407
V,0.3797
A,3.12
S,1.147
L,-1.078
A,-0.6154
A,2.303
K,-0.3473
W,-0.9012
K,-0.5072
G,-0.4955
K,-1.096
S,0.7799
S,0.1778
E,2.322
E,-0.4662
L,-1.199
L,1.508
E,1.585
T,-0.8181
L,0.2181
D,1.617
F,-1.188
Y,-0.264
R,0.3739
D,-0.6163
I,-0.2689
I,-0.3556
S,-0.2944
G,-1.16
P,-0.2625
F,-0.7805
E,-0.7166
K,-1.226
L,0.6315
I,0.3443
R,-0.004882
G,-0.6267
S,-1.07
K,-0.3872
I,-0.9015
R,0.001617
E,-0.4001
L,-1.168
S,-0.7992
G,-1.216
P,1.111
E,-0.9755
Y,-0.629
S,-0.8804
R,0.3093
K,-1.036
V,-1.215
M,0.3705
E,-0.7898
N,-0.807
C,-0.6421
V,-0.5282
A,-0.5869
H,1.596
L,-0.1536
K,-0.8299
S,0.2815
V,2.399
G,-1.142
T,0.52
Y,-0.546
G,-0.5167
D,0.2396
A,-0.469
E,-1.07
A,-0.07119
E,0.7543
A,-0.9836
M,-0.5175
Q,0.7392
K,-0.1334
F,-0.2621
A,1.224
E,0.8209
A,0.003515
F,-0.7327
K,-0.5274
P,0.4719
V,0.3297
N,1.131
F,-0.4274
P,0.3102
P,-0.7316
G,-0.4792
A,0.03982
S,-0.8324
V,-0.6882
F,-0.4762
Y,-0.6029
R,-0.793
Q,-0.05978
S,-0.4625
P,-0.3183
D,3.466
G,-0.5047
I,0.1039
L,-0.398
G,-0.5819
L,-0.6578
S,0.06641
F,-0.4625
S,-0.3454
P,0.7776
D,-0.5323
T,1.341
S,-0.2647
I,0.4443
P,-0.6372
E,0.8447
K,2.067
E,0.386
A,2.025
A,0.9651
L,-0.08637
I,-1.011
E,0.4999
N,-1.226
K,-0.08737
A,0.5013
V,-1.1
S,-0.2716
S,-0.2074
A,-0.5399
V,-0.342
L,-0.5031
E,-0.05874
T,-1.127
M,-0.4601
I,-0.9456
G,-0.9721
E,0.2421
H,0.1534
A,-0.2854
V,-1.15
S,-1.223
P,-0.7025
D,0.2939
L,-0.8352
K,-0.06962
R,1.682
C,-0.5258
L,0.5942
A,-1.196
A,1.831
R,-0.3944
L,1.082
P,-0.1639
A,1.641
L,0.5882
L,0.7869
N,1.57
E,3.423
