"pdb_aa","rate"
S,1.212
I,0.5489
T,0.7588
A,1.366
I,0.8612
T,1.005
V,0.2561
E,0.506
N,0.7886
L,1.26
E,0.9322
Y,0.1856
P,0.4448
A,0.9071
V,0.8769
V,0.4436
T,0.5884
S,0.2511
P,0.3224
V,0.7732
T,0.24
G,1.148
K,0.6522
S,0.7303
Y,0.5678
F,0.4185
L,0.09486
G,0.7435
G,0.1171
A,0.21
G,0.09047
E,0.7333
R,0.09074
G,0.2326
L,0.6198
T,0.4895
I,0.2271
E,1.317
G,0.3987
N,0.5609
F,0.2841
I,0.3142
K,0.2159
F,0.5343
T,0.09254
A,0.2681
I,0.208
G,0.2289
V,0.3595
Y,0.09651
L,0.3198
E,0.3542
D,0.897
I,1.268
A,0.3542
V,0.6289
A,1.546
S,0.8859
L,0.1408
A,0.2957
A,1.273
K,0.3855
W,0.2
K,0.3319
G,0.3359
K,0.1348
S,0.7629
S,0.5613
E,1.279
E,0.3457
L,0.1002
L,1.007
E,1.032
T,0.2278
L,0.5748
D,1.043
F,0.1039
Y,0.4134
R,0.627
D,0.2954
I,0.4117
I,0.3827
S,0.4032
G,0.1133
P,0.4139
F,0.2404
E,0.2618
K,0.09134
L,0.7132
I,0.6171
R,0.5001
G,0.2919
S,0.1436
K,0.3721
I,0.1999
R,0.5023
E,0.3678
L,0.1108
S,0.2342
G,0.09446
P,0.8737
E,0.1751
Y,0.2911
S,0.207
R,0.6053
K,0.155
V,0.09493
M,0.6258
E,0.2373
N,0.2316
C,0.2868
V,0.3249
A,0.3052
H,1.036
L,0.4503
K,0.2239
S,0.596
V,1.305
G,0.1195
T,0.6759
Y,0.3189
G,0.3288
D,0.582
A,0.3447
E,0.1435
A,0.4779
E,0.7543
A,0.1724
M,0.3285
Q,0.7493
K,0.4571
F,0.414
A,0.9115
E,0.7766
A,0.5029
F,0.2564
K,0.3252
P,0.6598
V,0.6122
N,0.8806
F,0.3587
P,0.6056
P,0.2568
G,0.3413
A,0.5151
S,0.223
V,0.2713
F,0.3423
Y,0.2999
R,0.2363
Q,0.4818
S,0.3469
P,0.3952
D,1.662
G,0.3328
I,0.5366
L,0.3685
G,0.3069
L,0.2815
S,0.524
F,0.3469
S,0.3861
P,0.7621
D,0.3236
T,0.9508
S,0.4131
I,0.6505
P,0.2884
E,0.7846
K,1.194
E,0.631
A,1.18
A,0.8249
L,0.4729
I,0.1633
E,0.6691
N,0.09118
K,0.4725
A,0.6696
V,0.1333
S,0.4108
S,0.4323
A,0.321
V,0.3872
L,0.3333
E,0.4821
T,0.1246
M,0.3477
I,0.1852
G,0.1763
E,0.5828
H,0.5531
A,0.4062
V,0.1168
S,0.09243
P,0.2665
D,0.6002
L,0.2221
K,0.4785
R,1.065
C,0.3257
L,0.7007
A,0.1013
A,1.115
R,0.3697
L,0.8641
P,0.4469
A,1.051
L,0.6987
L,0.7652
N,1.028
E,1.648
