"pdb_aa","rate"
P,1.177
E,1.785
Y,1.462
D,1.308
Y,-0.8017
I,0.2208
R,0.1007
D,-0.3811
G,-0.5268
N,0.3721
A,0.002544
I,-0.8634
Y,-0.8277
E,0.3819
R,0.5519
S,-0.8642
F,-0.8558
A,-0.5246
I,-0.3931
I,-0.7984
R,-0.8119
A,0.08306
E,-0.8254
A,-0.4349
D,0.1888
L,-0.681
S,1.204
R,1.068
F,-0.1283
S,0.5205
E,2.102
E,0.8099
E,-0.2304
A,-0.1203
D,1.29
L,-0.3327
A,-0.4405
V,-0.6965
R,-0.8616
M,-0.5101
V,-0.646
H,-0.8625
A,-0.67
C,-0.05182
G,-0.8331
S,-0.1565
V,-0.3183
E,-0.3082
A,-0.2036
T,0.005335
R,4.304
Q,0.1521
F,0.2966
V,1.347
F,0.802
S,-0.1348
P,1.289
D,1.955
F,0.209
V,-0.2377
S,4.275
S,0.3714
A,-0.4834
R,-0.2299
A,2.101
A,-0.8248
L,-0.7329
K,2.688
A,2.002
G,-0.6999
A,-0.5573
P,-0.3293
I,-0.3148
L,0.05017
C,-0.5058
D,-0.8618
A,-0.3612
E,1.069
M,-0.8628
V,-0.7554
A,-0.4793
H,0.01687
G,-0.8561
V,0.02565
T,-0.8155
R,-0.6118
A,1.231
R,-0.7959
L,-0.7573
P,-0.7679
A,-0.3347
G,2.093
N,-0.8379
E,2.101
V,-0.4244
I,0.7894
C,-0.7978
T,-0.2316
L,-0.783
R,1.505
D,-0.15
P,1.279
R,1.238
T,-0.3737
P,0.08754
A,2.4
L,0.3006
A,-0.8379
A,2.11
E,4.304
I,0.9172
G,0.8131
N,-0.3907
T,-0.8637
R,-0.8305
S,-0.6269
A,-0.8238
A,-0.7842
A,-0.8377
L,0.3758
K,-0.2216
L,-0.42
W,-0.6853
S,0.4776
E,1.281
R,0.8471
L,-0.09562
A,1.981
G,-0.7287
S,-0.3694
V,-0.2305
V,-0.6583
A,-0.6159
I,-0.6318
G,-0.8561
N,-0.8634
A,-0.8632
P,-0.8577
T,-0.8637
A,-0.7296
L,-0.8342
F,-0.7789
F,-0.1236
L,-0.8082
L,-0.5296
E,-0.372
M,0.07327
L,0.09673
R,0.5478
D,0.8564
G,-0.02743
A,-0.07571
P,-0.3856
K,0.262
P,-0.8577
A,-0.8247
A,-0.5081
I,-0.6212
L,-0.03872
G,-0.8064
M,0.06947
P,-0.8136
V,-0.8632
G,-0.8561
F,-0.8558
V,-0.4096
G,-0.8561
A,-0.8379
A,-0.3083
E,-0.8269
S,-0.8642
K,-0.8443
D,1.441
A,-0.5233
L,-0.7815
A,0.3483
E,1.114
N,1.23
S,1.17
Y,1.575
G,0.4414
V,0.5066
P,-0.17
F,1.313
A,0.2618
I,-0.05801
V,-0.5641
R,0.8844
G,-0.8561
R,-0.8616
L,-0.4766
G,-0.8561
G,-0.8561
S,-0.8642
A,-0.8533
M,-0.2302
T,-0.5674
A,-0.4339
A,-0.7408
A,-0.6985
L,0.3989
N,-0.8634
S,-0.784
L,-0.3192
A,-0.7951
R,-0.04919
P,0.7206
G,2.101
L,-0.4445
