"pdb_aa","rate"
P,1.861
E,2.414
Y,2.12
D,1.98
Y,0.06493
I,0.9934
R,0.8843
D,0.4468
G,0.3146
N,1.131
A,0.7952
I,0.00894
Y,0.04128
E,1.14
R,1.294
S,0.008171
F,0.01578
A,0.3166
I,0.4359
I,0.06794
R,0.05571
A,0.8683
E,0.04338
A,0.398
D,0.9643
L,0.1746
S,1.886
R,1.763
F,0.6763
S,1.265
E,2.701
E,1.528
E,0.5836
A,0.6836
D,1.964
L,0.4907
A,0.3929
V,0.1604
R,0.01053
M,0.3297
V,0.2063
H,0.009724
A,0.1845
C,0.7458
G,0.03641
S,0.6508
V,0.5038
E,0.513
A,0.608
T,0.7977
R,4.7
Q,0.9309
F,1.062
V,2.016
F,1.521
S,0.6704
P,1.964
D,2.568
F,0.9826
V,0.5771
S,4.675
S,1.13
A,0.354
R,0.5841
A,2.701
A,0.04394
L,0.1274
K,3.233
A,2.611
G,0.1573
A,0.2869
P,0.4938
I,0.507
L,0.8384
C,0.3336
D,0.01039
A,0.4649
E,1.763
M,0.009433
V,0.107
A,0.3577
H,0.8082
G,0.01555
V,0.8162
T,0.05241
R,0.2374
A,1.911
R,0.07022
L,0.1052
P,0.09561
A,0.4889
G,2.693
N,0.03204
E,2.701
V,0.4075
I,1.51
C,0.06849
T,0.5826
L,0.0819
R,2.16
D,0.6567
P,1.954
R,1.917
T,0.4535
P,0.8723
A,2.972
L,1.066
A,0.03206
A,2.709
E,4.7
I,1.626
G,1.531
N,0.4381
T,0.008634
R,0.03875
S,0.2237
A,0.04485
A,0.08085
A,0.03228
L,1.134
K,0.5917
L,0.4115
W,0.1706
S,1.227
E,1.956
R,1.562
L,0.706
A,2.591
G,0.1312
S,0.4574
V,0.5836
V,0.1951
A,0.2337
I,0.2192
G,0.01555
N,0.008895
A,0.009066
P,0.01404
T,0.008634
A,0.1304
L,0.03547
F,0.08565
F,0.6807
L,0.05904
L,0.312
E,0.4551
M,0.8594
L,0.8807
R,1.29
D,1.57
G,0.768
A,0.7241
P,0.4427
K,1.031
P,0.01404
A,0.04401
A,0.3315
I,0.2288
L,0.7577
G,0.0607
M,0.8559
P,0.05411
V,0.009102
G,0.01555
F,0.01578
V,0.421
G,0.01555
A,0.03206
A,0.5129
E,0.04202
S,0.008171
K,0.02624
D,2.102
A,0.3177
L,0.08324
A,1.109
E,1.804
N,1.91
S,1.855
Y,2.223
G,1.194
V,1.253
P,0.6385
F,1.985
A,1.031
I,0.7402
V,0.2807
R,1.596
G,0.01555
R,0.01053
L,0.3601
G,0.01555
G,0.01555
S,0.008171
A,0.01806
M,0.5839
T,0.2776
A,0.3989
A,0.1203
A,0.1586
L,1.155
N,0.008895
S,0.08101
L,0.5031
A,0.07094
R,0.7482
P,1.447
G,2.701
L,0.3892
