"pdb_aa","rate"
G,0.0422
I,0.06475
Y,1.911
G,0.05099
I,0.3849
G,0.01013
L,0.424
D,0.007311
I,0.4969
T,0.4784
E,0.3207
L,0.5735
K,1.968
R,0.09433
I,0.4515
A,1.99
S,2.164
M,1.161
A,1.967
G,2.747
R,0.9941
Q,0.9632
K,2.115
R,1.282
F,0.4463
A,1.252
E,2.602
R,0.3365
I,0.479
L,0.06376
T,0.1764
R,2.702
S,2.701
E,0.007757
L,2.653
D,2.7
Q,2.503
Y,1.376
Y,2.702
E,2.703
L,1.192
S,1.683
E,2.644
K,1.911
R,0.1162
K,1.144
N,1.751
E,0.1726
F,0.7922
L,0.659
A,0.1676
G,0.0499
R,0.01244
F,0.2442
A,0.1498
A,0.3344
K,0.00799
E,0.007757
A,0.09178
F,0.6475
S,0.3787
K,0.00799
A,0.006705
F,2.519
G,0.01014
T,0.139
G,0.01014
I,0.2043
G,0.1721
R,1.987
Q,2.425
L,0.8371
S,0.5128
F,0.2687
Q,0.824
D,0.2827
I,0.4578
E,0.4876
I,0.6253
R,1.771
K,0.9207
D,0.7447
Q,2.7
N,2.704
G,0.03707
K,0.6427
P,0.009265
Y,4.688
I,0.9699
I,1.976
C,1.963
T,1.055
K,1.924
L,1.954
S,2.716
P,2.705
A,1.635
A,2.666
V,0.9475
H,0.4848
V,0.7799
S,0.1096
I,0.09254
T,0.1965
H,0.02112
T,0.2487
K,1.722
E,1.81
Y,1.151
A,0.0862
A,0.8469
A,0.09966
Q,0.4967
V,0.1031
V,0.4094
I,0.4556
E,0.137
R,1.977
