"pdb_aa","rate"
G,-0.9819
I,-0.9592
Y,0.9016
G,-0.9731
I,-0.6366
G,-1.014
L,-0.5972
D,-1.017
I,-0.5237
T,-0.5424
E,-0.7013
L,-0.4465
K,0.9586
R,-0.9294
I,-0.5694
A,0.9811
S,1.156
M,0.1455
A,0.9575
G,1.744
R,-0.02261
Q,-0.05372
K,1.107
R,0.2671
F,-0.5746
A,0.2373
E,1.597
R,-0.6853
I,-0.5417
L,-0.9602
T,-0.8467
R,1.698
S,1.698
E,-1.017
L,1.649
D,1.697
Q,1.498
Y,0.3621
Y,1.698
E,1.699
L,0.1771
S,0.6717
E,1.64
K,0.901
R,-0.9074
K,0.1285
N,0.7397
E,-0.8505
F,-0.2261
L,-0.3604
A,-0.8555
G,-0.9742
R,-1.012
F,-0.7784
A,-0.8734
A,-0.6875
K,-1.016
E,-1.017
A,-0.932
F,-0.372
S,-0.6428
K,-1.016
A,-1.018
F,1.514
G,-1.014
T,-0.8843
G,-1.014
I,-0.8185
G,-0.851
R,0.9777
Q,1.42
L,-0.1808
S,-0.5077
F,-0.7537
Q,-0.194
D,-0.7395
I,-0.5631
E,-0.5331
I,-0.3943
R,0.7601
K,-0.09656
D,-0.274
Q,1.696
N,1.7
G,-0.9871
K,-0.3768
P,-1.015
Y,3.7
I,-0.047
I,0.9669
C,0.9541
T,0.03839
K,0.9149
L,0.9444
S,1.713
P,1.702
A,0.623
A,1.663
V,-0.06964
H,-0.5359
V,-0.2385
S,-0.914
I,-0.9312
T,-0.8264
H,-1.003
T,-0.7738
K,0.7113
E,0.7998
Y,0.1357
A,-0.9376
A,-0.171
A,-0.924
Q,-0.5239
V,-0.9205
V,-0.6119
I,-0.5653
E,-0.8864
R,0.9682
