"pdb_aa","rate"
P,0.6844
K,0.289
K,-0.7075
T,-0.5828
I,-0.2867
Y,-1.17
F,-0.7821
G,-0.7065
A,-0.7343
G,-0.6251
W,-0.3813
F,-0.9792
T,-0.4368
D,0.9494
R,2.895
Q,-1.043
N,0.6644
K,1.745
A,0.0992
Y,-0.3331
K,2.118
E,2.803
A,-0.519
M,0.513
E,4.189
A,-0.3696
L,-0.8155
K,1.455
E,3.435
N,-1.19
P,-0.07325
T,-0.9942
I,-0.6132
D,-0.5423
L,1.554
E,1.21
N,0.08114
S,-0.6826
Y,-0.8146
V,-0.1162
P,-1.179
L,-0.6926
D,0.283
N,-0.7648
Q,-1.038
Y,-0.6949
K,0.1093
G,0.1731
I,0.391
R,0.1366
V,-0.01772
D,0.0836
E,0.9773
H,-0.5095
P,-0.8296
E,-0.1586
Y,0.5319
L,-0.3811
H,0.5085
D,-0.7142
K,0.9029
V,-0.5254
W,-1.106
A,-0.5396
T,0.4198
A,-0.3711
T,-1.198
Y,-0.4628
N,0.2795
N,-0.5538
D,-1.193
L,0.05273
N,0.6347
G,-0.9188
I,-0.9015
K,0.7332
T,-0.01093
N,-0.6416
D,-0.9939
I,1.095
M,0.09502
L,-0.7912
G,-0.4527
V,-0.02271
Y,-0.2208
I,-0.2365
P,-0.7662
D,1.755
E,0.4791
E,0.1354
D,-1.18
V,-0.0005612
G,-1.174
L,-0.2221
G,-0.9419
M,0.2593
E,-1.19
L,0.534
G,-1.065
Y,-0.3568
A,-0.7814
L,1.298
S,-0.7691
Q,1.837
G,-0.1542
K,-1.066
Y,-0.6043
V,-0.01161
L,-0.3256
L,0.7418
V,-0.6296
I,0.0794
P,-0.07846
D,-0.6996
E,-0.1475
D,2.147
Y,2.466
G,0.7681
K,1.731
P,0.05534
I,-0.4365
N,-1.191
L,-1.136
M,-1.196
S,0.1401
W,-0.572
G,0.4485
V,-0.4926
S,-0.02786
D,-0.7207
N,0.4156
V,0.314
I,-0.7178
K,0.003928
M,0.7488
S,-0.1654
Q,0.1747
L,-0.8289
K,0.3648
D,0.4102
F,-0.07887
N,-0.6115
F,-1.173
N,-0.473
K,0.5778
P,-0.1329
R,0.5164
F,0.8253
D,1.311
F,0.696
Y,-0.3954
E,3.453
G,-0.764
A,0.9134
V,-0.4469
Y,-0.3469
