"pdb_aa","rate"
P,1.232
K,0.9846
K,0.3601
T,0.4382
I,0.6238
Y,0.07018
F,0.3133
G,0.3607
A,0.3432
G,0.4117
W,0.5645
F,0.1898
T,0.5297
D,1.398
R,2.618
Q,0.1496
N,1.22
K,1.897
A,0.8656
Y,0.5947
K,2.131
E,2.56
A,0.4782
M,1.125
E,3.429
A,0.5718
L,0.2923
K,1.716
E,2.956
N,0.05752
P,0.7575
T,0.1803
I,0.4192
D,0.4636
L,1.778
E,1.562
N,0.8543
S,0.3757
Y,0.2929
V,0.7306
P,0.06431
L,0.3694
D,0.9809
N,0.3241
Q,0.1529
Y,0.3679
K,0.872
G,0.912
I,1.049
R,0.8891
V,0.7924
D,0.8559
E,1.416
H,0.4841
P,0.2835
E,0.704
Y,1.137
L,0.5646
H,1.122
D,0.3558
K,1.369
V,0.4742
W,0.1102
A,0.4652
T,1.067
A,0.5709
T,0.05274
Y,0.5134
N,0.9786
N,0.4564
D,0.05561
L,0.8365
N,1.201
G,0.2276
I,0.2385
K,1.263
T,0.7966
N,0.4013
D,0.1805
I,1.49
M,0.863
L,0.3075
G,0.5197
V,0.7892
Y,0.6651
I,0.6553
P,0.3232
D,1.904
E,1.104
E,0.8883
D,0.06386
V,0.8031
G,0.06743
L,0.6642
G,0.2131
M,0.966
E,0.05736
L,1.138
G,0.1361
Y,0.5798
A,0.3137
L,1.617
S,0.3214
Q,1.955
G,0.7068
K,0.1351
Y,0.4247
V,0.7962
L,0.5994
L,1.268
V,0.4089
I,0.8532
P,0.7543
D,0.365
E,0.711
D,2.149
Y,2.349
G,1.285
K,1.888
P,0.8381
I,0.5299
N,0.05725
L,0.09115
M,0.05385
S,0.8913
W,0.445
G,1.085
V,0.4947
S,0.786
D,0.3518
N,1.064
V,1
I,0.3536
K,0.8059
M,1.273
S,0.6998
Q,0.913
L,0.284
K,1.032
D,1.061
F,0.754
N,0.4202
F,0.06805
N,0.507
K,1.166
P,0.7201
R,1.127
F,1.321
D,1.625
F,1.24
Y,0.5556
E,2.968
G,0.3246
A,1.376
V,0.5234
Y,0.5861
