"pdb_aa","rate"
S,2.153
L,1.451
F,2.635
D,1.939
K,0.6338
K,2.031
H,2.629
L,1.811
V,0.6758
S,1.896
P,1.961
A,2.686
D,1.994
A,0.1229
L,0.05594
P,0.5451
G,0.1014
R,0.07994
N,2.991
T,2.648
P,2.11
M,1.213
P,2.122
V,0.7809
A,1.148
T,2.707
L,2.709
H,0.05696
A,1.819
V,0.1354
N,0.7403
G,1.334
H,1.191
S,1.325
M,0.62
T,1.925
N,1.017
V,1.097
P,0.6124
D,2.678
G,1.028
M,1.558
E,1.062
I,2.127
A,0.5145
I,1.978
F,0.7887
A,0.4403
M,0.5995
G,0.01454
F,0.03425
W,0.02816
G,0.01454
V,0.2283
E,0.01059
R,0.06381
L,0.9548
F,0.146
W,0.02816
Q,1.063
L,1.894
P,2.171
G,0.05664
V,0.1806
Y,1.968
S,0.8165
T,0.05925
A,0.3753
A,0.301
G,0.01454
Y,0.1066
T,0.7359
G,0.3364
G,0.01454
Y,4.608
T,0.02782
P,0.8214
N,0.07322
P,0.1469
T,0.2266
Y,0.01542
R,1.573
E,0.09918
V,0.2228
C,0.06308
S,0.599
G,0.1428
D,2.023
T,0.008193
G,0.1651
H,0.01837
A,0.6515
E,0.01059
A,0.6066
V,0.03
R,0.9521
I,0.2537
V,0.3071
Y,1.312
D,0.2607
P,0.1086
S,2.701
V,2.702
I,0.9525
S,0.6581
Y,1.025
E,2.19
Q,2.702
L,0.3966
L,0.1593
Q,1.314
V,1.92
F,0.01475
W,0.1575
E,0.0226
N,1.32
H,0.009178
D,0.472
P,0.02985
A,0.0487
Q,0.03549
G,0.03365
M,0.1179
R,0.1195
Q,0.02022
G,0.05641
N,0.188
D,0.00978
H,1.965
G,0.01454
T,0.1787
Q,0.129
Y,0.01542
R,0.009916
S,0.007779
A,0.5496
I,0.3363
Y,0.4366
P,1.543
L,2.019
T,1.294
P,2.702
E,2.688
Q,0.1623
D,2.701
A,2.776
A,1.985
A,0.123
R,2.701
A,1.902
S,0.2604
L,1.848
E,2.702
R,1.808
F,0.917
Q,0.5881
A,2.649
A,0.755
M,0.1839
L,4.663
A,2.695
A,1.257
D,0.8741
D,2.614
D,2.154
R,0.9375
H,4.7
I,0.2957
T,0.1244
T,0.04829
E,0.1455
I,0.2144
A,2.389
N,2.589
A,0.5319
T,1.416
P,2.561
F,0.4674
Y,0.3453
Y,1.247
A,0.01657
E,0.02287
D,1.359
D,0.7434
H,0.009178
Q,0.009814
Q,0.036
Y,0.01542
L,0.03297
H,0.7808
K,0.1348
N,0.2308
P,0.09042
Y,2.51
G,0.03367
Y,0.06033
C,0.06463
G,0.2586
I,0.8559
G,0.805
G,0.1422
I,0.2266
G,0.4134
V,0.3296
C,1.044
L,0.7828
P,0.4964
P,1.692
E,2.459
A,4.676
