"pdb_aa","rate"
S,1.122
L,0.4514
F,1.582
D,0.9178
K,-0.3285
K,1.005
H,1.577
L,0.7955
V,-0.2884
S,0.8764
P,0.9386
A,1.631
D,0.9703
A,-0.8163
L,-0.8802
P,-0.4132
G,-0.8369
R,-0.8573
N,1.922
T,1.594
P,1.081
M,0.2246
P,1.092
V,-0.188
A,0.1622
T,1.651
L,1.653
H,-0.8793
A,0.8032
V,-0.8044
N,-0.2268
G,0.34
H,0.2033
S,0.331
M,-0.3417
T,0.9039
N,0.03775
V,0.1141
P,-0.3489
D,1.623
G,0.04754
M,0.5538
E,0.08021
I,1.097
A,-0.4424
I,0.9546
F,-0.1805
A,-0.5132
M,-0.3612
G,-0.9198
F,-0.9009
W,-0.9068
G,-0.9198
V,-0.7157
E,-0.9235
R,-0.8727
L,-0.02198
F,-0.7943
W,-0.9068
Q,0.08131
L,0.8748
P,1.139
G,-0.8796
V,-0.7612
Y,0.9451
S,-0.154
T,-0.8771
A,-0.5753
A,-0.6462
G,-0.9198
Y,-0.8319
T,-0.231
G,-0.6125
G,-0.9198
Y,3.467
T,-0.9071
P,-0.1494
N,-0.8637
P,-0.7934
T,-0.7173
Y,-0.9189
R,0.5686
E,-0.839
V,-0.7209
C,-0.8734
S,-0.3617
G,-0.7973
D,0.9983
T,-0.9258
G,-0.776
H,-0.9161
A,-0.3116
E,-0.9235
A,-0.3545
V,-0.905
R,-0.02459
I,-0.6914
V,-0.6405
Y,0.3194
D,-0.6847
P,-0.8299
S,1.646
V,1.646
I,-0.0242
S,-0.3052
Y,0.04508
E,1.157
Q,1.646
L,-0.555
L,-0.7816
Q,0.3213
V,0.8997
F,-0.9196
W,-0.7832
E,-0.9121
N,0.3263
H,-0.9249
D,-0.483
P,-0.9051
A,-0.8872
Q,-0.8998
G,-0.9015
M,-0.821
R,-0.8195
Q,-0.9143
G,-0.8798
N,-0.7541
D,-0.9243
H,0.9425
G,-0.9198
T,-0.763
Q,-0.8105
Y,-0.9189
R,-0.9242
S,-0.9262
A,-0.4089
I,-0.6126
Y,-0.5167
P,0.5395
L,0.9943
T,0.3017
P,1.646
E,1.633
Q,-0.7787
D,1.645
A,1.717
A,0.9613
A,-0.8162
R,1.645
A,0.8824
S,-0.685
L,0.8305
E,1.646
R,0.7925
F,-0.05805
Q,-0.3721
A,1.596
A,-0.2128
M,-0.758
L,3.519
A,1.64
A,0.2663
D,-0.09907
D,1.563
D,1.123
R,-0.03852
H,3.554
I,-0.6513
T,-0.8149
T,-0.8875
E,-0.7947
I,-0.7289
A,1.347
N,1.539
A,-0.4257
T,0.4187
P,1.512
F,-0.4874
Y,-0.6039
Y,0.2568
A,-0.9178
E,-0.9118
D,0.3639
D,-0.2239
H,-0.9249
Q,-0.9243
Q,-0.8993
Y,-0.9189
L,-0.9022
H,-0.1881
K,-0.8049
N,-0.7133
P,-0.8473
Y,1.463
G,-0.9015
Y,-0.876
C,-0.8719
G,-0.6867
I,-0.1164
G,-0.165
G,-0.7978
I,-0.7173
G,-0.5389
V,-0.6189
C,0.0633
L,-0.1862
P,-0.4596
P,0.6816
E,1.414
A,3.531
