"pdb_aa","rate"
M,0.134
K,1.737
N,1.84
W,1.043
K,1.241
T,1.591
S,1.314
A,0.4506
E,1.728
S,1.193
I,0.000181
L,-0.2663
T,1.259
T,0.8359
G,-0.4239
P,-0.6044
V,-0.8119
V,-0.3546
P,-1.019
V,-1.02
I,-0.4168
V,-0.59
V,-0.3151
K,1.243
K,0.4863
L,0.7544
E,0.4856
H,0.5361
A,-0.9397
V,-0.4258
P,-0.5495
M,-0.2501
A,-0.8687
K,0.318
A,-0.9965
L,-0.9826
V,-0.4158
A,-0.03964
G,-0.981
G,-1.017
V,-0.6347
R,0.5233
V,-0.4664
L,-0.8026
E,-1.021
V,-0.6197
T,-1.021
L,-0.9422
R,-1.021
T,-0.949
E,1.043
C,0.2393
A,-0.9121
V,-0.0409
D,1.082
A,-0.5622
I,-0.6356
R,0.6674
A,0.4818
I,-0.5658
A,-0.02791
K,1.845
E,0.5838
V,-0.7186
P,-0.4103
E,0.7848
A,-0.7683
I,0.06595
V,-0.662
G,-1.004
A,-0.7665
G,-1.017
T,-1.022
V,-0.5624
L,0.2247
N,-0.02347
P,0.7267
Q,1.76
Q,-0.295
L,-0.1245
A,1.813
E,0.7111
V,-0.4074
T,0.6346
E,1.685
A,-0.7222
G,-0.9808
A,-0.6358
Q,0.6686
F,-0.9798
A,-0.3936
I,-0.9277
S,-0.9052
P,-1.019
G,-1.017
L,0.6175
T,-0.8286
E,1.808
P,1.847
L,-0.6065
L,-0.2233
K,1.836
A,-0.6378
A,-0.5569
T,1.749
E,2.041
G,0.08447
T,1.168
I,0.09523
P,-0.6268
L,0.007528
I,-0.8198
P,-1.008
G,-0.9597
I,-0.418
S,-0.4083
T,-0.7311
V,0.07082
S,-0.7977
E,-0.809
L,-0.1417
M,-0.7916
L,1.128
G,-0.643
M,0.163
D,-0.06164
Y,0.8385
G,-0.8947
L,-0.0005492
K,0.6942
E,0.2
F,-0.3011
K,-1.021
F,-0.7626
F,-1.017
P,-1.019
A,-1.022
E,-0.1021
A,-0.4981
N,-0.3921
G,-1.017
G,-0.9813
V,0.3158
K,0.9837
A,-0.4778
L,-0.7792
Q,-0.4768
A,-0.5353
I,0.07995
A,0.4538
G,-0.4156
P,-0.8872
F,-0.3606
S,0.1183
Q,0.5228
V,-0.0729
R,0.6388
F,-0.9145
C,-0.9724
P,-1.019
T,-1.022
G,-1.017
G,-0.9588
I,-0.5355
S,0.154
P,1.734
A,3.538
N,-0.272
Y,-0.6463
R,1.807
D,0.8098
Y,-0.6453
L,-0.7958
A,-0.09756
L,-0.7117
K,0.7406
S,-0.855
V,-0.9407
L,0.5179
C,-0.678
I,-0.8471
G,-1.017
G,-1.017
S,-0.8654
W,-1.003
L,-0.4286
V,-0.1815
P,-0.7574
A,1.53
D,0.425
A,0.1747
L,0.2219
E,1.017
A,0.797
G,1.052
D,-0.4189
Y,-0.3314
D,1.802
R,1.041
I,-0.6502
T,-0.2792
K,3.787
L,-0.4593
A,-0.7773
R,0.6286
E,0.7063
A,-0.8071
V,0.4482
E,1.13
G,0.2798
A,1.832
K,3.787
L,3.749
