"pdb_aa","rate"
M,1.046
K,2.478
N,2.571
W,1.858
K,2.035
T,2.348
S,2.1
A,1.329
E,2.471
S,1.993
I,0.9267
L,0.6886
T,2.051
T,1.673
G,0.5478
P,0.3865
V,0.201
V,0.6096
P,0.01621
V,0.01529
I,0.5541
V,0.3993
V,0.6449
K,2.037
K,1.361
L,1.601
E,1.36
H,1.406
A,0.08682
V,0.546
P,0.4355
M,0.7031
A,0.1503
K,1.211
A,0.03607
L,0.04852
V,0.555
A,0.8911
G,0.04996
G,0.01738
V,0.3593
R,1.394
V,0.5098
L,0.2093
E,0.01429
V,0.3728
T,0.01456
L,0.0846
R,0.01385
T,0.07855
E,1.858
C,1.14
A,0.1115
V,0.89
D,1.893
A,0.4241
I,0.3586
R,1.523
A,1.357
I,0.421
A,0.9016
K,2.575
E,1.448
V,0.2844
P,0.5598
E,1.628
A,0.24
I,0.9854
V,0.3349
G,0.02921
A,0.2416
G,0.01738
T,0.01295
V,0.424
L,1.127
N,0.9055
P,1.576
Q,2.499
Q,0.6629
L,0.8153
A,2.547
E,1.562
V,0.5625
T,1.494
E,2.432
A,0.2812
G,0.05014
A,0.3584
Q,1.524
F,0.05103
A,0.5748
I,0.09757
S,0.1177
P,0.01621
G,0.01738
L,1.478
T,0.1861
E,2.542
P,2.577
L,0.3846
L,0.7269
K,2.567
A,0.3566
A,0.4289
T,2.49
E,2.75
G,1.002
T,1.97
I,1.012
P,0.3665
L,0.9332
I,0.194
P,0.02569
G,0.06899
I,0.553
S,0.5616
T,0.2732
V,0.9898
S,0.2137
E,0.2036
L,0.7999
M,0.2192
L,1.934
G,0.3519
M,1.072
D,0.8714
Y,1.676
G,0.127
L,0.926
K,1.547
E,1.105
F,0.6575
K,0.01457
F,0.2451
F,0.01756
P,0.01621
A,0.01312
E,0.8353
A,0.4814
N,0.5761
G,0.01738
G,0.04969
V,1.209
K,1.806
A,0.4996
L,0.2303
Q,0.5005
A,0.4482
I,0.998
A,1.332
G,0.5551
P,0.1337
F,0.6043
S,1.032
Q,1.394
V,0.8614
R,1.497
F,0.1094
C,0.05763
P,0.01621
T,0.01295
G,0.01738
G,0.06977
I,0.448
S,1.064
P,2.476
A,4.088
N,0.6834
Y,0.349
R,2.541
D,1.65
Y,0.3499
L,0.2154
A,0.8393
L,0.2906
K,1.588
S,0.1625
V,0.08597
L,1.389
C,0.3207
I,0.1696
G,0.01738
G,0.01738
S,0.1532
W,0.03033
L,0.5435
V,0.7643
P,0.2498
A,2.293
D,1.306
A,1.083
L,1.125
E,1.835
A,1.639
G,1.866
D,0.5522
Y,0.6303
D,2.537
R,1.857
I,0.3456
T,0.6771
K,4.311
L,0.5161
A,0.232
R,1.488
E,1.558
A,0.2053
V,1.327
E,1.936
G,1.177
A,2.563
K,4.311
L,4.276
