"pdb_aa","rate"
T,3.548
A,3.048
C,1.32
P,1.877
E,3.717
E,4.038
S,1.337
P,0.7577
L,2.039
L,0.9515
V,0.5816
G,0.1367
P,0.4678
M,0.5435
L,1.087
I,0.3155
E,0.5352
F,0.4869
N,0.6741
I,1.068
P,0.7903
V,0.5676
D,0.3709
L,0.6399
K,0.7882
L,1.07
V,0.3743
E,0.7007
Q,0.7507
Q,1.059
N,0.2616
P,0.5102
K,1.79
V,0.2019
K,0.763
L,1.166
G,0.03776
G,0.01868
R,0.4068
Y,0.4601
T,0.8487
P,0.0284
M,1.159
D,0.4294
C,0.1192
I,1.657
S,0.2243
P,0.5023
H,0.356
K,0.3625
V,0.1059
A,0.06142
I,0.2841
I,0.1865
I,0.194
P,0.1108
F,0.3599
R,0.07891
N,0.3173
R,0.103
Q,0.4826
E,0.6242
H,0.1208
L,0.03113
K,0.5438
Y,0.3986
W,0.2908
L,0.1382
Y,0.6254
Y,0.1864
L,0.2436
H,0.1099
P,0.1025
I,0.3167
L,0.09148
Q,0.2504
R,0.1404
Q,0.07214
Q,0.2815
L,0.3778
D,0.2931
Y,0.1247
G,0.3614
I,0.2098
Y,0.2739
V,0.2294
I,0.2003
N,0.22
Q,0.1021
A,0.4708
G,0.2339
E,0.3762
S,0.8061
M,0.3064
F,0.03198
N,0.01617
R,0.08523
A,0.07291
K,0.1593
L,0.03034
L,0.1545
N,0.01557
V,0.3314
G,0.01796
F,0.2891
K,0.8934
E,0.02099
A,0.1264
L,0.2609
K,0.1327
D,0.5078
Y,0.3612
D,0.334
Y,0.1751
N,0.3887
C,0.0197
F,0.1815
V,0.214
F,0.1203
S,0.07031
D,0.01871
V,0.0397
D,0.01857
L,0.1483
I,0.2627
P,0.05172
M,0.1296
N,0.1275
D,0.03256
H,0.2157
N,0.01564
T,0.463
Y,0.05675
R,0.3345
C,0.0197
F,0.305
S,0.6684
Q,0.4784
P,0.02758
R,0.08936
H,0.01716
I,0.2482
S,0.1647
V,0.152
A,0.1209
M,0.2405
D,0.05962
K,0.1297
F,0.1435
G,0.3182
F,0.121
S,0.5362
L,0.05256
P,0.1199
Y,0.1007
V,0.7676
Q,0.5096
Y,0.3967
F,0.07758
G,0.03217
G,0.07872
V,0.1483
S,0.201
A,0.157
L,0.3243
S,0.157
K,0.3531
Q,0.7349
Q,0.1155
F,0.2837
L,0.8467
S,0.3807
I,0.1711
N,0.01588
G,0.01803
F,0.1635
P,0.1403
N,0.05102
N,0.5922
Y,0.2601
W,0.1019
G,0.07744
W,0.187
G,0.12
G,0.136
E,0.0533
D,0.0609
D,0.03183
D,0.06063
I,0.2217
Y,0.4957
N,0.4359
R,0.08524
L,0.4236
A,0.9403
F,0.9496
R,0.5771
G,0.2632
M,0.1658
S,0.4863
V,0.2838
S,0.3305
R,0.1155
P,0.1889
N,0.5381
A,0.8488
V,1.075
I,0.4259
G,0.1977
K,0.2686
C,0.225
R,0.2358
M,0.09411
I,0.1548
R,0.466
H,0.09587
S,0.9665
R,0.4108
D,0.296
K,0.8534
K,0.4959
N,0.2282
E,0.3705
P,0.6778
N,0.1253
P,0.3738
Q,0.6033
R,0.1786
F,0.4656
D,0.7034
R,0.4839
I,0.2583
A,0.8619
H,0.6037
T,0.1273
K,0.5535
E,0.9628
T,0.2122
M,0.291
L,0.882
S,0.6183
D,0.03343
G,0.01836
L,0.2998
N,0.1035
S,0.1789
L,0.09665
T,0.8822
Y,0.08353
M,0.7133
V,0.3793
L,0.4746
E,0.621
V,0.4987
Q,0.9911
R,0.6399
Y,0.8831
P,0.5875
L,0.09799
Y,0.2392
T,0.06168
K,0.3547
I,0.1229
T,0.2022
V,0.06411
D,0.2763
I,0.2764
G,0.4907
T,0.8277
P,0.631
S,1.003
