"pdb_aa","rate"
G,1.073
G,1.063
L,1.24
T,1.19
D,1.187
E,1.61
A,1.784
A,1.093
L,2.204
S,1.113
C,0.9845
C,1.583
S,1.985
D,2.366
A,1.056
D,1.203
P,1.523
S,1.092
T,0.1641
K,1.66
D,0.9569
F,0.7417
L,0.7982
L,0.7058
Q,0.05421
Q,0.06606
T,0.1059
M,0.03231
L,0.8428
R,0.03224
V,0.4311
K,0.2356
D,0.1408
P,0.1878
K,1.195
K,1.796
S,0.1202
L,0.4127
D,0.9841
F,0.03312
Y,0.03636
T,0.4717
R,0.9646
V,0.3851
L,0.4353
G,0.05671
M,0.1149
T,0.9422
L,0.2262
I,0.5677
Q,0.8268
K,0.9508
C,1.316
D,0.4973
F,0.6227
P,1.314
I,1.251
M,0.4603
K,1.04
F,0.05801
S,0.2529
L,0.2566
Y,0.3233
F,0.1174
L,0.3619
A,0.4453
Y,0.985
E,1.008
D,1.425
K,1.874
N,1.998
D,1.847
I,0.6555
P,0.3773
K,2.287
E,0.7683
K,1.936
D,1.962
E,1.153
K,0.4554
I,1.061
A,1.803
W,1.308
A,0.543
L,0.6566
S,0.8304
R,0.3871
K,0.7047
A,0.3633
T,0.4489
L,0.4426
E,0.0368
L,0.0755
T,0.03715
H,0.1165
N,0.03388
W,0.3342
G,0.07901
T,0.2319
E,0.1046
D,1.387
D,0.572
E,2.17
T,1.787
Q,1.264
S,1.568
Y,0.1381
H,0.1614
N,0.4831
G,0.05631
N,0.03199
S,0.9202
D,0.9161
P,0.06779
R,0.5457
G,0.03531
F,0.314
G,0.04163
H,0.03343
I,0.1634
G,0.1664
I,0.474
A,0.6541
V,0.03279
P,0.2854
D,0.2827
V,0.3889
Y,1.965
S,0.9969
A,0.1014
C,0.3231
K,1.055
R,0.2763
F,0.268
E,0.3715
E,2.344
L,0.6866
G,0.9513
V,0.1047
K,1.728
F,0.2332
V,0.6115
K,0.109
K,0.5067
P,0.3764
D,0.956
D,0.5771
G,0.1036
K,0.868
M,0.1701
K,0.5093
G,0.8171
L,0.3457
A,0.1098
F,0.1173
I,0.2095
Q,0.6299
D,0.03993
P,0.1699
D,0.03481
G,0.4083
Y,0.06251
W,0.2339
I,0.2385
E,0.08174
I,0.2753
L,0.6
N,0.6743
P,1.104
N,1.913
K,1.857
M,1.331
A,2.29
T,2.932
L,1.955
M,1.841
