"pdb_aa","rate"
G,0.501
G,0.485
L,0.755
T,0.6794
D,0.6744
E,1.32
A,1.586
A,0.5314
L,2.226
S,0.5614
C,0.3656
C,1.278
S,1.892
D,2.473
A,0.4746
D,0.6982
P,1.187
S,0.5301
T,-0.8857
K,1.396
D,0.3236
F,-0.004693
L,0.08145
L,-0.05937
Q,-1.053
Q,-1.035
T,-0.9745
M,-1.087
L,0.1496
R,-1.087
V,-0.4783
K,-0.7765
D,-0.9211
P,-0.8495
K,0.6868
K,1.604
S,-0.9525
L,-0.5065
D,0.365
F,-1.085
Y,-1.08
T,-0.4164
R,0.3353
V,-0.5486
L,-0.4719
G,-1.049
M,-0.9607
T,0.3012
L,-0.7909
I,-0.27
Q,0.1251
K,0.3143
C,0.8711
D,-0.3774
F,-0.1862
P,0.8689
I,0.7721
M,-0.4339
K,0.4505
F,-1.047
S,-0.7501
L,-0.7446
Y,-0.6427
F,-0.9569
L,-0.5839
A,-0.4567
Y,0.3665
E,0.4015
D,1.037
K,1.722
N,1.911
D,1.681
I,-0.1361
P,-0.5604
K,2.353
E,0.03587
K,1.817
D,1.857
E,0.6229
K,-0.4413
I,0.4822
A,1.615
W,0.8589
A,-0.3077
L,-0.1344
S,0.1306
R,-0.5455
K,-0.06103
A,-0.5818
T,-0.4512
L,-0.4609
E,-1.08
L,-1.021
T,-1.079
H,-0.9582
N,-1.084
W,-0.6262
G,-1.015
T,-0.7821
E,-0.9764
D,0.9802
D,-0.2635
E,2.174
T,1.589
Q,0.7917
S,1.255
Y,-0.9253
H,-0.8898
N,-0.3991
G,-1.05
N,-1.087
S,0.2676
D,0.2613
P,-1.033
R,-0.3037
G,-1.082
F,-0.6569
G,-1.072
H,-1.085
I,-0.8866
G,-0.8821
I,-0.4129
A,-0.1383
V,-1.086
P,-0.7006
D,-0.7047
V,-0.5427
Y,1.861
S,0.3846
A,-0.9813
C,-0.6431
K,0.4728
R,-0.7145
F,-0.7271
E,-0.5694
E,2.44
L,-0.08876
G,0.315
V,-0.9762
K,1.499
F,-0.7802
V,-0.2032
K,-0.9697
K,-0.3631
P,-0.5619
D,0.3222
D,-0.2557
G,-0.9778
K,0.188
M,-0.8765
K,-0.3591
G,0.1104
L,-0.6086
A,-0.9685
F,-0.957
I,-0.8164
Q,-0.1753
D,-1.075
P,-0.8768
D,-1.083
G,-0.5132
Y,-1.041
W,-0.7791
I,-0.7721
E,-1.011
I,-0.7161
L,-0.2208
N,-0.1075
P,0.5479
N,1.782
K,1.696
M,0.8935
A,2.357
T,3.335
L,1.846
M,1.672
