"pdb_aa","rate"
M,2.231
E,2.572
R,1.548
N,4.318
K,3.919
L,1.299
A,0.3316
R,2.554
Q,2.563
I,0.8074
I,0.6505
D,2.5
T,0.831
C,0.7663
L,1.063
E,1.518
M,0.4779
T,1.003
R,1.916
L,1.722
G,0.3879
L,0.547
N,0.1481
Q,0.5338
G,0.1683
T,0.2602
A,0.3253
G,0.01617
N,0.01267
V,0.6626
S,0.01599
V,0.9917
R,0.2063
Y,2.511
Q,2.038
D,1.766
G,0.9037
M,0.9135
L,0.3493
I,0.3205
T,0.1768
P,0.07076
T,0.2635
G,0.2421
I,1.108
P,1.297
Y,0.5518
E,1.834
K,2.665
L,0.876
T,2.524
E,1.247
S,2.069
H,0.7687
I,0.8422
V,0.4086
F,2.473
I,1.064
D,1.557
G,1.903
N,1.495
G,0.357
K,2.506
H,1.876
E,1.306
E,1.753
G,1.868
K,2.474
L,1.978
P,0.03914
S,0.01599
S,0.1145
E,0.01361
W,0.9047
R,0.8348
F,0.4816
H,0.01294
M,1.181
A,0.5358
A,0.5128
Y,0.5303
Q,1.982
S,1.524
R,0.3197
P,1.17
D,0.9635
A,1.081
N,1.886
A,0.1513
V,0.3547
V,0.3071
H,0.01294
N,0.3982
H,0.01294
A,0.3156
V,1.702
H,1.168
C,0.5054
T,0.2716
A,0.5087
V,0.6716
S,0.2833
I,0.7484
L,0.6793
N,1.058
R,1.876
S,1.916
I,0.2086
P,0.1165
A,0.6621
I,0.6119
H,0.06349
Y,0.01682
M,0.1604
I,0.622
A,0.2328
A,0.9723
A,0.4338
G,0.05062
G,0.2258
N,1.975
S,1.069
I,0.2343
P,0.4211
C,0.4158
A,0.2731
P,1.462
Y,0.04793
A,0.2356
T,0.4881
F,0.5126
G,0.01616
T,0.375
R,1.999
E,1.08
L,0.02499
S,0.1556
E,1.957
H,1.882
V,0.4664
A,1.754
L,2.587
A,0.2622
L,0.4873
K,2.579
N,1.947
R,0.2428
K,1.642
A,0.2502
T,0.344
L,0.1911
L,0.3712
Q,0.3297
H,0.2325
H,0.01294
G,0.01616
L,0.6645
I,0.649
A,0.5831
C,1.698
E,0.451
V,4.185
N,1.316
L,0.6298
E,2.584
K,1.552
A,0.053
L,1.007
W,1.159
L,0.678
A,0.2678
H,1.242
E,0.2148
V,0.4014
E,0.01361
V,0.8295
L,0.3901
A,0.3836
Q,1.289
L,0.6492
Y,0.3626
L,1.462
T,1.225
T,0.5779
L,1.067
A,1.079
I,1.262
T,0.3416
D,2.39
P,1.763
V,0.3038
P,1.675
V,1.219
L,0.1588
S,1.084
D,2.154
E,2.577
E,0.4289
I,0.4323
A,2.063
V,1.85
V,0.4322
L,1.916
E,1.484
K,0.9365
F,0.2734
