"pdb_aa","rate"
M,1.484
E,1.886
R,0.6782
N,3.945
K,3.475
L,0.3845
A,-0.7561
R,1.865
Q,1.876
I,-0.195
I,-0.3801
D,1.801
T,-0.1673
C,-0.2435
L,0.1068
E,0.643
M,-0.5837
T,0.03552
R,1.112
L,0.8837
G,-0.6898
L,-0.5022
N,-0.9726
Q,-0.5177
G,-0.9487
T,-0.8404
A,-0.7636
G,-1.128
N,-1.132
V,-0.3658
S,-1.128
V,0.02226
R,-0.904
Y,1.814
Q,1.256
D,0.9351
G,-0.08147
M,-0.06991
L,-0.7353
I,-0.7693
T,-0.9388
P,-1.064
T,-0.8365
G,-0.8617
I,0.1593
P,0.3819
Y,-0.4965
E,1.016
K,1.995
L,-0.1142
T,1.829
E,0.3238
S,1.293
H,-0.2407
I,-0.154
V,-0.6653
F,1.769
I,0.108
D,0.6889
G,1.097
N,0.6162
G,-0.7262
K,1.808
H,1.065
E,0.3931
E,0.9197
G,1.055
K,1.77
L,1.185
P,-1.101
S,-1.128
S,-1.012
E,-1.131
W,-0.08034
R,-0.1627
F,-0.5793
H,-1.132
M,0.2452
A,-0.5153
A,-0.5425
Y,-0.5218
Q,1.191
S,0.6504
R,-0.7702
P,0.2327
D,-0.0109
A,0.1271
N,1.077
A,-0.9688
V,-0.7289
V,-0.7851
H,-1.132
N,-0.6776
H,-1.132
A,-0.775
V,0.8605
H,0.2307
C,-0.5512
T,-0.827
A,-0.5473
V,-0.3552
S,-0.8131
I,-0.2646
L,-0.3461
N,0.1002
R,1.065
S,1.112
I,-0.9012
P,-1.01
A,-0.3663
I,-0.4256
H,-1.072
Y,-1.127
M,-0.9581
I,-0.4136
A,-0.8727
A,-0.0005283
A,-0.6356
G,-1.088
G,-0.881
N,1.182
S,0.1137
I,-0.871
P,-0.6506
C,-0.6569
A,-0.8252
P,0.5775
Y,-1.091
A,-0.8694
T,-0.5716
F,-0.5427
G,-1.128
T,-0.705
R,1.21
E,0.1264
L,-1.118
S,-0.9637
E,1.161
H,1.072
V,-0.5972
A,0.9214
L,1.903
A,-0.8381
L,-0.5725
K,1.894
N,1.149
R,-0.8609
K,0.7887
A,-0.8521
T,-0.7416
L,-0.9218
L,-0.7094
Q,-0.7585
H,-0.873
H,-1.132
G,-1.128
L,-0.3636
I,-0.3818
A,-0.4596
C,0.8549
E,-0.6153
V,3.788
N,0.4048
L,-0.4045
E,1.9
K,0.6835
A,-1.085
L,0.0409
W,0.2196
L,-0.3477
A,-0.8314
H,0.317
E,-0.8939
V,-0.6739
E,-1.131
V,-0.169
L,-0.6872
A,-0.6948
Q,0.3729
L,-0.3816
Y,-0.7196
L,0.5773
T,0.2976
T,-0.4657
L,0.1116
A,0.1255
I,0.3408
T,-0.7444
D,1.672
P,0.9316
V,-0.7889
P,0.8287
V,0.2906
L,-0.96
S,0.1318
D,1.393
E,1.892
E,-0.6414
I,-0.6375
A,1.285
V,1.034
V,-0.6376
L,1.112
E,0.6027
K,-0.04283
F,-0.8248
