"pdb_aa","rate"
A,1.672
Y,2.214
S,-0.2434
N,1.503
T,0.2805
Y,0.6256
Q,-0.1274
E,0.9406
F,-0.4483
T,-0.5716
N,-0.5946
I,0.7381
D,2.448
Q,0.4657
A,-1.472
K,0.03244
A,1.129
W,-0.3425
G,-1.233
N,0.2313
A,-0.4427
Q,1.014
Y,-0.3737
K,0.5853
K,2.144
Y,-0.5488
G,2.286
L,-0.3498
S,-0.6964
K,0.8309
S,2.539
E,-1.208
K,-0.4435
E,2.25
A,-0.6411
I,-0.5134
V,1.714
S,1.867
Y,-1.402
T,-1.521
K,1.105
S,0.3669
A,-0.7705
S,0.2513
E,0.975
I,-1.142
N,-1.577
G,1.062
K,-0.3222
L,-1.428
R,-0.9146
Q,1.597
N,-0.7776
K,1.374
G,-0.8224
V,0.2137
I,1.148
N,-0.4179
G,0.3881
F,1.382
P,0.2893
S,1.067
N,2.186
L,0.5771
I,0.3112
K,1.015
Q,0.0635
V,-1.086
E,0.9858
L,1.309
L,-0.259
D,-1.539
K,1.148
S,-0.8058
F,-0.4447
N,1.803
K,-0.9328
M,0.2989
K,0.1647
T,-0.1805
P,0.03185
E,0.399
N,0.3005
I,-0.5848
M,1.453
L,-1.235
F,-0.9506
R,-1.538
G,-0.5138
D,0.08985
D,-0.4544
P,0.5841
A,-0.6723
Y,-0.1669
L,-1.197
G,-0.1675
T,1.146
E,-0.1633
F,-0.1827
Q,0.719
N,-0.2893
T,0.03135
L,0.04946
L,0.7619
N,-0.6884
S,1.976
N,-0.9013
G,-0.6221
T,-0.1115
I,-0.3953
N,-1.38
K,2.064
T,0.2904
A,0.6375
F,-0.3576
E,2.532
K,-0.01102
A,-0.2205
K,-0.08893
A,0.7965
K,1.499
F,-0.2832
L,1.178
N,-0.2559
K,-0.6276
D,0.3895
R,-0.0205
L,0.02036
E,-0.9544
Y,-0.1082
G,-1.001
Y,-1.199
I,-0.5727
S,-1.591
T,-1.582
S,-1.051
L,-0.3334
M,-1.079
N,0.3355
V,0.2441
S,0.8595
Q,0.06712
F,0.1552
A,0.4341
G,0.475
R,-1.41
P,-1.264
I,-1.484
I,-0.458
T,-0.23
K,0.3921
F,-0.4359
K,-0.08381
V,-1.093
A,-0.4425
K,-0.6329
G,-1.425
S,-0.09085
K,-0.2445
A,-1.142
G,-0.6731
Y,-1.199
I,-0.3611
D,-0.3079
P,-0.313
I,-0.7795
S,-1.424
A,1.866
F,0.9162
A,0.2406
G,-0.6036
Q,-1.24
L,-0.4759
E,-1.517
M,0.3653
L,-1.428
L,-0.7113
P,-0.9792
R,-1.538
H,-0.6018
S,-0.8772
T,-0.09494
Y,-0.8043
H,0.7579
I,-1.008
D,0.2177
D,1.106
M,-0.914
R,2.028
L,-0.1644
S,-1.169
S,0.7036
D,-0.5827
G,1.288
K,0.3672
Q,-0.4233
I,-0.8493
I,0.1345
I,-0.9109
T,-0.006775
A,-1.038
T,1.979
M,-0.02493
M,2.099
G,0.8648
T,0.1741
A,0.6466
I,0.5997
N,-0.7618
P,0.1301
K,-0.6217
