"pdb_aa","rate"
R,0.7
G,0.04414
I,0.8626
I,2.181
I,1.153
V,0.5866
F,0.6692
T,0.05003
G,0.0253
N,0.482
G,0.0253
K,0.09335
G,0.0253
K,0.05228
T,0.3142
T,0.2457
A,0.2514
A,0.3065
F,0.5489
G,0.0253
T,0.2741
A,0.9124
A,0.9955
R,0.01928
A,0.5419
V,0.8789
G,0.09756
H,0.2
G,1.101
K,1.965
N,1.922
V,0.5965
G,0.9389
V,0.4219
V,0.8345
Q,0.06435
F,0.1572
I,0.1823
K,0.07417
G,0.223
T,1.645
W,0.9971
P,1.533
N,0.3594
G,0.0998
E,0.02006
R,0.663
N,1.466
L,0.9787
L,0.5082
E,1.893
P,2.518
H,1.398
G,1.794
V,0.5469
E,2.064
F,0.7541
Q,1.264
V,0.7907
M,0.232
A,1.064
T,0.299
G,0.1297
F,0.2114
T,0.04962
W,0.09274
E,1.159
T,0.06492
Q,0.08074
N,0.7346
R,0.8864
E,2.516
A,1.759
D,0.0641
T,0.8969
A,2.412
A,0.4804
C,0.2352
M,2.473
A,4.171
V,0.5878
W,0.1506
Q,2.538
H,2.434
G,0.637
K,2.524
R,2.453
M,1.019
L,0.2741
A,2.528
D,0.3981
P,2.49
L,2.53
L,1.817
D,1.699
M,0.9855
V,0.3098
V,1.101
L,0.3286
D,0.08062
E,0.02006
L,0.9011
T,0.07752
Y,0.1301
M,0.3118
V,1.018
A,0.8283
Y,0.791
D,1.891
Y,0.1705
L,0.5988
P,2.027
L,1.567
E,2.529
E,2.518
V,0.6062
I,2.089
S,4.17
A,0.6981
L,1.052
N,4.171
A,2.526
R,0.1341
P,0.2092
G,4.171
H,1.729
Q,0.1982
T,0.4193
V,0.1109
I,0.6499
I,0.8576
T,0.02123
G,0.02526
R,0.06535
G,0.9407
C,0.2158
H,0.6946
R,1.534
D,2.605
I,0.5536
L,1.971
D,1.68
L,2.482
A,0.1248
D,0.01912
T,0.05528
V,0.2016
S,0.3309
E,0.4417
L,0.6679
R,1.469
P,1.343
V,1.177
K,0.1698
H,0.07486
A,0.1176
F,0.3841
D,1.364
A,1.447
G,0.1559
V,0.9403
K,0.7401
A,0.09558
Q,0.2636
M,2.025
G,0.04616
I,0.8209
D,0.1033
Y,0.9604
