"pdb_aa","rate"
R,-0.2443
G,-0.9492
I,-0.06966
I,1.347
I,0.2425
V,-0.3662
F,-0.2775
T,-0.9428
G,-0.9694
N,-0.4786
G,-0.9694
K,-0.8963
G,-0.9694
K,-0.9404
T,-0.6589
T,-0.7325
A,-0.7265
A,-0.6672
F,-0.4067
G,-0.9694
T,-0.702
A,-0.01615
A,0.07317
R,-0.9759
A,-0.4143
V,-0.05206
G,-0.8918
H,-0.7817
G,0.1866
K,1.115
N,1.069
V,-0.3556
G,0.01239
V,-0.5432
V,-0.09982
Q,-0.9274
F,-0.8277
I,-0.8007
K,-0.9169
G,-0.7569
T,0.7713
W,0.07489
P,0.6503
N,-0.6103
G,-0.8893
E,-0.975
R,-0.2841
N,0.5786
L,0.05518
L,-0.4505
E,1.038
P,1.71
H,0.5054
G,0.9315
V,-0.4089
E,1.221
F,-0.1862
Q,0.362
V,-0.1469
M,-0.7473
A,0.1472
T,-0.6753
G,-0.8572
F,-0.7694
T,-0.9433
W,-0.8969
E,0.249
T,-0.9268
Q,-0.9098
N,-0.2072
R,-0.04408
E,1.708
A,0.8939
D,-0.9277
T,-0.03273
A,1.595
A,-0.4803
C,-0.7438
M,1.661
A,3.485
V,-0.3649
W,-0.8348
Q,1.73
H,1.619
G,-0.312
K,1.716
R,1.64
M,0.09866
L,-0.702
A,1.72
D,-0.5688
P,1.679
L,1.722
L,0.9556
D,0.8295
M,0.06246
V,-0.6637
V,0.1864
L,-0.6435
D,-0.91
E,-0.975
L,-0.02823
T,-0.9133
Y,-0.8568
M,-0.6615
V,0.09776
A,-0.1065
Y,-0.1466
D,1.035
Y,-0.8133
L,-0.3531
P,1.182
L,0.6873
E,1.721
E,1.71
V,-0.3452
I,1.248
S,3.485
A,-0.2464
L,0.1339
N,3.485
A,1.718
R,-0.8525
P,-0.7718
G,3.485
H,0.8616
Q,-0.7836
T,-0.546
V,-0.8774
I,-0.2982
I,-0.07504
T,-0.9738
G,-0.9695
R,-0.9264
G,0.01434
C,-0.7647
H,-0.2501
R,0.6513
D,1.803
I,-0.4017
L,1.122
D,0.8086
L,1.67
A,-0.8625
D,-0.976
T,-0.9372
V,-0.78
S,-0.641
E,-0.522
L,-0.2789
R,0.5819
P,0.4466
V,0.2687
K,-0.8141
H,-0.9161
A,-0.8703
F,-0.5838
D,0.469
A,0.5583
G,-0.8291
V,0.01387
K,-0.2012
A,-0.8939
Q,-0.7133
M,1.179
G,-0.947
I,-0.1144
D,-0.8856
Y,0.03549
