"pdb_aa","rate"
G,1.498
G,0.7023
L,0.2015
R,1.576
R,0.6394
R,2.7
D,0.8167
L,0.4377
P,1.526
A,2.697
D,1.18
P,0.03519
L,1.225
T,2.7
L,0.1753
F,0.02338
E,1.288
R,2.026
W,0.02011
L,0.4345
S,2.17
Q,0.7184
A,0.1182
C,1.156
E,1.947
A,0.9072
K,1.798
L,0.9616
A,1.746
D,0.08835
P,0.1022
T,0.1068
A,0.08388
M,0.09096
V,0.4825
V,0.4398
A,0.249
T,0.05705
V,0.3741
D,0.524
E,1.485
H,2.032
G,0.2826
Q,0.6356
P,0.1034
Y,0.4257
Q,0.3203
R,0.007679
I,0.3612
V,0.03644
L,0.01042
L,0.1813
K,0.01576
H,1.331
Y,1.445
D,0.3304
E,2.147
K,1.755
G,0.2069
M,0.309
V,0.2232
F,0.05507
Y,0.8325
T,0.03979
N,0.04168
L,0.5103
G,1.642
S,0.008957
R,0.5231
K,0.008352
A,0.2964
H,1.154
Q,0.8081
I,0.4928
E,1.499
N,2.111
N,0.09036
P,0.6972
R,1.577
V,0.5111
S,0.47
L,0.3341
L,0.3993
F,0.07086
P,0.5297
W,0.04821
H,0.727
T,1.558
L,0.5532
E,0.4075
R,0.01349
Q,0.007596
V,0.1524
M,0.8013
V,0.3795
I,1.27
G,0.01068
K,2.185
A,0.4
E,0.9473
R,0.7768
L,0.6785
S,0.56
T,1.521
L,1.868
E,0.3848
V,0.2188
M,1.08
K,0.657
Y,0.01128
F,0.1189
H,1.293
S,0.2746
R,0.007679
P,0.06195
R,0.613
D,0.7071
S,0.02658
Q,0.1791
I,0.424
G,0.2719
A,0.03611
W,0.5248
V,0.2848
S,0.006496
K,1.811
Q,0.007596
S,0.006496
S,1.035
R,0.6711
I,0.3268
S,0.8527
A,0.522
R,0.06399
G,1.948
I,1.471
L,0.08256
E,0.5696
S,1.34
K,0.5901
F,0.5996
L,1.193
E,0.9113
L,0.8156
K,0.7787
Q,1.454
K,0.4915
F,0.4534
Q,1.067
Q,1.489
G,0.8306
E,1.045
V,0.4681
P,0.103
L,0.4744
P,0.0201
S,0.7823
F,0.5218
W,0.04896
G,0.05456
G,0.02299
F,1.009
R,0.3026
V,0.3795
S,1.544
L,0.4364
E,2.62
Q,1.332
I,0.5934
E,0.01516
F,0.04048
W,0.02027
Q,0.007639
G,0.02306
G,0.205
E,1.002
H,0.5127
R,0.007723
L,0.1127
H,0.007279
D,0.00764
R,0.02567
F,0.3754
L,1.234
Y,0.1735
Q,1.415
R,1.241
E,2.74
N,2.731
D,2.441
A,2.701
W,0.02027
K,2.702
I,0.5899
D,1.013
R,0.01365
L,0.08304
A,0.5167
P,0.009819
