"pdb_aa","rate"
G,1.096
G,-0.01254
L,-0.7098
R,1.205
R,-0.1001
R,2.77
D,0.1467
L,-0.381
P,1.135
A,2.765
D,0.6521
P,-0.9414
L,0.7159
T,2.77
L,-0.7463
F,-0.9579
E,0.8024
R,1.83
W,-0.9624
L,-0.3854
S,2.031
Q,0.00988
A,-0.8259
C,0.6191
E,1.721
A,0.2728
K,1.514
L,0.3486
A,1.441
D,-0.8674
P,-0.8481
T,-0.8417
A,-0.8736
M,-0.8638
V,-0.3186
V,-0.3781
A,-0.6438
T,-0.911
V,-0.4696
D,-0.2607
E,1.078
H,1.839
G,-0.5969
Q,-0.1054
P,-0.8464
Y,-0.3977
Q,-0.5444
R,-0.9797
I,-0.4875
V,-0.9397
L,-0.9759
L,-0.738
K,-0.9685
H,0.8631
Y,1.021
D,-0.5303
E,1.999
K,1.454
G,-0.7024
M,-0.5602
V,-0.6797
F,-0.9137
Y,0.1687
T,-0.935
N,-0.9324
L,-0.2799
G,1.295
S,-0.9779
R,-0.2621
K,-0.9788
A,-0.5777
H,0.6162
Q,0.1348
I,-0.3043
E,1.097
N,1.95
N,-0.8646
P,-0.01956
R,1.205
V,-0.2787
S,-0.336
L,-0.5253
L,-0.4344
F,-0.8918
P,-0.2529
W,-0.9233
H,0.02183
T,1.178
L,-0.2202
E,-0.423
R,-0.9716
Q,-0.9798
V,-0.7782
M,0.1253
V,-0.462
I,0.7783
G,-0.9755
K,2.052
A,-0.4334
E,0.3286
R,0.09126
L,-0.04572
S,-0.2107
T,1.128
L,1.611
E,-0.4546
V,-0.6857
M,0.5134
K,-0.07566
Y,-0.9747
F,-0.8248
H,0.8106
S,-0.6081
R,-0.9797
P,-0.9042
R,-0.1369
D,-0.005834
S,-0.9534
Q,-0.7411
I,-0.4
G,-0.6118
A,-0.9401
W,-0.2597
V,-0.5938
S,-0.9814
K,1.531
Q,-0.9798
S,-0.9814
S,0.4501
R,-0.05596
I,-0.5353
S,0.1969
A,-0.2636
R,-0.9013
G,1.722
I,1.057
L,-0.8755
E,-0.1972
S,0.8753
K,-0.1687
F,-0.1555
L,0.6713
E,0.2785
L,0.1453
K,0.09381
Q,1.034
K,-0.3061
F,-0.3591
Q,0.4956
Q,1.083
G,0.1661
E,0.465
V,-0.3386
P,-0.847
L,-0.3298
P,-0.9624
S,0.09888
F,-0.2639
W,-0.9223
G,-0.9144
G,-0.9584
F,0.4139
R,-0.569
V,-0.462
S,1.16
L,-0.3828
E,2.658
Q,0.864
I,-0.1641
E,-0.9693
F,-0.9341
W,-0.9622
Q,-0.9798
G,-0.9583
G,-0.7049
E,0.4054
H,-0.2765
R,-0.9797
L,-0.8335
H,-0.9803
D,-0.9798
R,-0.9547
F,-0.4677
L,0.7279
Y,-0.7488
Q,0.9794
R,0.7379
E,2.825
N,2.812
D,2.409
A,2.771
W,-0.9622
K,2.772
I,-0.169
D,0.4194
R,-0.9714
L,-0.8748
A,-0.271
P,-0.9767
