"pdb_aa","rate"
D,0.5985
I,0.2615
V,0.3407
F,0.5735
A,0.4114
A,0.662
D,0.1306
D,0.8028
N,0.4484
Y,0.308
A,0.4916
A,1.06
Y,0.6164
L,0.5932
C,1.124
V,0.2536
A,0.7709
A,0.6822
K,1.255
S,0.05152
V,0.5334
E,1.585
A,0.8519
A,0.8082
H,0.8872
P,1.474
D,1.811
T,2.255
E,2.053
I,0.6525
R,1.249
F,0.6948
H,0.6986
V,0.5217
L,0.47
D,0.5751
A,1.218
G,0.8572
I,0.4237
S,0.5518
E,1.705
A,1.276
N,0.5927
R,0.7128
A,2.139
A,1.451
V,0.6035
A,1.301
A,1.242
N,3.173
L,1.886
R,2.178
G,1.906
G,2.342
G,1.02
G,1.243
N,1.632
I,0.5492
R,2.059
F,0.6859
I,0.701
D,1.613
V,0.6535
N,0.8915
P,2.021
E,2.237
D,1.583
F,0.8051
A,1.657
G,1.433
F,1.032
P,0.7185
L,1.279
N,0.9693
I,1.066
R,1.459
H,0.3396
I,0.3233
S,0.2492
I,1.327
T,0.454
T,0.3486
Y,0.2836
A,0.5825
R,0.05066
L,0.2878
K,0.5563
L,0.6115
G,0.5436
E,1.022
Y,0.8445
I,0.5313
A,1.587
D,1.485
C,0.9997
D,0.8058
K,0.2041
V,0.4419
L,0.5181
Y,0.05149
L,0.3274
D,0.05066
I,0.7536
D,0.05066
V,0.6207
L,0.5305
V,0.2827
R,0.8278
D,1.323
S,0.3316
L,0.489
T,1.671
P,1.223
L,0.1426
W,0.8631
D,1.093
T,0.8718
D,0.5438
L,0.5231
G,1.667
D,0.9717
N,1.28
W,1.374
L,1.018
G,0.4162
A,0.1434
S,0.2859
I,1.535
D,0.233
L,1.411
F,1.04
V,1.567
E,1.225
R,1.806
Q,1.625
E,1.599
G,1.978
Y,1.116
K,0.9075
Q,2.381
K,1.372
I,0.5276
G,0.577
A,1.339
D,1.848
G,1.916
E,1.787
Y,1.836
Y,0.1159
F,0.3273
N,0.05063
A,0.2
G,0.05125
V,0.3126
L,0.2824
L,0.421
I,0.3809
N,0.2004
L,0.4421
K,1.705
K,1.041
W,0.6813
R,0.1875
R,1.313
H,1.541
D,0.8204
I,0.5558
F,1.253
K,1.33
S,0.9774
S,0.7298
E,1.755
W,1.131
V,0.6158
E,2.323
Q,1.593
Y,0.9429
K,1.664
D,1.103
V,1.57
Q,1.722
Y,0.8374
Q,0.5531
D,0.05072
Q,0.05085
D,0.1547
I,0.3422
L,0.2665
N,0.05064
G,1.138
L,0.7249
F,0.6245
K,0.9529
G,0.9066
G,1.003
V,0.7205
C,2.09
Y,1.931
A,0.4932
N,0.7536
S,1.254
R,0.6404
F,0.547
N,0.05091
F,0.9137
P,0.8158
T,1.066
N,1.446
Y,1.971
A,1.629
F,1.581
A,2.378
S,1.644
R,1.502
H,2.293
T,2.169
D,3.148
P,1.967
L,2.054
Y,1.858
R,2.066
D,1.738
R,1.987
T,1.503
N,0.9994
T,1.659
V,1.811
P,0.2238
V,1.21
A,1.047
V,0.2427
S,0.5796
H,0.05064
Y,0.4414
C,0.4747
G,0.6289
P,1.419
A,1.985
K,0.0513
P,0.1346
W,0.1572
H,0.8793
R,2.043
D,1.424
C,1.006
T,2.884
A,0.5109
W,0.8706
G,1.291
A,1.161
E,1.711
R,2.329
F,0.4159
T,2.044
E,2.107
L,0.7235
A,1.068
G,1.486
S,1.398
L,0.3356
T,1.39
T,1.297
V,1.645
P,1.276
E,2.356
E,1.604
W,1.939
R,2.19
G,1.974
K,1.712
L,2.793
