"pdb_aa","rate"
T,0.2168
Y,1.21
N,2.423
G,0.3162
C,-0.8645
S,-0.7456
S,1.087
S,-0.01218
E,-0.7304
Q,0.2863
S,-0.3184
A,0.9891
L,0.4937
A,1.553
A,0.4021
A,-1.204
A,0.6543
S,0.4428
A,1.348
A,-1.261
Q,1.742
S,0.4287
Y,1.295
V,0.005447
A,0.9328
E,0.3954
S,-0.867
L,3.139
S,0.1563
Y,0.3599
L,-0.8597
Q,1.173
T,0.1269
H,0.8052
T,1.036
A,0.6349
A,1.154
T,-0.1163
P,0.3403
R,-0.08948
Y,-0.2817
T,-0.1564
T,-0.8573
W,-0.979
F,-1.067
G,-1.392
S,0.5895
Y,0.1866
I,1.069
S,-0.1484
S,0.7946
R,-0.4742
H,0.6167
S,-0.6417
T,2.069
V,-0.98
L,0.5854
Q,0.643
H,-0.3399
Y,-0.3921
T,1.399
D,1.588
M,-0.5364
N,1.443
S,1.048
N,-0.03432
D,-0.4701
F,0.886
S,0.2518
S,0.08848
Y,0.3124
S,-0.8183
F,-0.1395
D,-0.546
C,-1.104
T,0.4051
C,-1.173
T,0.6684
A,1.629
A,0.8862
G,0.3144
T,0.3245
F,0.4846
A,-1.464
Y,-0.1518
V,-0.7807
Y,0.9593
P,0.1022
N,0.8111
R,1.38
F,1.851
G,0.1255
T,0.7453
V,-0.912
Y,0.699
L,-0.8342
C,-0.8698
G,1.023
A,-0.157
F,-1.089
W,-0.06034
K,0.3296
A,-0.5618
P,-0.9166
T,3.039
T,-0.6748
G,-0.79
T,-0.04267
D,-0.658
S,-1.423
Q,-0.4145
A,-0.6492
G,-0.8586
T,-1.093
L,-0.7149
V,-0.6905
H,-1.445
E,-1.347
S,0.1636
S,-1.368
H,-1.432
F,0.07158
T,-0.3013
R,1.035
N,-0.912
G,-0.2978
G,-0.5378
T,-1.464
K,0.3376
D,-1.46
Y,0.6064
A,0.273
Y,-1.28
G,-1.241
Q,-0.3648
A,1.496
A,1.77
A,-0.946
K,0.01728
S,0.3169
L,-1.14
A,-1.466
T,1.817
M,-0.1821
D,-0.9232
P,-1.251
D,1.843
K,0.7496
A,-1.445
V,-0.4433
M,1.702
N,-1.47
A,-1.472
D,-1.359
N,-1.137
H,-0.4523
E,-1.043
Y,-0.8079
F,-0.9505
S,-0.6375
E,-1.369
N,-0.6013
N,-0.2018
P,-0.7433
A,0.6722
Q,1.476
S,0.05752
