"pdb_aa","rate"
R,2.175
T,0.402
V,0.3399
Y,0.05628
A,0.09174
F,-0.1694
S,0.4919
A,-0.5316
R,1.448
P,0.5182
L,-0.2789
A,1.99
G,-0.6752
G,0.4289
E,2.053
P,2.726
F,1.062
N,0.6383
L,-0.4534
S,1.036
S,1.984
L,0.4262
R,0.8539
G,-0.8349
K,-0.3386
V,-0.7048
L,-0.3134
L,-0.9622
I,-0.6259
E,-0.8895
N,-1.181
V,-1.006
A,-1.181
S,-1.054
L,0.04977
G,-0.8813
T,-0.4979
T,-1.039
V,2.057
R,-0.626
D,-0.9222
Y,-0.336
T,1.141
Q,-0.4395
M,-0.8075
N,-0.7963
D,0.3002
L,-0.9954
Q,0.1093
R,1.362
R,1.229
L,0.5259
G,1.625
P,1.642
R,1.216
G,-0.7534
L,0.04091
V,0.3607
V,-0.3285
L,-0.9128
G,-0.6334
F,-0.9961
P,-1.178
C,-0.7865
N,-1.135
Q,-1.181
F,-1.122
G,-0.4567
H,0.3728
Q,-1.181
E,-0.9815
N,-1.005
A,-0.6659
K,0.8402
N,-0.1678
E,0.9995
E,-0.8795
I,-1.036
L,0.07166
N,0.7056
C,-0.4417
L,-0.9782
K,0.107
Y,0.8665
V,-1.07
R,-1.169
P,-1.137
G,-1.174
G,0.5397
G,-0.5496
F,-0.2893
E,-0.1499
P,-1.062
N,0.09818
F,-0.8622
M,-0.1981
L,-0.06125
F,-0.3889
E,0.4899
K,-1.097
C,-0.03015
E,-0.02686
V,-1.182
N,-1.18
G,-1.173
E,2.244
K,1.616
A,-0.5915
H,-0.7425
P,-0.899
L,-0.6068
F,0.09817
A,1.37
F,0.6996
L,-1.183
R,-0.5914
E,1.636
V,0.5538
L,-0.4091
P,-0.1955
T,0.06337
P,-0.03025
S,0.3517
D,0.08609
D,0.757
A,1.147
T,1.191
A,0.6452
L,1.163
M,-0.3195
T,1.965
D,0.1072
P,-0.02547
K,1.24
F,2.069
I,-0.314
T,0.1738
W,-0.8018
S,-0.2393
P,-1.158
V,-0.2815
C,0.9926
R,0.01062
N,0.1852
D,-0.2319
V,-0.7601
S,-0.5307
W,-1.116
N,-1.184
F,-1.17
E,-1.022
K,-1.182
F,-1.11
L,-1.173
V,-0.5463
G,0.3499
P,-0.06452
D,0.4987
G,-1.18
V,1.614
P,-0.6723
V,0.12
R,0.7199
R,-1.173
Y,-0.2379
S,-0.5129
R,-0.3474
R,0.8533
F,-0.1663
L,1.039
T,-0.8885
I,0.6574
D,1.451
I,-0.1098
E,1.308
P,2.384
D,-0.7005
I,-0.8639
E,0.4616
T,1.925
L,-0.3117
L,-0.7549
S,1.55
Q,3.79
