"pdb_aa","rate"
R,2.216
T,1.073
V,1.033
Y,0.8502
A,0.8731
F,0.7048
S,1.131
A,0.4713
R,1.747
P,1.148
L,0.6342
A,2.096
G,0.3788
G,1.09
E,2.137
P,2.571
F,1.498
N,1.225
L,0.5218
S,1.482
S,2.093
L,1.089
R,1.364
G,0.2759
K,0.5957
V,0.3597
L,0.612
L,0.1938
I,0.4106
E,0.2407
N,0.05274
V,0.1655
A,0.05277
S,0.135
L,0.846
G,0.246
T,0.4931
T,0.1446
V,2.139
R,0.4105
D,0.2196
Y,0.5974
T,1.549
Q,0.5307
M,0.2935
N,0.3007
D,1.007
L,0.1725
Q,0.8844
R,1.692
R,1.606
L,1.153
G,1.861
P,1.872
R,1.597
G,0.3284
L,0.8403
V,1.046
V,0.6022
L,0.2257
G,0.4057
F,0.172
P,0.05493
C,0.3071
N,0.08274
Q,0.05305
F,0.09072
G,0.5196
H,1.054
Q,0.05296
E,0.1814
N,0.1664
A,0.3848
K,1.355
N,0.7058
E,1.458
E,0.2471
I,0.1466
L,0.8601
N,1.269
C,0.5293
L,0.1836
K,0.8829
Y,1.372
V,0.1241
R,0.06059
P,0.08135
G,0.05738
G,1.162
G,0.4598
F,0.6275
E,0.7173
P,0.1294
N,0.8772
F,0.2583
M,0.6863
L,0.7745
F,0.5633
E,1.13
K,0.1068
C,0.7945
E,0.7966
V,0.05207
N,0.05339
G,0.05823
E,2.26
K,1.855
A,0.4327
H,0.3354
P,0.2345
L,0.4229
F,0.8772
A,1.697
F,1.265
L,0.05159
R,0.4328
E,1.869
V,1.171
L,0.5503
P,0.688
T,0.8548
P,0.7945
S,1.041
D,0.8694
D,1.302
A,1.553
T,1.582
A,1.23
L,1.563
M,0.608
T,2.08
D,0.883
P,0.7975
K,1.613
F,2.147
I,0.6116
T,0.9259
W,0.2972
S,0.6597
P,0.0677
V,0.6326
C,1.454
R,0.8208
N,0.9333
D,0.6645
V,0.3241
S,0.4719
W,0.09464
N,0.05069
F,0.06019
E,0.1555
K,0.05187
F,0.09845
L,0.05824
V,0.4619
G,1.039
P,0.7724
D,1.135
G,0.05372
V,1.854
P,0.3807
V,0.8913
R,1.278
R,0.05791
Y,0.6606
S,0.4834
R,0.5901
R,1.364
F,0.7068
L,1.484
T,0.2414
I,1.238
D,1.749
I,0.7432
E,1.657
P,2.351
D,0.3625
I,0.2572
E,1.111
T,2.054
L,0.6131
L,0.3274
S,1.813
Q,3.257
