"pdb_aa","rate"
E,0.828
P,0.7914
L,0.2523
Q,0.9898
N,0.8363
E,1.023
I,1.307
G,2.042
E,2.559
E,1.628
V,2.576
F,1.087
V,2.548
S,0.5698
P,0.177
I,1.35
T,1.198
G,0.01533
E,1.863
I,1.267
H,1.05
P,1.975
I,0.5245
T,0.9065
D,1.171
V,0.05523
P,0.251
D,0.02133
Q,0.485
V,0.1994
F,0.01545
S,0.3876
G,0.7928
K,0.2265
M,0.1844
M,0.2305
G,0.01531
D,0.3351
G,0.01531
F,1.24
A,0.05171
I,0.4217
L,1.803
P,0.06421
S,1.573
E,1.27
G,0.372
I,1.943
V,0.5621
V,0.6085
S,0.4387
P,0.01448
V,0.656
R,1.239
G,0.1891
K,0.7965
I,0.6825
L,0.9437
N,0.4953
V,0.8745
F,0.1526
P,0.4312
T,0.0527
K,0.3376
H,0.01271
A,0.01688
I,0.6586
G,0.2201
L,0.6053
Q,0.9752
S,0.5182
D,2.474
G,1.154
G,0.1659
R,1.279
E,0.0603
I,0.8195
L,0.09805
I,0.3146
H,0.01271
F,0.4454
G,0.01531
I,0.4057
D,0.3079
T,0.01246
V,0.01695
S,1.096
L,0.3267
K,1.152
G,0.01531
E,0.5984
G,0.0933
F,0.02365
T,1.183
S,1.081
F,1.33
V,0.261
S,1.763
E,1.064
G,0.1665
D,0.6227
R,1.42
V,0.1484
E,1.185
P,1.486
G,0.05752
Q,0.5358
K,1.867
L,0.2783
L,0.813
E,1.092
V,0.645
D,0.2849
L,1.415
D,1.75
A,2.296
V,0.5122
K,1.398
P,1.451
N,0.7097
V,0.1467
P,0.8514
S,0.2326
L,0.8939
M,0.7724
T,0.21
P,0.1793
I,0.9736
V,0.4723
F,0.4167
T,0.1142
N,0.07555
L,1.12
A,1.042
E,2.526
G,1.416
E,1.861
T,1.912
V,1.797
S,2.223
I,2.399
K,2.772
A,2.557
S,2.589
G,2.573
S,3.197
V,0.7569
N,2.555
R,1.009
E,0.6938
Q,1.663
E,0.8574
D,2.569
I,1.078
V,1.479
K,1.97
I,1.037
E,1.889
