"pdb_aa","rate"
E,-0.1128
P,-0.1603
L,-0.8599
Q,0.09727
N,-0.102
E,0.1407
I,0.5093
G,1.463
E,2.134
E,0.9255
V,2.156
F,0.2238
V,2.12
S,-0.4479
P,-0.9576
I,0.5653
T,0.3674
G,-1.168
E,1.23
I,0.4573
H,0.1748
P,1.376
I,-0.5067
T,-0.01094
D,0.3323
V,-1.116
P,-0.8617
D,-1.16
Q,-0.558
V,-0.9286
F,-1.167
S,-0.6844
G,-0.1585
K,-0.8935
M,-0.9481
M,-0.8882
G,-1.168
D,-0.7525
G,-1.168
F,0.4217
A,-1.12
I,-0.6401
L,1.152
P,-1.104
S,0.854
E,0.4611
G,-0.7045
I,1.335
V,-0.4579
V,-0.3977
S,-0.618
P,-1.169
V,-0.336
R,0.4209
G,-0.942
K,-0.1536
I,-0.3016
L,0.03732
N,-0.5446
V,-0.05248
F,-0.9893
P,-0.6277
T,-1.119
K,-0.7492
H,-1.171
A,-1.166
I,-0.3326
G,-0.9017
L,-0.4018
Q,0.0783
S,-0.5149
D,2.023
G,0.311
G,-0.9721
R,0.4724
E,-1.109
I,-0.1238
L,-1.06
I,-0.779
H,-1.171
F,-0.6093
G,-1.168
I,-0.6608
D,-0.7878
T,-1.171
V,-1.165
S,0.2344
L,-0.7635
K,0.3081
G,-1.168
E,-0.4107
G,-1.066
F,-1.157
T,0.3483
S,0.2151
F,0.5393
V,-0.8486
S,1.101
E,0.1936
G,-0.9713
D,-0.3792
R,0.6552
V,-0.9948
E,0.3499
P,0.7406
G,-1.113
Q,-0.492
K,1.236
L,-0.8262
L,-0.1322
E,0.2295
V,-0.3503
D,-0.8176
L,0.6489
D,1.083
A,1.793
V,-0.5226
K,0.6273
P,0.6957
N,-0.2663
V,-0.9969
P,-0.08243
S,-0.8855
L,-0.02728
M,-0.185
T,-0.9148
P,-0.9548
I,0.07615
V,-0.5745
F,-0.6466
T,-1.039
N,-1.089
L,0.2658
A,0.1653
E,2.09
G,0.6508
E,1.228
T,1.294
V,1.145
S,1.697
I,1.926
K,2.41
A,2.132
S,2.173
G,2.152
S,2.962
V,-0.2051
N,2.128
R,0.1216
E,-0.2869
Q,0.9715
E,-0.07461
D,2.147
I,0.2119
V,0.7322
K,1.369
I,0.1587
E,1.264
