"pdb_aa","rate"
M,1.435
Q,1.276
N,2.335
I,0.9807
T,2.349
Q,1.824
S,1.041
W,2.374
F,1.032
V,0.8188
Q,2.372
G,0.9909
M,0.6507
I,1.269
K,0.8959
A,0.8045
T,0.2895
T,1.888
D,0.5127
A,0.2958
W,0.7575
L,1.916
K,0.6858
G,0.2017
W,0.06654
D,0.156
E,0.03217
R,0.2607
N,0.05665
G,0.1131
G,0.03336
N,0.03203
L,0.4297
T,0.2034
L,0.8704
R,0.3364
L,0.7339
D,1.217
D,2.366
A,1.603
D,0.7807
I,1.023
A,3.453
P,3.769
Y,1.606
H,2.349
D,2.378
N,1.715
F,1.896
H,2.618
Q,3.773
Q,2.269
P,2.192
R,1.139
Y,2.296
I,1.744
P,2.347
L,0.5869
S,1.783
Q,1.099
P,1.178
M,0.4674
P,1.812
L,2.379
L,0.3839
A,0.604
N,0.6812
T,1.285
P,0.917
F,0.4322
I,0.8035
V,0.2193
T,0.1269
G,0.2411
S,0.1869
G,0.2339
K,0.39
F,0.6164
F,0.3665
R,0.1467
N,0.261
V,0.5894
Q,1.752
L,2.092
D,1.821
P,0.3994
A,1.611
A,1.846
N,0.6077
L,1.213
G,0.5612
I,0.6102
V,0.5546
K,0.7781
V,0.7887
D,1.007
S,2.393
D,1.503
G,0.1236
A,1.899
G,1.378
Y,0.723
H,1.415
I,0.6944
L,0.9169
W,0.306
G,0.03415
L,1.011
T,1.59
N,1.223
E,1.099
A,0.9427
V,1.989
P,0.09542
T,0.03216
S,0.03237
E,0.04192
L,0.4769
P,0.5765
A,0.6281
H,0.03216
F,0.4066
L,0.4565
S,0.4405
H,0.1397
C,0.8666
E,1.011
R,0.261
I,0.7983
K,2.395
A,2.321
T,0.6672
N,1.143
G,1.126
K,2.872
D,0.614
R,0.2808
V,0.3242
I,0.432
M,0.4504
H,0.03216
C,0.4054
H,0.03217
A,0.3839
T,0.4462
N,0.3298
L,0.9987
I,0.3922
A,0.2504
L,0.2907
T,0.2607
Y,0.4736
V,0.718
L,0.8209
E,1.5
N,0.4864
D,1.51
T,1.09
A,1.351
V,1.824
F,1.117
T,0.2361
R,0.6945
Q,0.6744
L,0.1341
W,0.2416
E,0.4732
G,0.2895
S,0.3967
T,0.1235
E,0.03517
C,0.2557
L,0.6271
V,0.2961
V,0.1696
F,0.1929
P,0.11
D,0.9675
G,0.03626
V,0.7393
G,0.3418
I,0.6037
L,0.5336
P,0.3173
W,0.1445
M,0.5588
V,0.3799
P,0.2545
G,0.08351
T,0.244
D,1.38
E,1.488
I,0.1326
G,0.1434
Q,2.382
A,0.6985
T,0.08625
A,0.4891
Q,2.345
E,0.8629
M,0.1714
Q,1.923
K,2.351
H,1.115
S,0.4364
L,0.6787
V,0.196
L,0.8769
W,0.06443
P,0.3252
F,0.5935
H,0.032
G,0.03337
V,0.5426
F,0.3042
G,0.6579
S,0.801
G,0.1697
P,1.9
T,0.6294
L,0.6486
D,0.284
E,0.8571
T,0.5193
F,0.2314
G,0.03507
L,0.2378
I,0.2978
D,0.1065
T,0.1683
A,0.4496
E,0.207
K,0.03292
S,0.2447
A,0.07614
Q,1.242
V,0.4247
L,0.6196
V,0.5471
K,1.147
V,0.603
Y,1.756
S,0.8009
M,0.6277
G,0.8873
G,0.9662
M,1.912
K,1.46
Q,0.5667
T,0.8067
I,0.253
S,1.02
R,1.227
E,1.971
E,1.212
L,0.4662
I,1.955
A,1.449
L,0.4819
G,0.4393
K,2.568
R,1.22
F,0.2181
G,2.511
V,0.3867
T,1.79
P,0.6979
L,1.212
A,1.904
S,1.805
A,1.046
L,0.5039
A,3.726
L,3.646
