"pdb_aa","rate"
P,4.504
S,2.739
L,2.462
S,1.572
K,4.672
E,2.174
A,1.235
A,2.701
L,2.697
V,1.075
H,1.222
E,2
A,1.237
L,0.3143
V,2.7
A,2.688
R,1.922
G,0.8532
L,2.023
E,1.595
T,0.3604
P,0.04808
L,1.198
R,2.684
P,1.511
P,1.552
V,0.6851
H,0.6606
E,3.06
M,2.052
D,1.194
N,1.503
E,2.7
T,1.217
R,0.4105
K,0.8013
S,2.7
L,2.699
I,0.08907
A,1.721
G,4.697
H,0.8521
M,0.4393
T,2.072
E,1.944
I,0.2483
M,0.5343
Q,2.701
L,0.7268
L,0.4483
N,0.4002
L,0.353
D,0.1439
L,0.3374
A,1.555
D,0.1102
D,0.08451
S,0.02434
L,0.1863
M,1.902
E,0.7125
T,0.04377
P,0.02716
H,2.127
R,0.009241
I,0.2559
A,0.07926
K,0.2325
M,0.1192
Y,0.7161
V,0.3905
D,0.9831
E,0.1185
I,0.6223
F,0.2093
S,0.6627
G,0.1313
L,0.09521
D,0.7564
Y,0.2544
A,2.702
N,0.6957
F,0.5386
P,0.02982
K,1.889
I,1.021
T,0.369
L,0.9681
I,0.1362
E,1.566
N,0.03989
K,0.4463
M,0.2798
K,2.005
V,0.5429
D,0.9523
E,0.4351
M,0.1581
V,0.3755
T,0.6131
V,0.1559
R,0.5775
D,0.5588
I,0.05693
T,0.8877
L,1.074
T,0.5531
S,0.03305
T,0.447
C,0.01508
E,0.009845
H,0.008584
H,0.008584
F,0.1892
V,0.2736
T,0.2353
I,0.1285
D,0.574
G,0.01341
K,1.505
A,0.1571
T,0.2774
V,0.3189
A,0.2864
Y,0.01421
I,0.4326
P,0.1458
K,1.026
D,1.254
S,1.146
V,0.158
I,0.2763
G,0.01341
L,0.01307
S,0.007364
K,0.01021
I,0.2737
N,0.03911
R,0.01861
I,0.3673
V,0.03806
Q,0.8038
F,0.3593
F,0.836
A,0.618
Q,0.5486
R,0.009241
P,0.0463
Q,0.009119
V,0.08211
Q,0.009119
E,0.009845
R,0.009241
L,0.3088
T,0.1554
Q,1.032
Q,0.009119
I,0.3988
L,0.494
I,1.431
A,0.3989
L,0.5818
Q,0.5333
T,2.618
L,0.9417
L,0.1855
G,2.192
T,0.1195
N,1.973
N,0.4226
V,0.1552
A,0.04795
V,0.2073
S,0.8362
I,0.5874
D,0.8122
A,0.06966
V,0.9443
H,0.008584
Y,0.311
C,0.03514
V,0.05898
K,0.373
A,0.4402
R,0.01858
G,0.01341
I,0.4249
R,1.057
D,0.08881
A,1.298
T,1.189
S,0.1064
A,1.02
T,0.02565
T,0.8362
T,0.02535
T,0.7123
S,0.6685
L,0.5863
G,0.8043
G,0.01341
L,2.688
F,0.03113
K,1.08
S,2.22
S,1.613
Q,2.693
N,2.012
T,0.8662
R,0.3984
H,1.694
E,0.08022
F,0.2229
L,0.7625
R,1.754
A,1.751
V,1.048
R,1.834
H,1.96
H,2.695
N,1.404
