"pdb_aa","rate"
P,3.951
S,2.04
L,1.741
S,0.7775
K,4.134
E,1.429
A,0.413
A,2
L,1.995
V,0.2404
H,0.3992
E,1.241
A,0.4157
L,-0.5835
V,1.999
A,1.986
R,1.157
G,-0.0002144
L,1.266
E,0.8029
T,-0.5336
P,-0.8716
L,0.3733
R,1.981
P,0.7113
P,0.7564
V,-0.1822
H,-0.2087
E,2.388
M,1.298
D,0.369
N,0.7028
E,1.999
T,0.3941
R,-0.4794
K,-0.05636
S,1.999
L,1.998
I,-0.8273
A,0.9396
G,4.16
H,-0.001385
M,-0.4482
T,1.319
E,1.18
I,-0.6549
M,-0.3453
Q,2
L,-0.137
L,-0.4384
N,-0.4905
L,-0.5416
D,-0.7679
L,-0.5585
A,0.7589
D,-0.8043
D,-0.8322
S,-0.8973
L,-0.722
M,1.135
E,-0.1525
T,-0.8763
P,-0.8943
H,1.379
R,-0.9137
I,-0.6467
A,-0.8379
K,-0.672
M,-0.7946
Y,-0.1486
V,-0.5011
D,0.1404
E,-0.7955
I,-0.2501
F,-0.6971
S,-0.2065
G,-0.7816
L,-0.8206
D,-0.105
Y,-0.6483
A,2.001
N,-0.1707
F,-0.3407
P,-0.8914
K,1.121
I,0.1815
T,-0.5242
L,0.1241
I,-0.7763
E,0.7711
N,-0.8805
K,-0.4407
M,-0.6208
K,1.247
V,-0.336
D,0.1071
E,-0.4528
M,-0.7526
V,-0.5172
T,-0.2601
V,-0.755
R,-0.2986
D,-0.3189
I,-0.8621
T,0.03715
L,0.2389
T,-0.325
S,-0.8879
T,-0.4399
C,-0.9073
E,-0.913
H,-0.9144
H,-0.9144
F,-0.7189
V,-0.6275
T,-0.669
I,-0.7846
D,-0.3025
G,-0.9092
K,0.7057
A,-0.7536
T,-0.6234
V,-0.5785
A,-0.6137
Y,-0.9083
I,-0.4555
P,-0.7659
K,0.1866
D,0.4339
S,0.3171
V,-0.7527
I,-0.6246
G,-0.9092
L,-0.9095
S,-0.9157
K,-0.9126
I,-0.6274
N,-0.8813
R,-0.9035
I,-0.5261
V,-0.8825
Q,-0.05368
F,-0.5348
F,-0.01881
A,-0.2548
Q,-0.3299
R,-0.9137
P,-0.8736
Q,-0.9138
V,-0.8348
Q,-0.9138
E,-0.913
R,-0.9137
L,-0.5895
T,-0.7555
Q,0.1936
Q,-0.9138
I,-0.492
L,-0.389
I,0.6253
A,-0.4919
L,-0.294
Q,-0.3464
T,1.91
L,0.09558
L,-0.7229
G,1.448
T,-0.7944
N,1.212
N,-0.4663
V,-0.7557
A,-0.8718
V,-0.6993
S,-0.01864
I,-0.2879
D,-0.04455
A,-0.8483
V,0.09839
H,-0.9144
Y,-0.5871
C,-0.8856
V,-0.8598
K,-0.5199
A,-0.4472
R,-0.9036
G,-0.9092
I,-0.4638
R,0.2208
D,-0.8275
A,0.4816
T,0.3636
S,-0.8085
A,0.1805
T,-0.8959
T,-0.01865
T,-0.8962
T,-0.1528
S,-0.2002
L,-0.2891
G,-0.0531
G,-0.9092
L,1.985
F,-0.89
K,0.2449
S,1.479
S,0.8217
Q,1.991
N,1.254
T,0.01385
R,-0.4925
H,0.9098
E,-0.8368
F,-0.6824
L,-0.09836
R,0.9752
A,0.9713
V,0.2103
R,1.061
H,1.197
H,1.993
N,0.5957
