"pdb_aa","rate"
G,0.3451
I,1.833
P,0.2994
K,0.09023
W,-0.4696
R,1.293
K,-0.756
T,-0.02145
H,0.8659
L,-0.6677
T,-0.8648
Y,0.3414
R,-0.7966
I,0.2181
V,0.3145
N,-0.8616
Y,-0.6555
T,-0.8648
P,-0.715
D,-0.7907
L,-0.6677
P,0.3393
K,1.046
D,2.087
A,1.474
V,-0.8226
D,0.03729
S,1.996
A,-0.8413
V,1.229
E,1.28
K,0.3276
A,-0.8413
L,0.3285
K,-0.756
V,-0.8226
W,-0.4696
E,0.6998
E,0.03955
V,-0.8226
T,-0.8648
P,-0.715
L,-0.6677
T,-0.002551
F,-0.6698
S,-0.1124
R,-0.7966
L,0.8827
Y,1.097
E,0.1819
G,-0.7231
E,1.732
A,-0.8872
D,-0.8397
I,-0.8836
M,-0.2731
I,-0.8836
S,2.05
F,-0.7172
A,0.6012
V,0.8488
R,-0.1503
E,0.3459
H,-0.8774
G,-0.7231
D,-0.8397
F,0.9856
Y,1.942
P,-0.7594
F,-0.7172
D,-0.8397
G,-0.7231
P,-0.7594
G,-0.04923
N,1.377
V,-0.02484
L,-0.7203
A,-0.8872
H,-0.8774
A,-0.8872
Y,0.1771
A,0.9325
P,-0.7594
G,-0.7231
P,1.549
G,0.3096
I,2.055
N,1.642
G,-0.7231
D,-0.8397
A,-0.8872
H,-0.8774
F,-0.7172
D,0.01395
D,-0.1412
D,-0.8397
E,-0.8114
Q,1.077
W,-0.513
T,-0.9064
K,0.7029
D,0.5136
T,0.709
T,1.849
G,-0.7231
T,2.391
N,-0.9006
L,-0.7203
F,-0.7172
L,-0.7203
V,-0.8745
A,-0.8872
A,-0.8872
H,-0.8774
E,-0.8114
I,1.226
G,-0.7231
H,-0.8774
S,-0.9217
L,-0.7203
G,-0.7231
L,-0.7203
F,2.384
H,-0.8774
S,-0.9217
A,2.134
N,0.7309
T,2.388
E,1.429
A,-0.8872
L,-0.7203
M,-0.887
Y,0.2221
P,-0.7594
L,2.465
Y,-0.7026
H,2.543
S,1.173
L,2.461
T,-0.27
D,0.7714
L,1.995
T,0.5263
R,0.7671
F,-0.5962
R,-0.7241
L,-0.5891
S,0.1282
Q,0.2059
D,-0.7162
D,-0.7162
I,0.4627
N,-0.6986
G,-0.6011
I,-0.7606
Q,-0.7443
S,0.3023
L,0.5168
Y,-0.583
G,-0.6011
