"pdb_aa","rate"
T,1.469
V,1.681
A,0.8289
Y,0.5736
I,0.351
A,0.2426
I,0.5624
G,0.01201
S,0.1031
N,0.01225
L,0.2299
A,1.3
S,1.483
P,0.07195
L,1.978
E,2.023
Q,0.1315
V,0.4973
N,2.095
A,2.072
A,0.04152
L,0.9592
K,4.698
A,0.4609
L,0.5871
G,2.528
D,2.702
I,1.265
P,0.8587
E,2.721
S,0.9495
H,2.704
I,1.878
L,1.854
T,1.672
V,1.573
S,0.006885
S,0.5927
F,0.9552
Y,0.02861
R,1.058
T,0.1121
P,0.8488
P,0.05429
L,0.2925
G,0.08039
P,0.2179
Q,0.6149
D,0.4887
Q,0.008312
P,0.09073
D,0.163
Y,0.5326
L,0.5632
N,0.007329
A,0.1285
A,0.1281
V,0.5436
A,1.383
L,0.822
E,2.03
T,0.09192
S,4.7
L,0.07785
A,2.473
P,0.6932
E,1.426
E,2.473
L,0.07767
L,0.0258
N,0.6019
H,1.83
T,0.1794
Q,0.04941
R,1.704
I,0.1392
E,0.008925
L,1.371
Q,1.926
Q,0.5388
G,0.1669
R,0.008415
V,0.7802
R,0.03993
K,0.9051
A,1.485
E,0.8285
R,0.1627
W,0.1994
G,0.171
P,0.3854
R,0.008415
T,0.15
L,0.09225
D,0.008314
L,0.2284
D,0.008314
I,0.3419
M,0.474
L,0.1452
F,0.6762
G,0.601
N,1.948
E,1.987
V,2.678
I,0.4233
N,1.968
T,1.114
E,1.645
R,0.3473
L,0.0117
T,0.6395
V,0.4748
P,0.0109
H,0.007867
Y,0.5289
D,0.4169
M,0.4465
K,1.239
N,0.8478
R,0.008415
G,0.4519
F,0.01216
M,0.09162
L,0.2803
W,0.8963
P,0.04116
L,0.07713
F,1.022
E,0.3053
I,0.4661
A,0.5212
P,0.4757
E,2.044
L,0.4593
V,2.697
F,0.6575
P,0.1769
D,0.7012
G,0.8117
E,1.535
M,4.658
L,0.8947
R,2.702
Q,4.691
I,1.41
L,1.043
H,2.701
T,2.703
R,0.8315
A,1.37
F,2.341
D,1.077
K,1.298
L,0.3976
N,2.698
K,2.128
W,1.171
