"pdb_aa","rate"
T,0.5185
V,0.7296
A,-0.1183
Y,-0.3724
I,-0.5939
A,-0.7017
I,-0.3835
G,-0.9311
S,-0.8405
N,-0.9309
L,-0.7143
A,0.3505
S,0.5327
P,-0.8715
L,1.025
E,1.07
Q,-0.8123
V,-0.4482
N,1.141
A,1.118
A,-0.9018
L,0.01132
K,3.731
A,-0.4844
L,-0.3589
G,1.572
D,1.745
I,0.316
P,-0.08867
E,1.764
S,0.001748
H,1.747
I,0.9252
L,0.902
T,0.7207
V,0.6218
S,-0.9362
S,-0.3533
F,0.007391
Y,-0.9146
R,0.1097
T,-0.8315
P,-0.09852
P,-0.8891
L,-0.652
G,-0.8631
P,-0.7262
Q,-0.3312
D,-0.4568
Q,-0.9348
P,-0.8528
D,-0.7809
Y,-0.4132
L,-0.3827
N,-0.9358
A,-0.8153
A,-0.8157
V,-0.4022
A,0.4333
L,-0.1252
E,1.076
T,-0.8516
S,3.734
L,-0.8656
A,1.518
P,-0.2533
E,0.4754
E,1.518
L,-0.8658
L,-0.9174
N,-0.3442
H,0.8774
T,-0.7646
Q,-0.8939
R,0.7521
I,-0.8046
E,-0.9342
L,0.4207
Q,0.9729
Q,-0.4069
G,-0.777
R,-0.9347
V,-0.1668
R,-0.9034
K,-0.04249
A,0.5344
E,-0.1187
R,-0.7812
W,-0.7447
G,-0.773
P,-0.5596
R,-0.9347
T,-0.7939
L,-0.8513
D,-0.9348
L,-0.7158
D,-0.9348
I,-0.6029
M,-0.4714
L,-0.7986
F,-0.2702
G,-0.3451
N,0.9949
E,1.034
V,1.721
I,-0.5219
N,1.015
T,0.1656
E,0.6938
R,-0.5975
L,-0.9314
T,-0.3068
V,-0.4706
P,-0.9322
H,-0.9353
Y,-0.4168
D,-0.5282
M,-0.4988
K,0.2896
N,-0.09953
R,-0.9347
G,-0.4934
F,-0.931
M,-0.8519
L,-0.6641
W,-0.0512
P,-0.9021
L,-0.8663
F,0.07404
E,-0.6393
I,-0.4793
A,-0.4245
P,-0.4698
E,1.091
L,-0.486
V,1.74
F,-0.2889
P,-0.767
D,-0.2454
G,-0.1354
E,0.5841
M,3.692
L,-0.05282
R,1.746
Q,3.724
I,0.4595
L,0.09437
H,1.744
T,1.747
R,-0.1157
A,0.4205
F,1.387
D,0.1289
K,0.3487
L,-0.5474
N,1.742
K,1.174
W,0.2221
