"pdb_aa","rate"
A,1.895
P,0.5557
S,2.203
R,0.1121
K,0.9221
F,0.2651
F,0.4733
V,0.1633
G,0.156
G,0.1544
N,0.04934
W,0.5483
K,0.07183
M,0.2028
N,0.06433
G,0.4196
R,1.066
K,1.905
Q,2.531
S,0.9166
L,0.675
G,1.938
E,2.275
L,0.4353
I,1.098
G,4.169
T,1.96
L,0.3944
N,0.6287
A,4.17
A,0.7578
K,2.716
V,1.319
P,1.178
A,2.496
D,1.553
T,0.8001
E,0.5297
V,0.3397
V,0.1692
C,0.7038
A,0.5219
P,0.3773
P,0.2773
T,1.422
A,1.381
Y,0.4964
I,0.5754
D,2.51
F,2.24
A,1.038
R,1.134
Q,2.525
K,2.526
L,1.341
D,1.819
P,2.528
K,1.969
I,1.167
A,2.178
V,0.4317
A,0.6333
A,0.3284
Q,0.03471
N,0.01924
C,0.6947
Y,0.8133
K,1.117
V,0.7809
T,1.709
N,0.7093
G,0.02242
A,0.04407
F,0.6932
T,0.01875
G,0.06088
E,0.1197
I,0.5613
S,0.07011
P,0.5379
G,1.328
M,0.2661
I,0.6899
K,1.346
D,0.1079
C,1.361
G,1.774
A,1.409
T,2.253
W,0.4115
V,0.3493
V,0.363
L,0.8884
G,0.06087
H,0.03168
S,0.03484
E,0.04038
R,0.05436
R,0.02298
H,0.9807
V,1.243
F,0.5542
G,1.566
E,0.07529
S,1.013
D,0.4075
E,1.586
L,1.164
I,0.4445
G,0.4947
Q,1.048
K,0.02577
V,0.4359
A,1.269
H,0.7222
A,0.1411
L,0.721
A,1.808
E,1.901
G,0.556
L,0.9468
G,1.563
V,0.1539
I,0.2049
A,0.6176
C,0.02447
I,0.4782
G,0.06145
E,0.0396
K,0.5685
L,0.2485
D,0.9019
E,0.403
R,0.08358
E,0.1851
A,0.9002
G,1.388
I,1.759
T,0.07617
E,1.769
K,2.033
V,0.09187
V,0.5536
F,1.528
E,1.764
Q,0.01784
T,0.7428
K,1.952
V,0.5526
I,0.7011
A,0.8526
D,2.523
N,2.173
V,1.093
K,1.74
D,0.7051
W,0.1267
S,1.38
K,1.221
V,0.5179
V,0.02789
L,0.8799
A,0.01703
Y,0.03936
E,0.03978
P,0.0323
V,0.1421
W,0.0789
A,0.01962
I,0.02728
G,0.03689
T,0.03949
G,0.06091
K,0.3225
T,0.1806
A,0.01967
T,0.4121
P,0.5283
Q,1.549
Q,0.09812
A,0.02763
Q,0.03507
E,0.5573
V,0.4315
H,0.07587
E,1.957
K,1.731
L,0.5502
R,0.03584
G,2.531
W,1.325
L,1.125
K,2.103
S,2.53
N,1.073
V,0.7147
S,0.3763
D,4.142
A,2.521
V,0.6015
A,0.4912
Q,2.49
S,2.007
T,1.014
R,0.0827
I,0.1621
I,0.5252
Y,0.03963
G,0.03641
G,0.03711
S,0.01804
V,0.07038
T,0.759
G,0.8194
A,1.58
T,0.1827
C,1.021
K,1.991
E,0.9009
L,0.3075
A,0.795
S,1.882
Q,1.162
P,2.527
D,0.09596
V,0.471
D,0.07483
G,0.0405
F,0.09728
L,0.06705
V,0.06542
G,0.04184
G,0.06962
A,0.04928
S,0.05663
L,0.1157
K,0.1845
P,0.3875
E,0.484
F,0.1759
V,0.9773
D,1.194
I,0.0895
I,0.8094
N,0.4466
A,0.7831
K,1.745
Q,2.531
