"pdb_aa","rate"
K,2.168
D,2.61
I,0.6287
D,2.298
T,2.019
L,0.1269
I,0.9202
S,2.029
N,0.6443
N,0.004823
A,1.218
L,2.849
W,0.05245
S,0.3244
K,2.014
M,2.093
L,0.9842
V,1.964
E,2.022
E,1.863
D,0.9796
P,0.1901
G,2.029
F,0.3684
F,0.009099
E,2.108
K,1.512
L,0.02488
A,0.7683
Q,2.207
A,0.3717
Q,0.049
K,1.532
P,0.02242
R,0.9069
F,0.4353
L,0.1366
W,0.01787
I,0.02176
G,0.008958
C,0.01017
S,0.2481
D,0.005755
S,0.0192
R,0.00585
V,0.004923
P,0.06866
A,0.04041
E,0.05945
R,0.619
L,0.168
T,0.6264
G,0.7611
L,0.5434
E,1.589
P,0.08044
G,0.008958
E,0.2648
L,0.3654
F,0.02568
V,0.004923
H,0.02431
R,0.00585
N,0.004785
V,0.2795
A,0.09508
N,0.004785
L,0.5088
V,0.07818
I,0.492
H,0.1797
T,0.3741
D,0.005755
L,0.4212
N,0.01263
C,0.3692
L,0.193
S,0.0911
V,0.1246
V,0.7629
Q,0.1254
Y,0.7733
A,0.03123
V,0.2082
D,0.6585
V,0.4731
L,0.04147
E,0.8315
V,0.1624
E,0.8206
H,0.06433
I,0.4162
I,0.3588
I,0.2983
C,0.4547
G,0.008958
H,0.005331
Y,0.1664
G,0.3177
C,0.01017
G,0.2595
G,0.02514
V,0.2001
Q,1.668
A,0.09643
A,0.2936
V,0.7818
E,2.345
N,1.192
P,2.847
E,0.8946
L,1.423
G,0.02523
L,0.3336
I,0.4076
N,0.1767
N,0.1159
W,0.01787
L,0.3545
L,0.4274
H,0.2754
I,0.2604
R,0.7006
D,0.1493
I,0.5083
W,1.055
F,1.578
K,1.123
H,0.4545
S,2.027
S,2.869
L,2.15
L,0.9711
G,1.984
E,2.85
M,1.993
P,2.85
Q,2.621
E,2.013
R,2.85
R,2.758
L,1.713
D,0.8657
T,0.7619
L,0.4151
C,0.5448
E,0.08928
L,0.5392
N,0.01263
V,0.1831
M,1.117
E,0.3773
Q,0.01563
V,0.2093
Y,1.996
N,0.2112
L,0.3636
G,0.6911
H,0.9957
S,0.2357
T,0.3736
I,0.6336
M,0.6373
Q,0.6908
S,0.8588
A,0.013
W,0.1239
K,2.096
R,0.5786
G,0.5438
Q,0.2188
K,2.85
V,0.6231
T,1.207
I,0.7348
H,0.04418
G,0.2493
W,0.5909
A,0.6562
Y,0.02696
G,0.7149
I,0.6059
H,2.802
D,0.3818
G,0.008965
L,1.382
L,0.7381
R,1.478
D,0.4139
L,0.2898
D,2.032
V,1.122
T,1.162
A,1.04
T,1.437
N,1.53
R,2.85
E,2.017
T,2.023
L,1.288
E,2.729
Q,2.85
R,1.988
Y,0.9481
R,2.046
H,2.848
G,0.9328
I,1.898
S,2.551
N,2.847
L,1.66
K,2.863
L,5.218
K,2.917
