"pdb_aa","rate"
K,1.36
D,1.831
I,-0.2809
D,1.498
T,1.201
L,-0.8158
I,0.02984
S,1.212
N,-0.2643
N,-0.9459
A,0.3472
L,2.086
W,-0.8952
S,-0.6053
K,1.196
M,1.28
L,0.09816
V,1.142
E,1.204
E,1.035
D,0.09316
P,-0.7484
G,1.212
F,-0.5584
F,-0.9414
E,1.296
K,0.6604
L,-0.9246
A,-0.1321
Q,1.402
A,-0.5548
Q,-0.8989
K,0.682
P,-0.9272
R,0.01566
F,-0.487
L,-0.8054
W,-0.932
I,-0.9279
G,-0.9415
C,-0.9402
S,-0.6866
D,-0.945
S,-0.9306
R,-0.9449
V,-0.9458
P,-0.8779
A,-0.908
E,-0.8877
R,-0.2912
L,-0.772
T,-0.2834
G,-0.1397
L,-0.3718
E,0.7432
P,-0.8653
G,-0.9415
E,-0.6688
L,-0.5616
F,-0.9237
V,-0.9458
H,-0.9252
R,-0.9449
N,-0.946
V,-0.6532
A,-0.8497
N,-0.946
L,-0.4087
V,-0.8677
I,-0.4266
H,-0.7595
T,-0.5523
D,-0.945
L,-0.502
N,-0.9376
C,-0.5576
L,-0.7453
S,-0.854
V,-0.8182
V,-0.1378
Q,-0.8174
Y,-0.1267
A,-0.9178
V,-0.7292
D,-0.2491
V,-0.4468
L,-0.9069
E,-0.06468
V,-0.7779
E,-0.07627
H,-0.8825
I,-0.5074
I,-0.5686
I,-0.6331
C,-0.4664
G,-0.9415
H,-0.9454
Y,-0.7737
G,-0.6124
C,-0.9402
G,-0.6745
G,-0.9243
V,-0.7378
Q,0.8272
A,-0.8483
A,-0.6381
V,-0.1176
E,1.549
N,0.3196
P,2.084
E,0.002609
L,0.5658
G,-0.9242
L,-0.5955
I,-0.5166
N,-0.7627
N,-0.8275
W,-0.932
L,-0.5732
L,-0.4955
H,-0.6575
I,-0.6735
R,-0.2042
D,-0.7919
I,-0.4092
W,0.1734
F,0.7314
K,0.2456
H,-0.4666
S,1.209
S,2.108
L,1.34
L,0.08416
G,1.164
E,2.087
M,1.173
P,2.087
Q,1.843
E,1.195
R,2.087
R,1.989
L,0.8748
D,-0.02821
T,-0.1389
L,-0.5086
C,-0.3703
E,-0.8559
L,-0.3763
N,-0.9376
V,-0.7559
M,0.2399
E,-0.5489
Q,-0.9344
V,-0.728
Y,1.177
N,-0.726
L,-0.5635
G,-0.2143
H,0.1104
S,-0.6998
T,-0.5529
I,-0.2756
M,-0.2717
Q,-0.2147
S,-0.0356
A,-0.9372
W,-0.819
K,1.283
R,-0.3343
G,-0.3714
Q,-0.7179
K,2.087
V,-0.2868
T,0.3352
I,-0.1678
H,-0.904
G,-0.6853
W,-0.3212
A,-0.2516
Y,-0.9224
G,-0.1889
I,-0.3052
H,2.036
D,-0.5441
G,-0.9415
L,0.5225
L,-0.1642
R,0.6249
D,-0.5099
L,-0.6422
D,1.215
V,0.2446
T,0.2873
A,0.158
T,0.5806
N,0.6797
R,2.087
E,1.199
T,1.206
L,0.4215
E,1.958
Q,2.087
R,1.169
Y,0.05961
R,1.23
H,2.085
G,0.04335
I,1.072
S,1.768
N,2.084
L,0.8185
K,2.101
L,4.612
K,2.158
