"pdb_aa","rate"
M,-0.8819
F,-0.8231
T,-0.8473
G,-0.8818
I,-0.8444
V,-0.7112
Q,-0.6717
G,-0.3583
T,0.2711
A,-0.5558
K,0.8223
L,-0.08022
V,0.6244
S,0.5951
I,-0.2094
D,1.792
E,0.577
K,0.4569
P,1.839
N,0.2144
F,-0.06392
R,-0.1009
T,-0.2835
H,-0.3347
V,0.3602
V,0.07035
E,1.225
L,-0.09868
P,0.4581
D,2.062
H,2.059
M,0.05165
L,0.6617
D,1.299
G,0.2031
L,-0.4032
E,0.6193
T,0.09804
G,-0.8819
A,-0.7839
S,-0.884
V,-0.6817
A,-0.6923
H,-0.5125
N,-0.8181
G,-0.8819
C,-0.6531
C,-0.8808
L,-0.7857
T,-0.8583
V,-0.7198
T,-0.6187
E,1.575
I,-0.06873
N,1.306
G,0.6935
N,0.7064
H,1.645
V,-0.4903
S,0.04958
F,-0.8187
D,-0.8589
L,-0.6197
M,-0.6148
K,-0.07128
E,-0.6845
T,-0.8314
L,-0.7705
R,0.4167
I,-0.06238
T,-0.8585
N,-0.7866
L,-0.7559
G,-0.3205
D,2.06
L,-0.02614
K,2.151
V,1.438
G,-0.647
D,-0.1054
W,4.186
V,-0.7467
N,-0.8829
V,-0.1739
E,-0.8843
R,-0.8508
A,-0.7959
A,-0.6095
K,-0.1047
F,-0.1727
S,-0.4951
D,-0.4839
E,-0.8058
I,-0.6486
G,-0.8411
G,-0.8819
H,-0.885
L,-0.1432
M,-0.6534
S,-0.8444
G,-0.8819
H,-0.885
I,-0.6075
M,-0.08903
T,0.4082
T,-0.1
A,-0.5647
E,1.29
V,-0.1853
A,1.858
K,1.224
I,-0.08708
L,0.8384
T,1.301
S,0.08125
E,0.2947
N,-0.2348
N,-0.742
R,0.4379
Q,-0.08433
I,0.05146
W,0.3523
F,-0.2277
K,1.183
V,0.4378
Q,0.3663
D,1.848
S,1.829
Q,2.061
L,0.7563
M,0.4193
K,-0.1916
Y,-0.6732
I,-0.3575
L,-0.4544
Y,0.3634
K,-0.835
G,-0.8712
F,-0.4687
I,-0.5287
G,-0.4349
I,-0.3681
D,-0.7245
G,-0.8819
I,-0.4365
S,-0.8855
L,-0.8822
T,-0.8854
V,-0.5112
G,-0.5157
E,0.4307
V,-0.5606
T,1.297
P,1.366
T,0.5872
R,0.5292
F,-0.7366
C,0.02013
V,-0.7028
H,-0.4851
L,-0.625
I,-0.8828
P,-0.8828
E,-0.8264
T,-0.8854
L,-0.4515
E,0.5641
R,-0.2488
T,-0.8854
T,-0.4946
L,-0.5249
G,0.2145
K,3.923
K,-0.1358
K,1.202
L,0.5735
G,-0.6349
A,0.09345
R,1.99
V,-0.3844
N,-0.8828
I,-0.5982
E,-0.8843
I,-0.3572
D,-0.8511
P,-0.4392
Q,-0.57
T,-0.8608
Q,-0.6387
A,-0.5237
V,-0.4354
V,-0.741
D,-0.5357
T,-0.8008
V,-0.6425
E,-0.4924
R,-0.5298
V,-0.1137
L,-0.03866
A,0.1887
A,1.204
R,0.523
E,3.923
N,2.054
A,2.061
M,4.247
