"pdb_aa","rate"
M,0.009562
F,0.06332
T,0.04119
G,0.009672
I,0.04387
V,0.1657
Q,0.2018
G,0.4885
T,1.064
A,0.3078
K,1.568
L,0.7428
V,1.387
S,1.36
I,0.6246
D,2.455
E,1.344
K,1.234
P,2.498
N,1.012
F,0.7577
R,0.7239
T,0.5568
H,0.51
V,1.146
V,0.8805
E,1.937
L,0.7259
P,1.235
D,2.702
H,2.699
M,0.8634
L,1.421
D,2.004
G,1.002
L,0.4474
E,1.383
T,0.9058
G,0.009525
A,0.09921
S,0.007661
V,0.1926
A,0.183
H,0.3474
N,0.06789
G,0.009525
C,0.2188
C,0.01058
L,0.09751
T,0.03116
V,0.1578
T,0.2503
E,2.256
I,0.7533
N,2.01
G,1.45
N,1.462
H,2.321
V,0.3677
S,0.8615
F,0.06732
D,0.03061
L,0.2494
M,0.2539
K,0.751
E,0.1901
T,0.05575
L,0.1115
R,1.197
I,0.7591
T,0.03092
N,0.09673
L,0.1248
G,0.5231
D,2.7
L,0.7922
K,2.783
V,2.131
G,0.2244
D,0.7197
W,4.644
V,0.1332
N,0.008678
V,0.6571
E,0.007402
R,0.038
A,0.08821
A,0.2587
K,0.7204
F,0.6582
S,0.3633
D,0.3735
E,0.07912
I,0.223
G,0.04686
G,0.009525
H,0.006745
L,0.6852
M,0.2186
S,0.04385
G,0.009525
H,0.006745
I,0.2606
M,0.7347
T,1.19
T,0.7247
A,0.2996
E,1.996
V,0.6467
A,2.516
K,1.935
I,0.7365
L,1.583
T,2.006
S,0.8905
E,1.086
N,0.6014
N,0.1375
R,1.217
Q,0.739
I,0.8632
W,1.138
F,0.6079
K,1.898
V,1.217
Q,1.151
D,2.506
S,2.489
Q,2.701
L,1.508
M,1.2
K,0.6409
Y,0.2004
I,0.4892
L,0.4006
Y,1.149
K,0.05243
G,0.01938
F,0.3875
I,0.3326
G,0.4184
I,0.4794
D,0.1535
G,0.009525
I,0.417
S,0.006217
L,0.009311
T,0.006357
V,0.3486
G,0.3445
E,1.21
V,0.3034
T,2.002
P,2.066
T,1.353
R,1.3
F,0.1424
C,0.8346
V,0.1734
H,0.3725
L,0.2445
I,0.008752
P,0.008744
E,0.0603
T,0.006357
L,0.4032
E,1.332
R,0.5886
T,0.006357
T,0.3638
L,0.3361
G,1.012
K,4.404
K,0.692
K,1.915
L,1.341
G,0.2355
A,0.9016
R,2.637
V,0.4646
N,0.008687
I,0.269
E,0.007402
I,0.4895
D,0.03773
P,0.4145
Q,0.2948
T,0.02884
Q,0.232
A,0.3371
V,0.4179
V,0.1384
D,0.3262
T,0.08373
V,0.2285
E,0.3658
R,0.3316
V,0.7121
L,0.7808
A,0.9887
A,1.917
R,1.294
E,4.405
N,2.694
A,2.701
M,4.7
