"pdb_aa","rate"
E,-0.8233
H,0.905
V,-0.9433
I,-0.8322
L,-0.899
L,-0.5325
N,-0.3608
A,0.5189
Q,0.7925
G,-0.6219
V,1.729
P,0.1132
T,0.1074
G,-1.018
T,-0.3619
L,-0.5739
E,0.1504
K,-1
Y,-0.01367
A,0.1653
A,-0.9016
H,-1.021
T,-0.3349
A,0.9055
D,0.5676
T,-0.8281
R,-0.7901
L,-0.896
H,-1.021
L,-0.7716
A,-0.9978
F,-1.017
S,-1.022
S,-0.4904
W,-0.707
L,-0.3553
F,0.1494
N,-0.5419
A,3.322
K,1.438
G,-0.3805
Q,-0.05447
L,-0.05049
L,-0.9382
V,-0.0146
T,-0.9211
R,-0.8957
R,-1.021
A,-0.9022
L,0.1164
S,0.9765
K,-1.02
K,0.2806
A,-0.8755
W,-0.7502
P,-0.8394
G,-0.6744
V,-0.8423
W,-0.888
T,-0.9497
N,-1.018
S,-0.8177
V,-0.5932
C,-1.016
G,-1.01
H,-1.021
P,-0.9282
Q,-0.2074
L,-0.2924
G,-0.2056
E,-1.02
S,0.9347
N,1
E,1.746
D,0.5574
A,-0.9672
V,-0.5223
I,1.139
R,-1.015
R,-0.933
C,-0.4857
R,1.735
Y,0.2409
E,-1.02
L,-0.8639
G,-0.8971
V,0.2786
E,1.784
I,0.2119
T,1.797
P,1.658
P,0.1572
E,1.051
S,0.718
I,-0.09718
Y,-0.2782
P,-0.8708
D,0.09568
F,-0.8484
R,-0.4862
Y,-1.017
R,-0.7
A,-0.9426
T,-0.1856
D,-0.7562
P,-0.3332
S,-0.5243
G,-0.9886
I,-0.41
V,-0.8387
E,-1.02
N,-0.6152
E,-1.02
V,0.2729
C,-1.005
P,-0.9594
V,-0.9359
F,0.1868
A,0.07213
A,-0.7536
R,1.531
T,0.573
T,0.9325
S,1.685
A,1.794
L,0.03166
Q,3.873
I,-0.4301
N,-0.2507
D,0.1836
D,0.9318
E,-1.02
V,-0.8349
D,0.0525
Y,1.769
Q,0.5113
W,-0.7105
C,-0.1299
D,1.78
L,0.08967
A,1.629
D,1.064
V,-0.0579
L,0.7831
H,1.788
G,-0.1026
I,-0.1253
D,1.787
A,0.9379
T,0.1848
P,-0.4601
W,1.546
A,0.4972
F,-0.3643
S,-1.012
P,-0.5799
W,-1.008
Q,-0.8412
A,-0.01066
T,0.8273
N,0.8933
R,2.174
E,2.741
A,0.05014
R,0.5988
K,1.079
R,0.9425
L,-0.5627
S,1.015
A,1.859
F,0.5976
T,1.051
Q,1.113
L,1.845
