"pdb_aa","rate"
E,0.1967
H,1.854
V,0.08152
I,0.1881
L,0.1241
L,0.4755
N,0.6402
A,1.484
Q,1.746
G,0.3897
V,2.644
P,1.095
T,1.089
G,0.01035
T,0.6391
L,0.4358
E,1.13
K,0.02699
Y,0.973
A,1.145
A,0.1216
H,0.007082
T,0.665
A,1.854
D,1.53
T,0.192
R,0.2284
L,0.1269
H,0.007082
L,0.2462
A,0.02929
F,0.01046
S,0.006403
S,0.5159
W,0.3081
L,0.6454
F,1.129
N,0.4665
A,4.172
K,2.365
G,0.6212
Q,0.9339
L,0.9377
L,0.08646
V,0.9721
T,0.1029
R,0.1272
R,0.007487
A,0.121
L,1.098
S,1.922
K,0.008117
K,1.255
A,0.1466
W,0.2667
P,0.1812
G,0.3395
V,0.1784
W,0.1346
T,0.07542
N,0.009823
S,0.202
V,0.4173
C,0.01151
G,0.01753
H,0.007082
P,0.09603
Q,0.7872
L,0.7057
G,0.7889
E,0.007875
S,1.882
N,1.945
E,2.66
D,1.521
A,0.05861
V,0.4853
I,2.078
R,0.01284
R,0.09144
C,0.5204
R,2.65
Y,1.217
E,0.007875
L,0.1577
G,0.1259
V,1.253
E,2.697
I,1.189
T,2.709
P,2.576
P,1.137
E,1.994
S,1.675
I,0.8929
Y,0.7194
P,0.1511
D,1.078
F,0.1726
R,0.5198
Y,0.01089
R,0.3149
A,0.08228
T,0.8081
D,0.261
P,0.6666
S,0.4833
G,0.03813
I,0.5929
V,0.1819
E,0.007875
N,0.3962
E,0.007875
V,1.248
C,0.02243
P,0.06614
V,0.08864
F,1.165
A,1.055
A,0.2635
R,2.454
T,1.536
T,1.88
S,2.601
A,2.706
L,1.016
Q,4.7
I,0.5737
N,0.7457
D,1.162
D,1.88
E,0.007875
V,0.1855
D,1.036
Y,2.682
Q,1.476
W,0.3048
C,0.8615
D,2.693
L,1.072
A,2.548
D,2.006
V,0.9306
L,1.737
H,2.701
G,0.8877
I,0.866
D,2.7
A,1.885
T,1.163
P,0.5449
W,2.468
A,1.463
F,0.6368
S,0.01587
P,0.4301
W,0.01933
Q,0.1795
A,0.9759
T,1.779
N,1.843
R,3.071
E,3.614
A,1.034
R,1.56
K,2.021
R,1.89
L,0.4466
S,1.959
A,2.769
F,1.559
T,1.993
Q,2.053
L,2.756
