"pdb_aa","rate"
M,0.1774
D,1.351
I,0.7991
I,1.369
S,3.101
V,1.779
A,0.8043
L,2.088
K,3.068
R,0.08922
H,0.5117
S,0.279
T,0.5076
K,0.08924
A,1.026
F,0.4238
D,0.2829
A,2.172
S,1.785
K,0.7225
K,1.295
L,0.6527
T,0.8053
P,2.121
E,2.777
Q,1.702
A,1.414
E,2.481
Q,1.729
I,0.7988
K,1.028
T,1.387
L,0.688
L,0.7588
Q,0.4869
Y,1.096
S,0.4081
P,0.2939
S,0.0895
S,0.08913
T,0.4234
N,0.08914
S,0.4139
Q,0.0892
P,0.1148
W,0.4471
H,0.3394
F,0.329
I,0.9155
V,0.721
A,0.5451
S,1.446
T,0.9289
E,2.112
E,1.934
G,0.9329
K,0.3214
A,1.509
R,0.8261
V,0.878
A,0.7256
K,1.934
S,0.9565
A,1.314
A,1.688
G,1.36
N,3.101
Y,1.405
V,1.586
F,1.014
N,0.09018
E,1.332
R,2.099
K,0.1474
M,1.03
L,2.108
D,1.442
A,0.3347
S,0.09004
H,0.3772
V,0.6377
V,0.6135
V,0.3971
F,0.7771
C,0.7261
A,1.062
K,0.7551
T,1.139
A,2.98
M,1.619
D,1.294
D,1.482
V,3.059
W,0.998
L,0.8626
K,3.09
L,2.816
V,1.452
V,0.9178
D,2.105
Q,1.101
E,0.4683
D,1.634
A,3.099
D,0.6584
G,0.5512
R,0.2315
F,0.9712
A,1.515
T,2.095
P,2.106
E,1.466
A,1.441
K,0.9782
A,1.862
A,2.412
N,1.041
D,2.086
K,2.185
G,1.496
R,0.4555
K,1.965
F,2.077
F,0.4631
A,0.8693
D,1.569
M,1.702
H,0.4025
R,0.9479
K,2.016
D,2.073
L,3.079
H,1.374
D,0.9386
D,1.554
A,1.987
E,1.634
W,0.1086
M,0.859
A,0.9293
K,0.7402
Q,0.08916
V,0.5313
Y,0.1041
L,0.5399
N,0.255
V,0.6524
G,0.1289
N,0.8107
F,1.189
L,0.3406
L,0.6317
G,0.6839
V,0.4022
A,0.4946
A,1.318
L,0.8374
G,1.303
L,0.5621
D,0.1894
A,0.2433
V,0.2411
P,0.3528
I,0.4408
E,0.08934
G,0.08957
F,0.7689
D,0.5859
A,2.095
A,3.101
I,1.894
L,0.8959
D,0.7096
A,2.09
E,0.9257
F,0.266
G,1.765
L,0.9207
K,1.538
E,1.066
K,1.389
G,0.4788
Y,1.416
T,1.605
S,0.6477
L,1.325
V,0.5446
V,1.069
V,0.4713
P,0.855
V,0.9104
G,0.08957
H,0.4459
H,0.5743
S,1.175
V,3.097
E,2.095
D,0.0892
F,0.9186
N,0.1129
A,0.5272
T,3.085
L,0.7988
P,0.5054
K,0.08975
S,0.2048
R,0.08914
L,0.6571
P,2.046
Q,3.101
N,1.997
I,3.063
T,0.9645
L,1.42
T,0.8876
E,2.117
V,1.463
