"pdb_aa","rate"
M,-1.17
D,0.2847
I,-0.3996
I,0.3073
S,2.453
V,0.8143
A,-0.3932
L,1.198
K,2.413
R,-1.279
H,-0.7558
S,-1.044
T,-0.7609
K,-1.279
A,-0.1185
F,-0.8648
D,-1.039
A,1.302
S,0.8219
K,-0.4945
K,0.215
L,-0.5811
T,-0.3919
P,1.238
E,2.052
Q,0.7197
A,0.363
E,1.684
Q,0.7529
I,-0.3999
K,-0.1155
T,0.3291
L,-0.5373
L,-0.4495
Q,-0.7866
Y,-0.03204
S,-0.8842
P,-1.026
S,-1.279
S,-1.28
T,-0.8652
N,-1.28
S,-0.877
Q,-1.279
P,-1.248
W,-0.8358
H,-0.9693
F,-0.9823
I,-0.2553
V,-0.4964
A,-0.7144
S,0.4018
T,-0.2388
E,1.228
E,1.007
G,-0.2337
K,-0.9917
A,0.4807
R,-0.3661
V,-0.3018
A,-0.4907
K,1.007
S,-0.2045
A,0.2388
A,0.702
G,0.2959
N,2.454
Y,0.3518
V,0.5751
F,-0.1335
N,-1.278
E,0.2609
R,1.212
K,-1.207
M,-0.1128
L,1.222
D,0.3966
A,-0.9751
S,-1.278
H,-0.9225
V,-0.5996
V,-0.6297
V,-0.8979
F,-0.4268
C,-0.49
A,-0.07387
K,-0.4541
T,0.02109
A,2.303
M,0.6164
D,0.214
D,0.4467
V,2.402
W,-0.1531
L,-0.3209
K,2.44
L,2.1
V,0.4091
V,-0.2524
D,1.219
Q,-0.02591
E,-0.8096
D,0.6352
A,2.451
D,-0.574
G,-0.7068
R,-1.103
F,-0.1863
A,0.4875
T,1.207
P,1.22
E,0.427
A,0.3963
K,-0.1776
A,0.9174
A,1.599
N,-0.09923
D,1.196
K,1.318
G,0.4644
R,-0.8255
K,1.045
F,1.185
F,-0.8161
A,-0.3126
D,0.5546
M,0.7199
H,-0.8911
R,-0.2152
K,1.109
D,1.18
L,2.426
H,0.3124
D,-0.2267
D,0.5359
A,1.073
E,0.6354
W,-1.255
M,-0.3254
A,-0.2382
K,-0.4726
Q,-1.279
V,-0.7316
Y,-1.261
L,-0.7209
N,-1.074
V,-0.5814
G,-1.23
N,-0.3852
F,0.08362
L,-0.9679
L,-0.6071
G,-0.5423
V,-0.8915
A,-0.777
A,0.244
L,-0.3522
G,0.2248
L,-0.6933
D,-1.155
A,-1.088
V,-1.091
P,-0.9527
I,-0.8437
E,-1.279
G,-1.279
F,-0.437
D,-0.6638
A,1.206
A,2.453
I,0.9574
L,-0.2796
D,-0.5105
A,1.2
E,-0.2427
F,-1.06
G,0.7978
L,-0.2489
K,0.5167
E,-0.06911
K,0.3319
G,-0.7966
Y,0.3649
T,0.5994
S,-0.5873
L,0.2516
V,-0.715
V,-0.06551
V,-0.8059
P,-0.3303
V,-0.2617
G,-1.279
H,-0.8373
H,-0.6782
S,0.06611
V,2.449
E,1.206
D,-1.279
F,-0.2515
N,-1.25
A,-0.7366
T,2.433
L,-0.4
P,-0.7636
K,-1.279
S,-1.136
R,-1.28
L,-0.5756
P,1.146
Q,2.453
N,1.086
I,2.406
T,-0.1946
L,0.3697
T,-0.2899
E,1.234
V,0.4227
