"pdb_aa","rate"
P,2.075
E,1.717
E,1.157
A,0.2194
L,0.1306
I,0.6373
V,0.5676
V,0.3138
D,0.01617
M,0.5248
Q,0.01652
R,0.3739
D,0.02274
F,0.0205
M,0.5716
P,0.4375
G,0.2615
G,0.02034
A,0.4137
L,0.01708
P,0.5432
V,0.06213
P,1.197
E,1.911
G,0.3029
D,0.3664
K,1.692
I,0.4304
I,0.538
P,0.5157
K,1.287
V,0.416
N,0.06196
E,1.575
Y,0.8044
I,0.8024
R,2.885
K,1.847
F,0.4481
K,2.326
E,1.736
K,1.649
G,1.144
A,1.352
L,1.124
I,0.5354
V,0.6691
A,0.4121
T,0.223
R,0.1623
D,0.01792
W,0.1209
H,0.01612
P,0.02603
E,1.282
N,1.045
H,0.02748
I,1.319
S,0.01907
F,0.0208
R,0.5412
E,0.8138
R,0.9935
G,0.2969
G,1.374
P,1.147
W,0.02426
P,0.02571
R,0.9784
H,0.01612
C,0.03528
V,0.2351
Q,0.2072
N,1.215
T,0.485
P,4.12
G,0.07122
A,0.08784
E,1.281
F,0.5564
V,0.3891
V,0.1652
D,2.06
L,1.399
P,1.412
E,1.957
D,0.8234
A,1.12
V,1.23
I,0.5863
I,0.6312
S,0.5434
K,0.0171
A,0.126
T,0.7822
E,0.9292
P,1.59
D,1.896
K,0.7665
E,0.08114
A,0.07945
Y,0.06482
S,0.01606
G,0.2764
F,0.09653
E,1.453
G,0.6596
T,0.1242
D,0.9781
L,0.1323
A,1.068
K,1.404
I,1.119
L,0.0709
R,1.096
G,1.72
N,1.294
G,1.189
V,0.642
K,2.042
R,1.126
V,0.5556
Y,1.236
I,0.7117
C,0.841
G,0.02034
V,0.1876
A,0.05838
T,0.327
E,0.1127
Y,0.3865
C,0.01788
V,0.02385
R,0.7503
A,0.7827
T,0.2063
A,0.3164
L,0.9392
D,0.06801
A,0.1619
L,1.113
K,1.791
H,1.226
G,0.353
F,0.4013
E,2.433
V,0.5806
Y,1.97
L,0.4986
L,0.7158
R,1.82
D,0.3904
A,0.2907
V,0.6554
K,0.3721
G,0.4954
I,0.1624
K,0.4557
P,1.063
E,1.248
D,0.4253
E,0.8401
E,2.359
R,1.972
A,0.3158
L,1.489
E,2.528
E,1.163
M,0.3489
K,2.006
S,2.529
R,1.263
G,0.1146
I,0.4205
K,2.539
I,1.038
V,1.523
Q,2.522
F,0.8713
