"pdb_aa","rate"
P,1.737
E,1.248
E,0.4816
A,-0.8012
L,-0.9228
I,-0.2295
V,-0.3249
V,-0.6721
D,-1.079
M,-0.3834
Q,-1.079
R,-0.5899
D,-1.07
F,-1.073
M,-0.3194
P,-0.5028
G,-0.7437
G,-1.074
A,-0.5355
L,-1.078
P,-0.3582
V,-1.016
P,0.5364
E,1.513
G,-0.687
D,-0.6002
K,1.213
I,-0.5125
I,-0.3653
P,-0.3959
K,0.659
V,-0.5322
N,-1.017
E,1.053
Y,-0.0008721
I,-0.00355
R,2.846
K,1.425
F,-0.4884
K,2.082
E,1.273
K,1.155
G,0.4644
A,0.7489
L,0.437
I,-0.369
V,-0.186
A,-0.5377
T,-0.7963
R,-0.8794
D,-1.077
W,-0.936
H,-1.079
P,-1.066
E,0.6526
N,0.3284
H,-1.064
I,0.7032
S,-1.075
F,-1.073
R,-0.361
E,0.01199
R,0.258
G,-0.6952
G,0.7787
P,0.4684
W,-1.068
P,-1.066
R,0.2372
H,-1.079
C,-1.053
V,-0.7797
Q,-0.818
N,0.5607
T,-0.4378
P,4.536
G,-1.004
A,-0.9813
E,0.6507
F,-0.3401
V,-0.5691
V,-0.8755
D,1.718
L,0.8123
P,0.8308
E,1.576
D,0.02518
A,0.4308
V,0.5817
I,-0.2993
I,-0.2378
S,-0.358
K,-1.078
A,-0.9291
T,-0.03126
E,0.1699
P,1.075
D,1.493
K,-0.05264
E,-0.9905
A,-0.9928
Y,-1.013
S,-1.08
G,-0.7233
F,-0.9694
E,0.8868
G,-0.1989
T,-0.9316
D,0.2368
L,-0.9205
A,0.3601
K,0.8194
I,0.4294
L,-1.004
R,0.398
G,1.253
N,0.6698
G,0.5258
V,-0.223
K,1.693
R,0.4398
V,-0.3413
Y,0.5893
I,-0.1277
C,0.0493
G,-1.074
V,-0.8448
A,-1.022
T,-0.654
E,-0.9473
Y,-0.5726
C,-1.077
V,-1.069
R,-0.07487
A,-0.0305
T,-0.8192
A,-0.6685
L,0.1836
D,-1.008
A,-0.88
L,0.4211
K,1.349
H,0.5766
G,-0.6185
F,-0.5524
E,2.228
V,-0.3071
Y,1.594
L,-0.4192
L,-0.1221
R,1.388
D,-0.5673
A,-0.7037
V,-0.2047
K,-0.5924
G,-0.4237
I,-0.8793
K,-0.478
P,0.3534
E,0.606
D,-0.5195
E,0.04804
E,2.126
R,1.597
A,-0.6694
L,0.936
E,2.357
E,0.4895
M,-0.624
K,1.644
S,2.36
R,0.6271
G,-0.9446
I,-0.5262
K,2.373
I,0.3185
V,0.9823
Q,2.349
F,0.09065
