"pdb_aa","rate"
W,1.387
Q,1.641
E,2.102
C,1.624
M,1.055
D,1.637
Y,1.382
A,0.4537
V,1.215
T,2.028
L,0.9953
A,0.3655
R,1.563
Q,2.288
A,0.3975
G,0.3726
E,1.832
V,1.18
V,0.5208
C,1.594
E,1.908
A,0.6038
I,1.24
K,2.254
N,2.127
E,2.2
M,1.268
N,2.373
V,0.8343
M,1.837
L,1.265
K,0.2024
S,1.032
S,0.6372
P,1.348
V,0.7992
D,0.1093
L,0.3625
V,0.05591
T,0.03784
A,0.5676
T,0.3571
D,0.04177
Q,0.9047
K,1.122
V,0.3636
E,0.06825
K,1.764
M,1.407
L,0.6193
I,0.8794
S,1.585
S,1.755
I,0.5229
K,1.449
E,2.276
K,1.614
Y,1.12
P,0.1498
S,1.554
H,0.2017
S,1.166
F,0.3602
I,0.2124
G,0.347
E,0.03833
E,0.04943
S,0.4265
V,0.9756
A,0.6693
A,1.716
G,1.038
E,2.16
K,1.874
S,1.646
I,1.648
L,0.5138
T,0.3893
D,0.6937
N,1.814
P,0.1878
T,0.1031
W,0.1997
I,0.2592
I,0.2665
D,0.03561
P,0.03456
I,0.3811
D,0.03567
G,0.06093
T,0.03258
T,0.3832
N,0.03284
F,0.1903
V,0.2789
H,0.1122
R,1.095
F,0.814
P,0.1428
F,1.196
V,0.7349
A,0.5281
V,0.438
S,0.1287
I,0.3848
G,0.4012
F,0.4152
A,0.9784
V,0.7823
N,1.108
K,0.5049
K,1.283
I,0.9497
E,0.6003
F,0.8124
G,0.1817
V,0.3111
V,0.4236
Y,0.5668
S,0.2522
C,0.1756
V,1.159
E,1.1
G,1.382
K,0.625
M,0.6178
Y,0.6519
T,0.5032
A,0.1731
R,0.9004
K,0.8441
G,0.1893
K,1.396
G,0.03324
A,0.1804
F,0.8193
C,1.013
N,0.1329
G,1.032
Q,1.79
K,1.249
L,0.3116
Q,1.784
V,0.4611
S,0.1729
Q,1.999
Q,1.185
E,1.762
D,1.189
I,0.6944
T,1.447
K,1.622
S,0.4371
L,0.5571
L,0.8162
V,1.029
T,0.8037
E,0.1266
L,1.486
G,0.4144
S,0.7071
S,0.9717
R,0.3823
T,1.257
P,1.416
E,2.364
T,1.091
V,1.431
R,1.565
M,1.692
V,1.024
L,1.25
S,1.513
N,0.3114
M,1.158
E,1.636
K,1.516
L,1
F,1.47
C,1.989
I,1.823
P,0.9373
V,0.6294
H,0.4257
G,0.3564
I,1.158
R,0.09379
S,1.087
V,1.388
G,0.08368
T,0.2354
A,0.1533
A,0.2069
V,0.8429
N,0.5666
M,0.6235
C,0.599
L,1.315
V,0.3117
A,0.1038
T,1.227
G,0.06031
G,1.039
A,0.9071
D,0.2237
A,0.8229
Y,0.7088
Y,1.066
E,0.4329
M,1.055
G,0.3878
I,0.6637
H,0.5749
C,0.8639
W,0.06298
D,0.03549
V,0.8524
A,0.1754
G,0.1047
A,0.4002
G,1.047
I,0.7923
I,0.3892
V,0.5494
T,1.576
E,0.03409
A,0.05462
G,0.03604
G,0.1533
V,1.349
L,0.6265
M,1.249
D,0.2885
V,0.871
T,1.17
G,0.4769
G,1.392
P,1.776
F,1.277
D,0.6604
L,1.111
M,0.5799
S,0.7131
R,0.3761
R,0.7266
V,0.8847
I,0.9022
A,0.8657
A,0.2989
N,0.8433
N,0.4482
R,2.367
I,1.837
L,0.7198
A,0.5074
E,2.389
R,1.519
I,1.26
A,1.386
K,2.233
E,1.859
I,0.9239
Q,2.308
V,1.802
I,1.412
P,2.219
L,1.92
Q,1.858
R,0.9688
D,0.5411
D,1.401
E,1.904
D,2.167
