"pdb_aa","rate"
A,0.7749
D,1.728
T,0.6648
L,0.8355
L,0.3643
I,0.527
L,0.7317
G,0.01836
D,0.01412
L,0.1891
S,0.05497
A,0.01329
G,0.4008
Y,0.3743
R,0.454
M,0.6519
S,1.617
A,1.155
S,1.55
A,1.531
A,0.3507
W,0.06886
P,0.1617
A,1.427
L,0.4499
L,0.357
N,1.832
D,2.569
K,1.304
W,0.7427
S,3.422
K,4.156
T,2.58
S,3.355
V,0.4839
V,0.9509
N,0.01315
A,0.2759
S,0.02026
I,0.3545
S,0.02018
G,0.0182
D,0.3754
T,0.01302
S,0.3591
Q,0.7752
Q,0.151
G,0.285
L,0.8131
A,1.021
R,0.01944
L,0.21
P,0.6426
A,1.808
L,0.3083
L,0.1523
K,2.581
Q,1.758
H,0.5121
Q,2.226
P,0.1039
R,1.883
W,1.853
V,0.2604
L,0.898
V,0.773
E,0.1233
L,0.03083
G,0.03175
G,0.2903
N,0.01314
D,0.01403
G,0.1833
L,0.03083
R,0.07295
G,0.1537
F,0.8425
Q,1.532
P,0.9715
Q,4.166
Q,1.819
T,0.8457
E,1.978
Q,2.568
T,0.1765
L,0.1116
R,2.043
Q,2.563
I,0.6189
L,0.5506
Q,2.579
D,2.578
V,0.9637
K,1.931
A,2.579
A,1.447
N,1.813
A,0.4859
E,2.568
P,0.4576
L,1.267
L,0.3664
M,0.4929
Q,0.1963
I,0.3262
R,1.089
L,0.7231
P,0.06742
A,0.2965
N,0.01314
Y,0.2562
G,0.01817
R,1.778
R,0.4779
Y,0.1228
N,0.7879
E,2.572
A,1.333
F,0.1173
S,1.456
A,2.577
I,1.199
Y,0.8894
P,2.174
K,4.319
L,0.8811
A,0.3577
K,4.244
E,2.426
F,2.569
D,4.313
V,1.444
P,1.656
L,0.396
L,0.8917
P,0.1219
F,0.07805
F,0.7348
M,0.4119
E,0.9639
E,1.542
V,0.4581
Y,0.5292
L,2.041
K,1.791
P,1.709
Q,1.892
W,1.025
M,0.2306
Q,0.1588
D,1.913
D,0.01898
G,0.5221
I,0.4449
H,0.01361
P,0.02797
N,0.9639
R,1.203
D,2.577
A,0.06141
Q,0.0607
P,1.11
F,2.581
I,0.4879
A,0.4355
D,1.737
W,1.052
M,0.5513
A,1.29
K,2.097
Q,2.58
L,0.9029
Q,2.441
P,1.297
L,1.406
V,0.8408
