"pdb_aa","rate"
A,-0.2687
D,0.6803
T,-0.3782
L,-0.2083
L,-0.6774
I,-0.5154
L,-0.3117
G,-1.022
D,-1.026
L,-0.8518
S,-0.9853
A,-1.027
G,-0.641
Y,-0.6674
R,-0.5881
M,-0.3911
S,0.5694
A,0.11
S,0.5031
A,0.4844
A,-0.6909
W,-0.9715
P,-0.8791
A,0.3803
L,-0.5922
L,-0.6846
N,0.7836
D,1.518
K,0.2583
W,-0.3007
S,2.366
K,3.097
T,1.528
S,2.3
V,-0.5583
V,-0.09344
N,-1.027
A,-0.7654
S,-1.02
I,-0.6871
S,-1.02
G,-1.022
D,-0.6663
T,-1.027
S,-0.6825
Q,-0.2683
Q,-0.8898
G,-0.7563
L,-0.2306
A,-0.02382
R,-1.021
L,-0.831
P,-0.4004
A,0.7594
L,-0.7332
L,-0.8885
K,1.53
Q,0.7103
H,-0.5303
Q,1.176
P,-0.9366
R,0.8344
W,0.8049
V,-0.7808
L,-0.1461
V,-0.2705
E,-0.9173
L,-1.009
G,-1.008
G,-0.7511
N,-1.027
D,-1.026
G,-0.8576
L,-1.009
R,-0.9674
G,-0.887
F,-0.2014
Q,0.4854
P,-0.07286
Q,3.108
Q,0.771
T,-0.1982
E,0.9294
Q,1.516
T,-0.8644
L,-0.929
R,0.9934
Q,1.512
I,-0.4239
L,-0.4919
Q,1.528
D,1.527
V,-0.08067
K,0.8828
A,1.527
A,0.4002
N,0.7647
A,-0.5563
E,1.516
P,-0.5845
L,0.2215
L,-0.6753
M,-0.5494
Q,-0.8446
I,-0.7154
R,0.04401
L,-0.3202
P,-0.9729
A,-0.7449
N,-1.027
Y,-0.785
G,-1.022
R,0.73
R,-0.5643
Y,-0.9178
N,-0.2557
E,1.521
A,0.2871
F,-0.9233
S,0.4091
A,1.526
I,0.1533
Y,-0.1547
P,1.124
K,3.259
L,-0.1629
A,-0.6839
K,3.184
E,1.375
F,1.518
D,3.253
V,0.3974
P,0.6083
L,-0.6458
L,-0.1523
P,-0.9187
F,-0.9624
F,-0.3085
M,-0.63
E,-0.08052
E,0.4952
V,-0.584
Y,-0.5133
L,0.9918
K,0.7428
P,0.6609
Q,0.8435
W,-0.01986
M,-0.8105
Q,-0.8819
D,0.8647
D,-1.021
G,-0.5203
I,-0.5972
H,-1.027
P,-1.012
N,-0.08045
R,0.1572
D,1.526
A,-0.9789
Q,-0.9796
P,0.06505
F,1.529
I,-0.5543
A,-0.6065
D,0.689
W,0.006839
M,-0.4912
A,0.2437
K,1.048
Q,1.528
L,-0.1412
Q,1.39
P,0.2516
L,0.3596
V,-0.2031
