"pdb_aa","rate"
K,2.289
S,1.617
V,0.7433
F,2.185
V,0.6528
G,1.26
E,0.9431
L,0.5055
T,0.3048
W,0.5902
K,1.41
E,0.6887
Y,0.5898
E,1.711
A,1.797
R,1.11
V,1.039
A,1.928
A,1.743
G,1.178
D,1.606
C,1.612
V,0.6648
L,0.4284
M,0.5971
L,0.4729
P,0.123
V,0.7189
G,0.05572
A,0.2619
L,0.5753
E,0.05062
Q,0.1079
H,0.05062
G,0.06379
H,0.5787
H,0.05063
M,0.2219
C,0.1688
M,0.5235
N,0.7551
V,0.2693
D,0.05062
V,0.6814
L,0.8935
L,0.4439
P,0.3903
T,1.171
A,1.205
V,0.6251
C,0.5571
K,1.536
R,1.09
V,0.4665
A,0.2419
E,1.743
R,1.479
I,0.8465
G,1.031
A,0.5286
L,0.7021
V,0.3358
M,0.3943
P,0.1519
G,0.9327
L,0.6317
Q,1.118
Y,0.5014
G,0.1185
Y,0.5356
K,0.1512
S,0.3897
Q,0.2855
Q,0.1698
K,0.5719
S,0.1621
G,0.1346
G,0.113
G,0.05421
N,0.8563
H,0.8467
F,0.4616
P,0.4053
G,0.05331
T,0.06116
T,0.5347
S,0.272
L,0.339
D,0.5901
G,0.6866
A,1.374
T,0.228
L,0.5517
T,1.036
G,1.339
T,0.9895
V,0.6325
Q,1.233
D,0.3043
I,0.671
I,0.7987
R,1.532
E,0.2934
L,0.5861
A,0.7249
R,0.7316
H,0.4818
G,0.06945
A,0.9184
R,0.6113
R,0.6742
L,0.5312
V,0.601
L,0.946
M,0.8288
N,0.1669
G,0.3125
H,0.05062
Y,0.6219
E,0.05074
N,0.3864
S,0.6328
M,0.6367
F,0.4368
I,0.8594
V,0.9614
E,0.2348
G,0.3195
I,0.4501
D,0.611
L,0.562
A,0.433
L,1.181
R,0.9541
E,1.225
L,1.211
R,1.332
Y,2.334
A,1.665
G,1.017
I,1.255
Q,3.339
D,1.373
F,1.591
K,0.926
V,0.6203
V,1.141
V,0.7007
L,0.5847
S,0.4744
Y,0.7842
W,0.7888
D,0.5625
F,0.6488
V,0.6553
K,1.3
D,1.178
P,2.007
A,1.621
V,0.8938
I,0.8776
Q,1.379
Q,2.138
L,0.9738
Y,0.6354
P,0.8162
E,1.037
G,0.882
F,0.4515
L,0.6305
G,0.3032
W,0.7845
D,0.4443
I,0.5719
E,0.1548
H,0.05062
G,0.134
G,0.2292
V,0.3987
F,0.5613
E,0.05065
T,0.05063
S,0.05134
L,0.6
M,0.2493
L,0.3398
A,0.5717
L,0.7929
Y,0.9016
P,0.1693
D,1.181
L,0.8278
V,0.05065
D,1.05
L,0.7991
D,1.11
R,0.8667
V,0.5711
V,1.141
D,1.012
H,1.055
P,2.145
P,0.9576
A,0.6405
T,1.559
F,1.035
P,0.4921
P,0.9759
Y,0.8761
D,0.5658
V,1.011
F,0.9972
P,0.3444
V,0.9992
D,1.248
P,0.9291
A,1.276
R,0.8326
T,0.5821
P,0.3575
A,1.763
P,0.4661
G,0.06412
T,0.402
L,0.5648
S,0.1867
S,0.4628
A,0.3519
K,0.8597
T,1.823
A,0.1795
S,0.4331
R,0.6975
E,0.6731
K,0.5762
G,0.05067
E,1.216
L,1.507
I,0.6854
L,0.8884
E,1.747
V,0.8787
C,0.7244
V,0.7908
Q,2.099
G,1.139
I,0.7275
A,0.826
D,2.263
A,0.7556
I,0.6648
R,2.113
E,1.526
E,1.199
F,0.7212
P,2.666
P,2.251
