"pdb_aa","rate"
M,-0.9015
I,-0.5612
A,-0.2329
L,-0.5924
I,-0.5113
Q,-0.9106
R,-0.8988
V,-0.8916
S,0.919
Q,1.429
A,-0.8607
K,0.5592
V,-0.8917
D,1.946
V,-0.574
K,1.15
G,0.8391
E,1.588
T,0.838
I,0.1919
G,-0.6028
K,1.118
I,-0.8507
G,1.105
K,1.148
G,-0.907
L,-0.3473
L,-0.452
V,-0.4915
L,-0.5755
L,-0.4089
G,-0.6571
V,-0.5522
E,-0.4291
K,0.4291
E,1.871
D,-0.9106
N,0.5083
R,1.946
E,0.9187
K,0.7846
A,-0.4507
D,0.7852
K,-0.01108
L,-0.4697
A,0.01195
E,0.5296
K,-0.5265
V,-0.03001
L,0.2214
N,0.1669
Y,-0.7402
R,-0.9105
I,-0.267
F,-0.9068
S,0.5229
D,-0.9106
E,1.079
N,1.125
D,0.02247
K,-0.6335
M,-0.8371
N,-0.9027
L,-0.3504
N,-0.6005
V,-0.2745
Q,1.087
Q,-0.5435
A,0.3199
Q,1.946
G,-0.8676
E,0.07603
L,-0.2215
L,-0.8893
I,-0.445
V,-0.7194
S,-0.8451
Q,-0.9106
F,-0.9068
T,-0.9119
L,-0.9073
A,-0.5847
A,-0.8703
D,-0.5993
T,-0.8469
Q,0.7537
K,-0.3243
G,-0.907
L,-0.1868
R,-0.9105
P,-0.805
S,-0.6113
F,-0.8678
S,-0.4964
K,0.645
G,-0.7062
A,-0.7875
S,1.182
P,-0.7862
A,1.945
L,1.947
A,-0.7037
N,1.36
E,1.856
L,-0.5102
Y,-0.6983
E,1.126
Y,1.126
F,-0.4989
I,0.2503
Q,3.562
K,1.168
C,-0.4347
A,0.9629
E,1.96
K,1.947
L,1.833
P,4.332
V,-0.5207
S,0.5548
T,-0.03012
G,-0.907
Q,1.114
F,-0.8879
A,-0.3803
A,-0.8816
D,-0.3408
M,-0.9113
Q,-0.1971
V,-0.8287
S,0.00854
L,-0.8704
T,0.6357
N,-0.9117
D,-0.8133
G,-0.907
P,-0.908
V,-0.8575
T,-0.9119
F,-0.7148
W,0.6591
L,-0.5948
N,0.1313
V,0.2708
