"pdb_aa","rate"
M,0.0156
I,0.3542
A,0.6808
L,0.3231
I,0.4038
Q,0.006495
R,0.01822
V,0.0254
S,1.827
Q,2.335
A,0.0562
K,1.469
V,0.02531
D,2.849
V,0.3415
K,2.057
G,1.748
E,2.492
T,1.746
I,1.104
G,0.3128
K,2.025
I,0.06615
G,2.012
K,2.055
G,0.01009
L,0.567
L,0.4628
V,0.4235
L,0.3399
L,0.5057
G,0.2588
V,0.3631
E,0.4856
K,1.339
E,2.774
D,0.006461
N,1.418
R,2.849
E,1.827
K,1.693
A,0.4641
D,1.694
K,0.9016
L,0.4452
A,0.9245
E,1.439
K,0.3887
V,0.8827
L,1.133
N,1.079
Y,0.1761
R,0.006569
I,0.6469
F,0.01025
S,1.433
D,0.006461
E,1.986
N,2.032
D,0.9349
K,0.2822
M,0.07964
N,0.01436
L,0.564
N,0.315
V,0.6394
Q,1.994
Q,0.3717
A,1.231
Q,2.849
G,0.04932
E,0.9882
L,0.6922
L,0.0277
I,0.4698
V,0.1968
S,0.07163
Q,0.006461
F,0.01025
T,0.005163
L,0.009803
A,0.3308
A,0.04657
D,0.3163
T,0.06986
Q,1.662
K,0.5899
G,0.01009
L,0.7267
R,0.006569
P,0.1116
S,0.3043
F,0.04912
S,0.4186
K,1.554
G,0.2099
A,0.129
S,2.089
P,0.1303
A,2.848
L,2.85
A,0.2123
N,2.266
E,2.759
L,0.4049
Y,0.2178
E,2.033
Y,2.033
F,0.4162
I,1.162
Q,4.457
K,2.074
C,0.4801
A,1.871
E,2.863
K,2.85
L,2.736
P,5.223
V,0.3945
S,1.465
T,0.8826
G,0.01009
Q,2.021
F,0.02907
A,0.5342
A,0.03539
D,0.5734
M,0.005766
Q,0.7165
V,0.08795
S,0.9211
L,0.04649
T,1.545
N,0.005362
D,0.1033
G,0.01009
P,0.009041
V,0.05932
T,0.005163
F,0.2013
W,1.568
L,0.3207
N,1.043
V,1.182
