"pdb_aa","rate"
M,2.493
E,2.814
E,2.018
V,1.984
K,1.721
K,1.544
D,1.27
V,0.9531
Y,0.3121
S,0.2245
V,0.3149
W,0.3811
A,0.2409
L,0.9606
P,0.42
D,0.7777
E,1.09
E,1.09
S,0.6351
E,1.872
P,2.41
R,0.2977
F,0.6634
K,0.877
K,1.164
L,0.9216
M,0.2307
E,1.265
A,1.454
L,0.2339
R,0.3553
S,0.6181
E,0.4618
F,0.5856
T,0.8441
G,0.2405
P,0.111
R,1.43
F,0.296
V,0.99
P,0.1105
H,0.0909
V,0.5502
T,0.1318
V,0.4339
A,0.3826
V,0.4657
S,0.522
A,0.9006
Y,1.518
L,0.7432
T,0.4989
A,1.205
D,1.992
E,0.6101
A,0.2478
K,0.953
K,1.91
M,1.103
F,0.5336
E,1.133
S,1.234
A,0.4965
C,0.7145
D,1.742
G,1.359
L,1.152
K,1.098
A,0.6432
Y,0.7206
T,1.761
A,0.5728
T,0.8173
V,0.5798
D,1.202
R,1.554
V,0.2867
S,1.044
T,0.6259
G,0.3509
T,0.9022
F,0.4822
F,0.4059
F,0.5105
Q,0.1574
C,0.3874
V,0.2713
F,0.9891
L,0.388
L,0.504
L,0.6673
Q,1.158
T,0.9201
T,0.6271
P,1.464
E,0.7344
V,0.3833
M,1.103
E,1.337
A,0.8095
G,0.562
E,1.23
H,0.5044
C,0.6106
K,1.676
N,1.97
H,0.4724
F,0.3837
N,0.7716
C,1.398
S,1.972
T,1.004
T,0.8929
T,0.683
P,1.03
Y,0.4077
M,0.297
P,0.1142
H,0.09691
L,0.4306
S,0.09447
L,0.2301
L,0.2819
Y,0.0978
A,0.4226
E,0.4733
L,0.3309
T,0.55
E,0.8722
E,0.3685
E,0.5447
K,0.3044
K,0.6551
N,1.004
A,0.1568
Q,0.8428
E,0.5477
K,0.7545
A,0.4002
Y,1.284
T,1.462
L,0.7778
D,0.3159
S,1.545
S,1.094
L,0.4467
D,1.755
G,0.9361
L,0.5046
S,0.9951
F,0.1054
R,1.13
L,0.4732
N,0.507
R,0.7343
L,0.7189
A,0.4514
L,0.1032
C,0.9187
K,0.7484
T,0.2002
D,0.2588
T,0.5156
E,0.8015
D,0.09369
K,0.7099
T,0.4615
L,0.4029
E,0.8568
T,0.1506
W,0.1296
E,0.6688
T,0.7282
V,0.3502
A,0.5607
V,0.3836
C,1.264
N,1.092
L,0.2058
N,1.813
P,1.348
