"pdb_aa","rate"
M,3.188
E,3.787
E,2.302
V,2.237
K,1.746
K,1.415
D,0.9049
V,0.3128
Y,-0.8842
S,-1.048
V,-0.879
W,-0.7553
A,-1.017
L,0.3267
P,-0.6828
D,-0.0147
E,0.5687
E,0.568
S,-0.2811
E,2.029
P,3.032
R,-0.9111
F,-0.2283
K,0.1707
K,0.7058
L,0.254
M,-1.036
E,0.8955
A,1.248
L,-1.03
R,-0.8035
S,-0.3129
E,-0.6048
F,-0.3734
T,0.1092
G,-1.018
P,-1.26
R,1.204
F,-0.9142
V,0.3817
P,-1.261
H,-1.297
V,-0.4395
T,-1.221
V,-0.6568
A,-0.7526
V,-0.5974
S,-0.4923
A,0.2148
Y,1.368
L,-0.07918
T,-0.5355
A,0.7827
D,2.254
E,-0.3277
A,-1.004
K,0.3126
K,2.1
M,0.592
F,-0.4706
E,0.6494
S,0.8366
A,-0.5399
C,-0.1328
D,1.785
G,1.071
L,0.6838
K,0.5837
A,-0.2659
Y,-0.1215
T,1.822
A,-0.3975
T,0.05908
V,-0.3844
D,0.7769
R,1.434
V,-0.9317
S,0.4832
T,-0.2983
G,-0.8118
T,0.2176
F,-0.5667
F,-0.709
F,-0.5138
Q,-1.173
C,-0.7436
V,-0.9603
F,0.38
L,-0.7425
L,-0.5258
L,-0.221
Q,0.696
T,0.2511
T,-0.296
P,1.268
E,-0.09561
V,-0.7513
M,0.5934
E,1.029
A,0.04454
G,-0.4176
E,0.8303
H,-0.5252
C,-0.3269
K,1.662
N,2.211
H,-0.585
F,-0.7505
N,-0.02627
C,1.144
S,2.216
T,0.4076
T,0.2003
T,-0.1917
P,0.456
Y,-0.7056
M,-0.9124
P,-1.254
H,-1.286
L,-0.663
S,-1.291
L,-1.037
L,-0.9406
Y,-1.284
A,-0.6779
E,-0.5833
L,-0.8492
T,-0.4399
E,0.1617
E,-0.779
E,-0.4499
K,-0.8985
K,-0.2438
N,0.4084
A,-1.174
Q,0.1068
E,-0.4444
K,-0.05806
A,-0.7196
Y,0.9308
T,1.263
L,-0.01468
D,-0.8771
S,1.419
S,0.5758
L,-0.633
D,1.81
G,0.281
L,-0.5248
S,0.3911
F,-1.27
R,0.6428
L,-0.5835
N,-0.5203
R,-0.09585
L,-0.1245
A,-0.6241
L,-1.274
C,0.2485
K,-0.06958
T,-1.093
D,-0.9837
T,-0.5043
E,0.02964
D,-1.292
K,-0.1414
T,-0.6052
L,-0.7146
E,0.1329
T,-1.186
W,-1.225
E,-0.2182
T,-0.1072
V,-0.813
A,-0.42
V,-0.7507
C,0.8924
N,0.5724
L,-1.083
N,1.918
P,1.049
