"pdb_aa","rate"
K,1.864
A,0.6525
L,-0.6648
T,-0.7333
A,1.985
R,-0.7912
Q,-0.9244
Q,0.7573
E,0.1283
V,-0.6019
F,-0.2359
D,0.7063
L,0.4536
I,-0.662
R,-0.02868
D,1.997
H,0.5603
I,-0.2161
S,1.498
Q,1.991
T,0.04303
G,-0.8431
M,0.01652
P,-0.8757
P,-0.9312
T,-0.7555
R,-0.8266
A,-0.6335
E,-0.709
I,-0.8583
A,-0.5721
Q,1.196
R,0.01428
L,-0.5269
G,-0.4771
F,-0.7568
R,-0.07695
S,-0.8776
P,-0.4481
N,-0.8275
A,-0.7708
A,-0.8687
E,-0.7437
E,-0.3301
H,-0.8353
L,-0.7857
K,0.1347
A,-0.5386
L,-0.912
A,-0.6921
R,0.02721
K,-0.7673
G,-0.7108
V,0.253
I,-0.7878
E,-0.3606
I,-0.4
V,0.06479
S,-0.05678
G,-0.482
A,-0.3726
S,-0.811
R,-0.9344
G,-0.7637
I,-0.8105
R,-0.7317
L,-0.3382
L,1.361
Q,3.968
E,1.983
E,4.173
E,3.687
E,4.173
G,0.4049
L,-0.269
P,-0.8556
L,0.2272
V,0.2851
G,-0.9298
R,0.2962
V,-0.8921
A,-0.8352
A,-0.9357
D,-0.911
E,0.4494
P,-0.9312
L,-0.4598
L,-0.5648
A,-0.8572
Q,0.2551
Q,-0.2067
H,-0.5536
I,-0.1739
E,-0.2185
G,1.158
H,0.3559
Y,0.1763
Q,1.107
V,0.1438
D,-0.3006
P,1.206
S,1.131
L,1.249
F,-0.3406
K,1.158
P,0.4567
N,1.381
A,-0.1321
D,-0.291
F,-0.5354
L,-0.2188
L,-0.869
R,0.3626
V,-0.8684
S,0.6932
G,-0.9298
M,0.2488
S,-0.9365
M,-0.9354
K,-0.2745
D,-0.001398
I,-0.3018
G,-0.9107
I,-0.9358
M,1.15
D,-0.344
G,-0.7097
D,-0.9346
L,0.3425
L,-0.3611
A,-0.6262
V,-0.8664
H,-0.0864
K,0.7256
T,-0.1219
Q,1.958
D,0.6304
V,-0.6297
R,1.113
N,-0.4555
G,-0.8441
Q,-0.3279
V,-0.4243
V,-0.5999
V,-0.8456
A,-0.8679
R,-0.8151
I,-0.0828
D,0.6075
D,-0.2738
E,-0.2695
V,-0.7564
T,-0.9361
V,-0.8671
K,-0.9334
R,-0.696
L,0.3064
K,1.135
K,0.1461
Q,1.022
G,1.376
N,1.31
K,1.996
V,-0.07709
E,0.525
L,-0.9302
L,0.06991
P,-0.4654
E,-0.8154
N,-0.9359
S,0.6561
E,0.6808
F,-0.2162
K,1.198
P,-0.294
I,-0.846
V,1.028
V,-0.432
D,0.3342
L,0.1478
R,1.995
Q,2.007
Q,1.399
S,1.983
F,0.1979
T,1.148
I,-0.6976
E,-0.745
G,-0.9298
L,-0.05859
A,-0.6036
V,-0.6442
G,-0.8232
V,-0.2926
I,-0.2185
R,-0.9241
N,1.038
