"pdb_aa","rate"
K,2.58
A,1.467
L,0.257
T,0.194
A,2.691
R,0.1408
Q,0.01849
Q,1.563
E,0.9855
V,0.3147
F,0.6509
D,1.516
L,1.284
I,0.2596
R,0.8412
D,2.702
H,1.382
I,0.6691
S,2.243
Q,2.697
T,0.9071
G,0.0932
M,0.8827
P,0.06322
P,0.01224
T,0.1736
R,0.1083
A,0.2857
E,0.2164
I,0.07926
A,0.3421
Q,1.966
R,0.8807
L,0.3836
G,0.4293
F,0.1725
R,0.7969
S,0.06145
P,0.456
N,0.1075
A,0.1596
A,0.06968
E,0.1845
E,0.5644
H,0.1004
L,0.1459
K,0.9913
A,0.3728
L,0.02989
A,0.2319
R,0.8926
K,0.1628
G,0.2147
V,1.1
I,0.144
E,0.5363
I,0.5001
V,0.9271
S,0.8154
G,0.4249
A,0.5253
S,0.1226
R,0.009302
G,0.1661
I,0.1231
R,0.1955
L,0.5569
L,2.118
Q,4.513
E,2.689
E,4.7
E,4.254
E,4.7
G,1.239
L,0.6205
P,0.08166
L,1.076
V,1.129
G,0.01351
R,1.14
V,0.04815
A,0.1004
A,0.008106
D,0.03083
E,1.28
P,0.01223
L,0.4453
L,0.3488
A,0.08023
Q,1.102
Q,0.6777
H,0.3591
I,0.7078
E,0.6669
G,1.931
H,1.194
Y,1.029
Q,1.885
V,0.9996
D,0.5915
P,1.976
S,1.906
L,2.014
F,0.5547
K,1.931
P,1.287
N,2.136
A,0.7463
D,0.6003
F,0.3758
L,0.6666
L,0.06942
R,1.201
V,0.06996
S,1.504
G,0.01351
M,1.096
S,0.007401
M,0.008401
K,0.6154
D,0.8663
I,0.5904
G,0.03106
I,0.008002
M,1.924
D,0.5516
G,0.2157
D,0.009179
L,1.182
L,0.5359
A,0.2924
V,0.07182
H,0.7882
K,1.534
T,0.7556
Q,2.666
D,1.447
V,0.2892
R,1.89
N,0.4492
G,0.0923
Q,0.5664
V,0.4779
V,0.3166
V,0.09088
A,0.07044
R,0.1189
I,0.7915
D,1.426
D,0.6161
E,0.62
V,0.1728
T,0.007763
V,0.0711
K,0.01028
R,0.2283
L,1.149
K,1.91
K,1.002
Q,1.806
G,2.132
N,2.071
K,2.701
V,0.7968
E,1.35
L,0.01316
L,0.9318
P,0.4401
E,0.1187
N,0.007969
S,1.47
E,1.493
F,0.669
K,1.968
P,0.5975
I,0.09056
V,1.812
V,0.4708
D,1.175
L,1.003
R,2.7
Q,2.711
Q,2.152
S,2.689
F,1.049
T,1.922
I,0.2268
E,0.1833
G,0.01351
L,0.8138
A,0.3132
V,0.2759
G,0.1115
V,0.5988
I,0.6669
R,0.01877
N,1.821
