"pdb_aa","rate"
F,-0.317
D,-0.2697
A,0.1232
I,-0.4266
P,0.4344
D,0.8829
V,-0.4456
I,0.02085
Q,1.311
A,-0.6753
F,-0.1423
K,0.3535
N,1.023
G,-0.9241
E,-0.1162
F,-0.6307
V,-0.08397
V,-0.3274
V,-0.916
L,-0.6312
D,-1.034
D,-0.6524
P,-0.1447
S,0.4261
R,-1.033
E,-1.033
N,-1.035
E,-1.018
A,-0.7889
D,-1.034
L,-0.7745
I,-0.8089
I,-0.3665
A,-0.7638
A,-0.7575
E,0.5225
S,0.9801
V,0.7112
T,-0.7948
T,0.1419
E,0.0273
Q,0.2006
M,-0.7596
A,-0.8154
F,-0.6833
M,-0.4733
V,-0.532
R,-0.6748
H,0.1115
S,-0.6617
S,-0.9873
G,-1.027
L,0.1564
I,-0.3686
C,-0.9962
A,-0.2815
P,-0.4904
L,0.2924
T,0.6964
P,0.9355
E,1.884
R,-0.03841
T,-0.4586
T,1.255
A,1.559
L,-0.7436
D,2.895
L,-0.7657
P,-0.7145
Q,-0.0415
M,-0.9573
V,-0.7217
T,2.56
H,1.913
N,-0.4175
A,0.3258
D,-0.6553
P,0.2175
R,-0.1676
G,0.3475
T,-1.036
A,-0.9918
Y,-0.845
T,-0.9249
V,-0.01443
S,-0.7734
V,-0.3634
D,-1.021
A,-0.1209
E,0.7512
H,1.107
P,0.3973
S,0.1039
T,-0.5572
T,-0.592
T,-1.027
G,-1.027
I,-0.9803
S,-1.029
A,-0.9924
H,0.08966
D,-1
R,-1.033
A,-0.5374
L,-0.3262
A,-0.7954
C,-0.06419
R,-0.1484
M,1.131
L,-0.8662
A,-0.6213
A,0.08721
P,1.441
D,2.443
A,0.3918
Q,2.198
P,0.9098
S,3.017
H,0.3621
F,-0.2024
R,-0.05776
R,-0.8892
P,-1.008
G,-1.027
H,-1.023
V,-0.1038
F,-0.03422
P,-1.008
L,-1.004
R,-0.5306
A,-0.7129
V,0.4472
A,1.849
G,-0.6189
G,-0.942
V,-0.7616
R,-0.3077
A,1.611
R,-1.033
R,1.133
G,-1.027
H,-1.034
T,-1.036
E,-1.033
A,-0.8092
G,-0.2945
V,-0.1273
E,-0.3894
L,-0.5086
C,-0.134
R,0.3808
L,-0.7488
A,-0.5943
G,-0.1995
K,0.2744
R,1.523
P,1.222
V,-0.3136
A,-0.08726
V,-0.4342
I,-0.902
S,-0.1603
E,-1.033
I,0.05853
V,-0.869
D,0.102
D,-0.6844
G,-0.05843
Q,0.2456
E,1.459
V,0.05526
E,2.596
G,-0.7136
R,1.476
A,-0.154
V,2.233
R,1.076
A,2.923
A,1.454
P,-0.3718
G,0.08745
M,-0.9896
L,-0.6121
R,-0.8523
G,-0.3421
D,-0.1894
E,0.1527
C,-0.6108
V,0.8439
A,1.428
F,-0.9127
A,-0.6063
R,0.5533
R,1.189
W,-0.08044
G,0.3058
L,-0.08182
K,0.02489
V,-0.1494
C,-0.4242
T,-0.5859
I,-0.8573
E,0.3978
D,-0.2108
M,-0.4009
I,0.008571
A,2.527
H,0.5428
V,0.3
E,1.445
K,2.999
T,2.972
E,1.959
G,2.204
K,1.437
L,2.719
