"pdb_aa","rate"
F,0.4849
D,0.5164
A,0.7774
I,0.4121
P,0.9842
D,1.282
V,0.3995
I,0.7094
Q,1.566
A,0.2469
F,0.601
K,0.9304
N,1.375
G,0.08156
E,0.6184
F,0.2765
V,0.6398
V,0.478
V,0.08697
L,0.2762
D,0.008848
D,0.2621
P,0.5994
S,0.9786
R,0.008963
E,0.009536
N,0.007721
E,0.01951
A,0.1714
D,0.008848
L,0.181
I,0.1581
I,0.4521
A,0.1881
A,0.1923
E,1.043
S,1.347
V,1.168
T,0.1675
T,0.7898
E,0.7137
Q,0.8289
M,0.1909
A,0.1538
F,0.2416
M,0.3811
V,0.3421
R,0.2472
H,0.7696
S,0.2559
S,0.03959
G,0.01296
L,0.7995
I,0.4507
C,0.03371
A,0.5085
P,0.3697
L,0.8899
T,1.158
P,1.317
E,1.947
R,0.67
T,0.3909
T,1.529
A,1.731
L,0.2015
D,2.619
L,0.1868
P,0.2208
Q,0.668
M,0.05951
V,0.2161
T,2.397
H,1.967
N,0.4182
A,0.912
D,0.2601
P,0.8401
R,0.5842
G,0.9264
T,0.007531
A,0.03662
Y,0.1342
T,0.08104
V,0.686
S,0.1817
V,0.4541
D,0.01743
A,0.6152
E,1.195
H,1.431
P,0.9595
S,0.7646
T,0.3253
T,0.3023
T,0.01297
G,0.01294
I,0.04427
S,0.01175
A,0.0362
H,0.7551
D,0.03101
R,0.008963
A,0.3385
L,0.4789
A,0.1671
C,0.6529
R,0.597
M,1.447
L,0.12
A,0.2828
A,0.7535
P,1.653
D,2.318
A,0.9559
Q,2.156
P,1.3
S,2.7
H,0.9361
F,0.5611
R,0.6572
R,0.1048
P,0.02585
G,0.01294
H,0.01573
V,0.6266
F,0.6728
P,0.02581
L,0.02839
R,0.343
A,0.2219
V,0.9927
A,1.924
G,0.2844
G,0.06972
V,0.1895
R,0.4911
A,1.766
R,0.008963
R,1.449
G,0.01294
H,0.008342
T,0.007531
E,0.009536
A,0.1579
G,0.4999
V,0.611
E,0.4369
L,0.3577
C,0.6066
R,0.9486
L,0.198
A,0.3007
G,0.563
K,0.8779
R,1.708
P,1.507
V,0.4872
A,0.6376
V,0.4071
I,0.09629
S,0.5891
E,0.009536
I,0.7345
V,0.1182
D,0.7633
D,0.2409
G,0.6567
Q,0.8588
E,1.665
V,0.7323
E,2.421
G,0.2214
R,1.676
A,0.5933
V,2.179
R,1.411
A,2.637
A,1.662
P,0.4486
G,0.7537
M,0.03805
L,0.2889
R,0.1293
G,0.4683
D,0.5697
E,0.797
C,0.2897
V,1.256
A,1.644
F,0.08913
A,0.2928
R,1.063
R,1.485
W,0.6421
G,0.8988
L,0.6412
K,0.7121
V,0.5963
C,0.4137
T,0.3063
I,0.126
E,0.9599
D,0.5555
M,0.4292
I,0.7013
A,2.374
H,1.056
V,0.8949
E,1.656
K,2.688
T,2.67
E,1.997
G,2.16
K,1.65
L,2.502
