"pdb_aa","rate"
R,1.174
E,0.5398
L,1.3
R,0.1736
L,0.8572
L,0.4001
L,0.8164
G,0.04083
L,0.03849
D,0.02383
N,0.1033
A,0.1527
G,0.02095
K,0.01672
T,0.05812
T,0.04589
I,0.5242
L,0.5392
K,0.2281
K,1.065
F,0.9376
N,0.6077
G,0.5583
E,0.256
D,0.5694
V,0.7958
D,1.198
T,1.04
I,0.3833
S,0.3329
P,0.0345
T,0.01374
L,0.3163
G,0.02078
F,0.02105
N,0.2636
I,0.1106
K,0.5069
T,0.2568
L,0.5803
E,1.694
H,1.128
R,2.34
G,0.9898
F,0.9974
K,1.203
L,0.2583
N,0.1491
I,0.5795
W,0.1339
D,0.01528
V,0.2106
G,0.02077
G,0.02077
Q,0.01527
K,0.5724
S,0.4453
L,0.3686
R,0.02353
S,0.5553
Y,0.2255
W,0.03805
R,0.5868
N,0.1775
Y,0.04199
F,0.4741
E,0.4305
S,0.9383
T,0.06857
D,0.2306
G,0.7944
L,1.03
I,0.5188
W,0.4922
V,0.03239
V,0.2619
D,0.01527
S,0.1435
A,0.8756
D,0.03981
R,1.544
Q,1.926
R,0.02347
Q,2.588
D,0.6076
C,0.4741
Q,1.512
R,4.319
E,0.1156
L,0.2062
Q,2.568
S,1.797
L,0.3469
L,0.4141
V,2.556
E,0.2862
E,0.5107
R,0.4828
L,0.2068
A,1.717
G,0.9893
A,0.3547
T,0.8912
L,1.043
L,0.1367
I,0.8897
F,0.9733
A,0.2514
N,0.01403
K,0.04777
Q,0.3508
D,0.02333
L,0.612
P,2.498
G,0.9264
A,0.392
L,1.09
S,2.053
N,2.524
A,1.529
I,0.6586
Q,1.557
E,2.572
A,2.404
L,0.2374
E,2.575
L,0.3661
D,2.564
S,2.565
I,0.8899
R,2.061
S,1.529
H,0.1181
H,1.792
W,0.8882
R,2.533
I,0.486
Q,1.444
G,1.976
C,0.6788
S,0.1943
A,0.07573
V,1.578
T,0.8467
G,0.3857
E,2.257
D,0.2905
L,0.5832
L,1.968
P,1.793
G,0.381
I,1.139
D,1.306
W,0.6031
L,1.15
L,0.9763
D,2.663
D,1.186
I,0.9744
S,1.763
S,2.257
R,1.149
