"pdb_aa","rate"
R,0.4369
E,-0.3511
L,0.5934
R,-0.8059
L,0.04291
L,-0.5247
L,-0.007776
G,-0.9708
L,-0.9737
D,-0.9919
N,-0.8932
A,-0.8319
G,-0.9955
K,-1.001
T,-0.9493
T,-0.9645
I,-0.3706
L,-0.3519
K,-0.7382
K,0.3013
F,0.1428
N,-0.2669
G,-0.3282
E,-0.7036
D,-0.3145
V,-0.03326
D,0.4657
T,0.2702
I,-0.5456
S,-0.6081
P,-0.9787
T,-1.004
L,-0.6288
G,-0.9957
F,-0.9954
N,-0.6942
I,-0.8842
K,-0.3921
T,-0.7026
L,-0.301
E,1.082
H,0.3787
R,1.884
G,0.2076
F,0.217
K,0.4719
L,-0.7007
N,-0.8364
I,-0.3018
W,-0.8552
D,-1.003
V,-0.76
G,-0.9957
G,-0.9957
Q,-1.003
K,-0.3107
S,-0.4686
L,-0.5637
R,-0.9923
S,-0.3319
Y,-0.7415
W,-0.9743
R,-0.2928
N,-0.801
Y,-0.9694
F,-0.4327
E,-0.4869
S,0.1436
T,-0.9364
D,-0.7351
G,-0.03501
L,0.2571
I,-0.3773
W,-0.4103
V,-0.9813
V,-0.6963
D,-1.003
S,-0.8433
A,0.06577
D,-0.9721
R,0.8959
Q,1.37
R,-0.9924
Q,2.192
D,-0.267
C,-0.4328
Q,0.8564
R,4.341
E,-0.8779
L,-0.7654
Q,2.167
S,1.21
L,-0.5907
L,-0.5073
V,2.152
E,-0.6661
E,-0.3873
R,-0.422
L,-0.7647
A,1.11
G,0.2069
A,-0.581
T,0.08515
L,0.274
L,-0.8518
I,0.08334
F,0.1871
A,-0.7093
N,-1.004
K,-0.9622
Q,-0.5859
D,-0.9925
L,-0.2616
P,2.081
G,0.1288
A,-0.5348
L,0.3324
S,1.528
N,2.113
A,0.8775
I,-0.2037
Q,0.9123
E,2.172
A,1.964
L,-0.7267
E,2.176
L,-0.5669
D,2.163
S,2.163
I,0.08358
R,1.538
S,0.8766
H,-0.8749
H,1.203
W,0.08146
R,2.125
I,-0.418
Q,0.771
G,1.432
C,-0.1786
S,-0.7803
A,-0.9275
V,0.9385
T,0.02987
G,-0.5426
E,1.781
D,-0.6608
L,-0.2973
L,1.422
P,1.205
G,-0.5483
I,0.3923
D,0.6007
W,-0.2726
L,0.4061
L,0.1908
D,2.285
D,0.4508
I,0.1885
S,1.167
S,1.781
R,0.4058
