"pdb_aa","rate"
M,2.018
R,2.694
N,0.04232
E,2.318
M,0.422
H,2.455
L,1.26
Q,1.606
F,0.5006
S,1.515
A,0.3034
R,1.693
S,0.1236
E,1.245
N,0.01245
E,0.03163
S,0.7091
F,0.36
A,0.06163
R,0.008499
V,0.7448
T,0.8847
V,0.3231
A,0.3335
A,0.5382
F,0.1011
V,1.182
A,0.649
Q,0.5277
L,0.539
D,0.2006
P,0.1209
T,0.1606
M,1.034
D,0.7623
E,0.1785
L,0.8191
T,0.7666
E,0.1376
I,0.5204
K,0.07111
T,0.03227
V,0.1085
V,0.1675
S,0.01078
E,0.009018
A,0.05116
V,0.02435
T,0.0572
N,0.007388
A,0.7998
I,0.1718
I,0.1363
H,0.00794
G,0.2879
Y,0.01285
N,1.545
N,1.769
D,2.479
P,2.701
N,3.819
G,0.895
I,2.701
V,0.5359
S,2.701
I,0.8423
S,2.702
V,1.418
I,4.697
I,1.196
E,4.629
D,2.085
G,2.701
V,2.7
V,1.428
H,2.493
L,0.9746
T,1.99
V,0.5794
R,2.014
D,0.008395
E,2.703
G,0.01214
V,2.666
G,0.01214
I,0.06991
P,2.701
D,0.5796
I,1.099
E,1.916
E,1.484
A,0.01286
R,0.6594
Q,0.6443
P,0.02387
L,0.5176
F,1.327
T,0.02232
T,0.2915
K,0.6762
P,0.4627
E,0.8715
L,1.093
E,0.2361
R,0.0294
S,0.1228
G,0.01214
M,0.0694
G,0.01214
F,0.08208
T,0.2628
I,0.1563
M,0.06463
E,0.1789
N,0.2569
F,0.1024
M,0.2518
D,0.06182
E,2.104
V,1.135
I,2.657
V,0.3981
E,2.759
S,0.09224
E,2.562
V,2.701
N,1.063
K,2.697
G,0.01214
T,0.007221
T,1.374
V,0.5134
Y,1.801
L,0.3632
K,1.525
K,0.09795
H,2.139
I,0.8175
V,2.119
K,1.996
S,2.086
