"pdb_aa","rate"
Y,0.1159
K,1.949
K,0.6051
P,1.834
S,1.888
D,1.16
A,1.017
E,1.038
L,-0.4943
K,0.05044
R,1.909
T,1.319
L,-0.8285
T,-0.2024
E,1.104
E,0.2954
Q,-0.4232
Y,0.08425
Q,0.7993
V,-0.8019
T,-0.8726
Q,-0.8788
N,0.7765
S,0.01893
A,-0.2325
T,-0.893
E,-0.891
Y,0.02762
A,-0.5937
F,-0.526
S,0.003742
H,-0.6923
E,0.1828
Y,-0.4141
D,-0.3192
H,1.083
L,-0.02343
F,0.7772
K,0.5996
P,0.9882
G,-0.8878
I,-0.7079
Y,-0.7023
V,-0.8706
D,-0.8916
V,-0.1193
V,-0.7294
S,-0.7732
G,-0.822
E,-0.3707
P,-0.6435
L,-0.8881
F,-0.8876
S,-0.5141
S,-0.8844
A,1.101
D,-0.5874
K,-0.8602
Y,-0.1935
D,-0.1996
S,-0.7007
G,-0.7123
C,-0.7441
G,-0.8878
W,-0.877
P,-0.8889
S,-0.6202
F,-0.8876
T,-0.5672
R,-0.2231
P,-0.7096
I,-0.4576
D,1.879
A,1.921
K,1.907
S,1.114
V,0.08275
T,1.893
E,-0.3229
H,0.5659
D,1.132
D,-0.879
F,1.921
S,-0.2024
F,0.4147
N,0.2033
R,1.102
R,-0.8915
T,-0.08831
E,-0.891
V,-0.8592
R,-0.5578
S,-0.8547
R,1.128
A,1.419
A,-0.4804
D,-0.2321
S,-0.8445
H,-0.8921
L,-0.8881
G,-0.8878
H,-0.8921
V,-0.8359
F,-0.8876
P,0.8889
D,-0.8916
G,-0.8878
P,-0.8705
R,4.317
D,0.5017
K,1.889
G,-0.8426
G,-0.867
L,-0.5573
R,-0.8915
Y,-0.8416
C,-0.8863
I,-0.8488
N,-0.8928
G,-0.8334
A,-0.8592
S,-0.4664
L,-0.7203
K,-0.112
F,-0.8876
I,-0.3125
P,-0.5135
L,1.06
E,1.607
Q,1.921
D,1.04
A,1.084
A,0.6342
G,-0.8669
Y,-0.8169
G,0.2099
A,1.725
L,-0.1732
K,1.904
G,1.921
E,0.2856
V,-0.2743
