"pdb_aa","rate"
Y,1.034
K,2.903
K,1.533
P,2.786
S,2.841
D,2.099
A,1.953
E,1.975
L,0.412
K,0.9675
R,2.863
T,2.261
L,0.0713
T,0.7097
E,2.041
E,1.217
Q,0.4845
Y,1.002
Q,1.731
V,0.09844
T,0.02636
Q,0.01997
N,1.708
S,0.9353
A,0.6789
T,0.005499
E,0.007601
Y,0.9442
A,0.3107
F,0.3797
S,0.9199
H,0.2102
E,1.102
Y,0.4938
D,0.5906
H,2.02
L,0.8921
F,1.709
K,1.527
P,1.924
G,0.01086
I,0.1943
Y,0.1999
V,0.02836
D,0.006912
V,0.7944
V,0.1723
S,0.1276
G,0.07788
E,0.5381
P,0.2599
L,0.01055
F,0.01103
S,0.3918
S,0.01425
A,2.039
D,0.3171
K,0.03896
Y,0.7187
D,0.7125
S,0.2016
G,0.1898
C,0.1573
G,0.01086
W,0.02179
P,0.009718
S,0.2837
F,0.01103
T,0.3377
R,0.6886
P,0.1925
I,0.4495
D,2.832
A,2.875
K,2.86
S,2.051
V,1
T,2.846
E,0.5868
H,1.493
D,2.07
D,0.01979
F,2.875
S,0.7096
F,1.339
N,1.123
R,2.039
R,0.007029
T,0.826
E,0.007601
V,0.03999
R,0.3473
S,0.04455
R,2.066
A,2.362
A,0.4262
D,0.6794
S,0.05497
H,0.00639
L,0.01055
G,0.01086
H,0.00639
V,0.06374
F,0.01103
P,1.822
D,0.006912
G,0.01086
P,0.02848
R,5.317
D,1.428
K,2.842
G,0.05687
G,0.03207
L,0.3478
R,0.007029
Y,0.05794
C,0.01235
I,0.05054
N,0.005716
G,0.06625
A,0.03998
S,0.4405
L,0.1816
K,0.8018
F,0.01103
I,0.5974
P,0.3925
L,1.997
E,2.554
Q,2.874
D,1.976
A,2.022
A,1.563
G,0.03209
Y,0.08309
G,1.13
A,2.674
L,0.7395
K,2.857
G,2.875
E,1.207
V,0.6364
