"pdb_aa","rate"
T,-0.27
M,1.199
S,1.467
V,1.714
A,1.962
D,1.906
A,-0.007962
H,0.616
A,1.228
L,0.5163
I,-0.7184
K,-0.801
T,-0.003119
I,-0.6012
P,0.1937
D,-0.8402
F,-0.5609
P,-1.119
T,-0.124
K,0.796
G,-1.081
I,-0.7649
A,0.7581
F,-1.08
K,-0.7832
D,-1.121
L,-0.8531
S,-0.9152
D,-0.8551
I,-0.5647
L,-0.6737
S,0.4048
T,-0.343
P,0.4374
A,1.876
A,-0.5331
L,0.4233
D,1.145
A,1.268
V,-0.02498
R,-0.01156
K,0.8829
E,1.799
V,0.09916
T,0.306
A,1.925
H,1.219
Y,0.542
K,1.243
D,1.037
V,1.925
P,1.336
I,-0.2267
T,-0.642
K,0.1548
V,-0.5805
V,-0.587
G,-0.8985
I,-0.5061
E,-1.003
S,-0.9515
R,-1.121
G,-1.117
F,-1.117
I,-0.6397
L,-0.1341
G,-0.8182
G,-0.2969
I,-0.5103
V,-0.1571
A,-1.075
N,1.078
S,1.052
L,-0.6155
G,0.2459
V,0.04879
G,-0.7675
F,-0.8256
V,-0.5191
A,-0.8963
L,-0.531
R,-1.121
K,-1.12
A,-0.09906
G,-0.6891
K,-1.11
L,-1.118
P,-1.119
G,0.209
D,0.9761
V,-0.4375
C,0.7039
K,0.5046
C,0.8173
T,0.6539
F,-1.057
D,0.714
M,-1.046
E,-1.121
Y,-1.117
Q,-1.08
K,0.2768
G,-0.613
V,0.0006318
T,0.2767
I,-0.5155
E,-0.806
V,-0.1716
Q,-0.976
K,1.109
R,-0.9447
Q,-0.6821
L,-0.416
G,1.925
P,1.15
H,-0.1244
D,-0.1657
V,0.1528
V,-0.8215
L,-0.3906
L,-0.3028
H,-0.4979
D,-1.121
D,-1.121
V,-0.9392
L,-0.9103
A,-1.122
T,-1.118
G,-1.101
G,-1.117
T,-1.096
L,-0.4533
L,1.92
A,-1.035
A,-0.4851
I,0.3564
E,1.221
L,-0.952
C,-0.2625
E,0.05971
T,1.176
A,0.2537
G,-0.5303
V,0.0006318
K,0.0006318
P,-0.5025
E,1.071
N,-0.4466
I,0.1874
Y,-0.07953
I,0.6324
N,-0.2874
V,-0.8012
L,-0.05339
Y,-0.571
E,-0.8596
I,-0.9917
E,0.8496
A,0.6992
L,-0.9317
K,1.105
G,-0.9455
R,-0.4878
E,1.924
K,0.4695
V,-0.3029
G,4.174
Q,1.791
K,1.929
C,3.594
T,1.689
R,1.785
L,0.08108
F,1.174
S,-0.308
V,-0.4364
I,0.3678
R,1.414
E,0.0199
