"pdb_aa","rate"
T,0.7608
M,2.059
S,2.296
V,2.514
A,2.733
D,2.684
A,0.9924
H,1.544
A,2.085
L,1.456
I,0.3644
K,0.2914
T,0.9967
I,0.4681
P,1.171
D,0.2567
F,0.5037
P,0.01066
T,0.8898
K,1.703
G,0.04403
I,0.3233
A,1.67
F,0.04492
K,0.3072
D,0.008166
L,0.2453
S,0.1905
D,0.2436
I,0.5002
L,0.4039
S,1.357
T,0.6963
P,1.386
A,2.657
A,0.5282
L,1.374
D,2.012
A,2.121
V,0.9774
R,0.9892
K,1.78
E,2.59
V,1.087
T,1.27
A,2.701
H,2.077
Y,1.479
K,2.099
D,1.916
V,2.701
P,2.181
I,0.7991
T,0.432
K,1.136
V,0.4863
V,0.4806
G,0.2052
I,0.5521
E,0.1129
S,0.1583
R,0.008263
G,0.01173
F,0.01189
I,0.434
L,0.8809
G,0.2762
G,0.737
I,0.5484
V,0.8606
A,0.04883
N,1.952
S,1.929
L,0.4553
G,1.217
V,1.043
G,0.321
F,0.2696
V,0.5406
A,0.2072
L,0.5301
R,0.008263
K,0.009056
A,0.9119
G,0.3903
K,0.01804
L,0.01144
P,0.01066
G,1.184
D,1.862
V,0.6128
C,1.622
K,1.445
C,1.722
T,1.577
F,0.06486
D,1.631
M,0.07519
E,0.008754
Y,0.01241
Q,0.04497
K,1.244
G,0.4576
V,1
T,1.244
I,0.5437
E,0.287
V,0.8477
Q,0.1367
K,1.98
R,0.1644
Q,0.3965
L,0.6318
G,2.701
P,2.016
H,0.8895
D,0.853
V,1.135
V,0.2733
L,0.6542
L,0.7318
H,0.5594
D,0.008166
D,0.008166
V,0.1693
L,0.1948
A,0.007327
T,0.01124
G,0.02579
G,0.01173
T,0.03099
L,0.5987
L,2.697
A,0.0846
A,0.5706
I,1.314
E,2.079
L,0.1579
C,0.7674
E,1.052
T,2.039
A,1.224
G,0.5307
V,1
K,1
P,0.5553
E,1.946
N,0.6047
I,1.165
Y,0.9291
I,1.558
N,0.7454
V,0.2913
L,0.9522
Y,0.4947
E,0.2396
I,0.1228
E,1.75
A,1.618
L,0.1759
K,1.976
G,0.1637
R,0.5683
E,2.7
K,1.414
V,0.7317
G,4.689
Q,2.582
K,2.705
C,4.177
T,2.492
R,2.577
L,1.071
F,2.037
S,0.7271
V,0.6137
I,1.325
R,2.249
E,1.017
