"pdb_aa","rate"
D,0.1148
A,0.8027
P,-0.4164
G,0.5134
R,1.079
S,-0.9754
Q,0.6813
F,-0.3462
V,0.01169
P,-1.352
A,-0.8601
D,-1.098
Q,-1.517
A,-1.576
F,-1.278
A,0.0627
F,-0.5395
D,-0.4978
F,-0.01153
Q,0.8314
Q,-0.6439
N,0.5976
Q,0.5379
H,0.3558
D,1.002
L,-0.9383
N,0.7848
L,-0.7749
T,0.683
W,-0.4985
Q,0.415
I,-0.9168
K,0.002004
D,0.5964
G,-0.807
Y,-0.1556
Y,-1.252
L,-1.288
Y,-1.252
R,-1.499
K,0.1664
Q,-0.351
I,-0.549
R,1.255
I,0.1563
T,-1.241
P,-0.09132
E,0.436
H,2.267
A,-0.2286
K,2.391
I,-0.05905
A,-0.6678
D,1.062
V,-0.03684
Q,-0.6048
L,-0.2746
P,-1.352
Q,0.8842
G,-1.289
V,0.1322
W,1.994
H,-1.233
E,-0.3034
D,-1.496
E,-1.448
F,-0.7696
Y,-0.2065
G,-1.289
K,-0.7946
S,-1.196
E,0.4457
I,-1.202
Y,-0.7318
R,-0.6476
D,2.073
R,1.784
L,-0.7481
T,-0.4125
L,-0.001216
P,0.1671
V,-0.1594
T,-0.1019
I,1.829
N,1.52
Q,0.5124
A,-1.3
S,-0.06051
A,1.336
G,1.768
A,1.736
T,2.448
L,1.34
T,-0.087
V,0.253
T,1.733
Y,-0.3446
Q,-0.8946
G,-1.145
C,-0.4112
A,0.7339
D,0.3607
A,-0.3326
G,-1.145
F,1.144
C,-0.4112
Y,-0.3446
P,-1.213
P,-0.7256
E,-0.8544
T,0.2585
K,1.937
T,0.2691
V,0.8537
P,0.9383
L,0.2237
S,0.01922
E,1.329
V,0.8602
V,0.9291
A,0.6286
