"pdb_aa","rate"
K,2.808
K,1.502
K,0.7797
K,0.3966
L,0.189
I,0.3838
L,0.2356
F,0.1514
D,0.01529
F,0.1461
D,0.01526
S,0.09848
T,0.01372
L,0.1573
V,0.2277
N,0.7172
N,0.4564
E,0.01612
T,0.2279
I,0.04846
D,0.2094
E,0.6574
I,0.4652
A,0.1136
R,2.208
E,1.05
A,0.6892
G,0.4449
V,1.036
E,1.118
E,1.994
E,1.31
V,0.238
K,0.8647
K,2.58
I,0.243
T,0.01786
K,1.151
E,1.262
A,0.07223
E,1.133
G,0.02072
K,0.5834
L,0.7472
N,0.2155
F,0.1162
E,1.173
Q,1.02
S,0.1487
L,0.06376
R,1.755
K,1.409
R,0.0154
V,0.04916
S,1.164
L,0.6014
L,0.08757
K,1.082
D,0.3219
L,0.4716
P,1.442
I,2.248
E,1.753
K,1.245
V,0.611
E,1.966
K,2.019
A,0.6075
I,1.273
K,2.571
R,1.323
I,0.5223
T,0.6674
P,0.9584
T,0.3824
E,2.578
G,0.06481
A,0.137
E,2.539
E,0.8661
T,0.54
I,0.6008
K,2.355
E,1.512
L,0.2884
K,0.373
N,1.705
R,1.382
G,0.6263
Y,0.8041
V,1.145
V,0.4291
A,0.453
V,0.485
V,0.2126
S,0.01337
G,0.02072
G,0.02072
F,0.06664
D,0.4962
I,0.8098
A,0.4487
V,0.3267
N,0.9405
K,1.765
I,0.5906
K,0.7369
E,2.468
K,1.768
L,0.3839
G,1.139
L,0.7768
D,0.3868
Y,1.127
A,0.8226
F,0.921
A,0.247
N,0.01862
R,1.064
L,0.08774
I,0.5186
V,1.188
K,1.529
D,1.055
G,0.5357
K,2.566
L,0.1351
T,0.153
G,0.02072
D,1.86
V,0.3294
E,1.434
G,0.1158
E,1.338
V,0.4163
L,0.216
K,0.6099
E,0.9855
N,1.782
A,0.4396
K,0.01657
G,0.4971
E,2.175
I,0.6432
L,0.5405
E,2.09
K,1.584
I,0.6912
A,0.3239
K,2.569
I,1.584
E,0.9347
G,1.398
I,1.015
N,2.265
L,1.922
E,2.29
D,1.099
T,0.2072
V,0.7707
A,0.26
V,0.4161
G,0.03901
D,0.01526
G,0.02072
A,0.01908
N,0.01393
D,0.01526
I,0.9327
S,0.4479
F,0.3056
K,1.888
K,1.463
A,0.09871
G,1.125
L,1.081
K,0.7225
I,0.4445
A,0.03211
F,0.0974
C,0.2522
A,0.1003
K,0.1342
P,0.8982
I,0.9256
L,0.2377
K,0.618
E,1.585
K,1.531
A,0.1145
D,0.5903
I,1.052
C,0.9509
I,0.405
E,1.023
K,1.699
R,0.6413
D,0.3403
L,0.1322
R,1.184
E,1.282
I,0.4826
L,0.74
K,1.783
Y,1.557
I,1.038
K,1.763
