"pdb_aa","rate"
K,2.838
K,0.9776
K,-0.0521
K,-0.5979
L,-0.8937
I,-0.6162
L,-0.8274
F,-0.9474
D,-1.141
F,-0.9549
D,-1.141
S,-1.023
T,-1.144
L,-0.9389
V,-0.8387
N,-0.1411
N,-0.5128
E,-1.14
T,-0.8384
I,-1.094
D,-0.8647
E,-0.2263
I,-0.5002
A,-1.001
R,1.983
E,0.3327
A,-0.181
G,-0.5291
V,0.3126
E,0.4297
E,1.678
E,0.7039
V,-0.824
K,0.06912
K,2.513
I,-0.8168
T,-1.138
K,0.477
E,0.6346
A,-1.06
E,0.4518
G,-1.134
K,-0.3318
L,-0.09836
N,-0.8561
F,-0.9976
E,0.5086
Q,0.2902
S,-0.9513
L,-1.072
R,1.337
K,0.8442
R,-1.141
V,-1.093
S,0.4952
L,-0.3062
L,-1.038
K,0.3786
D,-0.7045
L,-0.4911
P,0.8924
I,2.04
E,1.335
K,0.6107
V,-0.2925
E,1.639
K,1.713
A,-0.2975
I,0.6505
K,2.5
R,0.7224
I,-0.4189
T,-0.2121
P,0.2027
T,-0.6182
E,2.51
G,-1.071
A,-0.968
E,2.456
E,0.07105
T,-0.3937
I,-0.3069
K,2.192
E,0.9912
L,-0.7521
K,-0.6316
N,1.266
R,0.8066
G,-0.2706
Y,-0.01728
V,0.4679
V,-0.5516
A,-0.5177
V,-0.472
V,-0.8602
S,-1.144
G,-1.134
G,-1.134
F,-1.068
D,-0.456
I,-0.009082
A,-0.5237
V,-0.6976
N,0.1771
K,1.352
I,-0.3215
K,-0.113
E,2.354
K,1.356
L,-0.616
G,0.4605
L,-0.05625
D,-0.6119
Y,0.4433
A,0.009032
F,0.1492
A,-0.8112
N,-1.137
R,0.3532
L,-1.038
I,-0.4241
V,0.5291
K,1.016
D,0.3398
G,-0.3998
K,2.493
L,-0.9705
T,-0.9451
G,-1.134
D,1.487
V,-0.6938
E,0.8797
G,-0.9982
E,0.7439
V,-0.5699
L,-0.8553
K,-0.2941
E,0.2412
N,1.377
A,-0.5367
K,-1.14
G,-0.4548
E,1.936
I,-0.2466
L,-0.3929
E,1.816
K,1.094
I,-0.1781
A,-0.7016
K,2.497
I,1.094
E,0.1688
G,0.8285
I,0.284
N,2.064
L,1.576
E,2.1
D,0.4028
T,-0.8679
V,-0.06492
A,-0.7927
V,-0.5702
G,-1.108
D,-1.141
G,-1.134
A,-1.136
N,-1.143
D,-1.141
I,0.166
S,-0.5249
F,-0.7277
K,1.528
K,0.922
A,-1.022
G,0.4405
L,0.3776
K,-0.1335
I,-0.5297
A,-1.117
F,-1.024
C,-0.8037
A,-1.02
K,-0.9719
P,0.1169
I,0.1559
L,-0.8244
K,-0.2824
E,1.096
K,1.018
A,-0.9999
D,-0.3219
I,0.336
C,0.192
I,-0.586
E,0.2942
K,1.257
R,-0.2492
D,-0.6781
L,-0.9748
R,0.5236
E,0.6641
I,-0.4754
L,-0.1087
K,1.377
Y,1.056
I,0.3159
K,1.349
