"pdb_aa","rate"
A,2.848
K,3.431
M,2.286
R,2.582
I,1.123
S,0.1738
P,3.467
E,2.289
L,0.7818
K,1.92
K,3.124
L,2.018
I,0.7843
E,1.729
K,1.821
Y,1.166
R,3.45
C,1.657
V,2.261
K,1.678
D,0.6537
T,1.367
E,0.9883
G,0.05641
M,1.135
S,0.05419
P,1.025
A,0.3511
K,1.882
V,0.1933
Y,1.386
K,0.8408
L,0.926
V,2.065
G,2.958
E,2.236
N,1.779
E,1.701
N,1.58
L,1.275
Y,0.524
L,0.4815
K,0.05111
M,1.249
T,0.6151
D,1.891
S,1.604
R,2.257
Y,2.029
K,1.155
G,1.179
T,0.7957
T,0.6137
Y,1.53
D,0.5615
V,0.4656
E,1.851
R,1.243
E,0.1367
K,1.144
D,1.58
M,0.4557
M,0.4617
L,2.198
W,0.2771
L,0.2672
E,1.826
G,1.74
K,0.9168
L,1.085
P,0.98
V,0.4159
P,0.2257
K,1.86
V,0.4776
L,0.9819
H,1.257
F,1.655
E,1.63
R,2.366
H,1.806
D,2.218
G,2.266
W,2.02
S,1.139
N,0.9234
L,0.3546
L,0.2396
M,0.4454
S,0.8412
E,0.5341
A,0.9983
D,1.845
G,0.05594
V,2.289
L,1.501
C,0.549
S,0.6595
E,0.6272
E,0.9941
Y,1.781
E,2.361
D,1.924
E,3.363
Q,2.229
S,1.796
P,0.918
E,2.343
K,2.142
I,1.11
I,0.9745
E,2.062
L,1.286
Y,1.084
A,0.2965
E,1.833
C,0.5122
I,0.2715
R,0.6942
L,1.998
F,0.5155
H,0.168
S,1.001
I,0.8119
D,0.6111
I,0.8484
S,1.877
D,1.787
C,0.1649
P,0.2248
Y,0.5068
T,0.6654
N,0.814
S,1.198
L,0.6127
D,2.031
S,3.089
R,0.6105
L,0.7616
A,1.722
E,1.74
L,0.2129
D,1.597
Y,1.693
L,0.8166
L,0.973
N,2.264
N,0.8594
D,0.8031
L,1.035
A,0.4479
D,0.3074
V,1.9
D,0.5221
C,1.027
E,0.4252
N,1.474
W,1.754
E,0.5122
E,1.87
D,0.6425
T,1.942
P,2.231
F,0.5215
K,3.119
D,0.9324
P,0.7992
R,2.256
E,1.815
L,0.5493
Y,1.38
D,1.878
F,1.32
L,0.2206
K,2.259
T,1.797
E,1.339
K,1.249
P,0.2067
E,2.906
E,0.5887
E,0.5369
L,1.295
V,0.1416
F,0.2645
S,0.4506
H,0.05095
G,0.05272
D,0.05084
L,0.4893
G,0.4944
D,0.5851
S,0.5138
N,0.05068
I,0.7039
F,0.7337
V,0.9825
K,1.96
D,1.947
G,1.472
K,2.079
V,0.5295
S,0.6268
G,0.247
F,0.5835
I,0.1972
D,0.05084
L,0.5155
G,0.4527
R,0.2138
S,0.5272
G,0.05619
R,0.8514
A,0.3071
D,0.05243
K,0.3793
W,0.8644
Y,0.5748
D,0.0512
I,0.276
A,0.09136
F,0.4944
C,0.5137
V,1.04
R,0.236
S,0.2296
I,0.3955
R,1.783
E,1.541
D,0.424
I,1.593
G,0.704
E,1.875
E,1.556
Q,1.741
Y,1.303
V,0.7894
E,2.2
L,2.146
F,0.4038
F,0.6286
D,1.992
L,2.648
L,0.1458
G,0.4489
I,1.636
K,2.196
P,1.198
D,0.4075
W,3.019
E,1.618
K,0.3492
I,0.8638
K,1.664
Y,0.6172
Y,0.3672
I,0.6673
L,0.3584
L,0.08089
D,0.05223
E,0.07815
L,0.4695
F,0.3944
