"pdb_aa","rate"
A,1.382
K,1.574
Q,2.086
R,0.7915
E,0.8717
S,2.357
T,0.3429
D,1.596
A,1.353
I,0.3492
F,0.415
V,0.7558
H,0.03202
C,0.1284
S,0.2692
A,0.1334
T,0.1386
K,0.8083
P,1.091
S,0.8425
Q,1.23
N,1.888
V,1.016
G,0.8411
V,0.7618
R,1.663
E,1.02
I,0.1352
R,1.036
Q,1.655
W,0.9996
H,0.03307
K,1.303
E,1.59
Q,0.5029
G,0.4011
W,0.5815
L,1.854
D,1.212
V,0.4614
G,0.04944
Y,0.0417
H,0.06872
F,1.036
I,0.3778
I,0.3618
K,0.8192
R,0.6316
D,0.4618
G,0.0327
T,1.261
V,0.7479
E,0.7877
A,2.141
G,0.377
R,0.1715
D,1.26
E,1.846
M,1.746
A,1.843
V,1.511
G,0.1634
S,0.1048
H,0.1178
A,0.6339
K,1.968
G,0.5093
Y,1.218
N,0.03193
H,1.56
N,1.708
S,0.1651
I,0.5937
G,0.2101
V,0.5086
C,0.2664
L,0.1958
V,0.4626
G,0.03282
G,0.05159
I,0.6381
D,0.8613
D,1.983
K,3.607
G,0.9106
K,2.136
F,0.9132
D,1.021
A,0.3349
N,0.1951
F,0.1704
T,0.06576
P,2.865
A,1.337
Q,0.03197
M,1.104
Q,1.887
S,0.7121
L,0.4305
R,2.312
S,2.378
L,0.4062
L,0.8497
V,2.341
T,2.097
L,0.3046
L,1.959
A,3.279
K,1.783
Y,0.8796
E,0.5609
G,3.304
A,0.5657
V,1.958
L,0.585
R,1.335
A,0.1342
H,0.03224
H,0.5143
E,0.3799
V,0.721
A,0.474
P,1.618
K,0.1299
A,0.9541
C,0.0362
P,0.03348
S,0.4409
F,0.2392
D,0.7958
L,0.3737
K,2.383
R,3.771
W,2.279
W,2.402
E,2.684
K,2.143
N,3.284
E,2.042
L,3.026
V,2.148
T,1.293
S,2.395
D,1.742
R,2.1
G,1.957
