"pdb_aa","rate"
A,0.352
K,0.5694
Q,1.147
R,-0.3142
E,-0.2237
S,1.453
T,-0.8207
D,0.594
A,0.3199
I,-0.8136
F,-0.7393
V,-0.3545
H,-1.172
C,-1.063
S,-0.9039
A,-1.057
T,-1.051
K,-0.2953
P,0.02351
S,-0.2567
Q,0.1808
N,0.9232
V,-0.06108
G,-0.2583
V,-0.3477
R,0.6694
E,-0.05646
I,-1.055
R,-0.03858
Q,0.66
W,-0.07941
H,-1.17
K,0.2633
E,0.5872
Q,-0.64
G,-0.755
W,-0.5514
L,0.8848
D,0.1606
V,-0.6869
G,-1.152
Y,-1.161
H,-1.13
F,-0.03788
I,-0.7813
I,-0.7994
K,-0.283
R,-0.4947
D,-0.6864
G,-1.171
T,0.2159
V,-0.3635
E,-0.3185
A,1.21
G,-0.7822
R,-1.014
D,0.2144
E,0.8762
M,0.7631
A,0.8722
V,0.4975
G,-1.023
S,-1.09
H,-1.075
A,-0.4922
K,1.013
G,-0.6328
Y,0.1675
N,-1.172
H,0.5531
N,0.7203
S,-1.021
I,-0.5375
G,-0.9706
V,-0.6336
C,-0.907
L,-0.9867
V,-0.6856
G,-1.171
G,-1.15
I,-0.4874
D,-0.2355
D,1.031
K,2.864
G,-0.1798
K,1.204
F,-0.1768
D,-0.05502
A,-0.8297
N,-0.9875
F,-1.015
T,-1.134
P,2.027
A,0.3015
Q,-1.172
M,0.03835
Q,0.9228
S,-0.4039
L,-0.7218
R,1.402
S,1.477
L,-0.7493
L,-0.2486
V,1.435
T,1.16
L,-0.8639
L,1.004
A,2.493
K,0.805
Y,-0.2148
E,-0.5746
G,2.522
A,-0.5692
V,1.003
L,-0.5474
R,0.2993
A,-1.056
H,-1.171
H,-0.6272
E,-0.7789
V,-0.3939
A,-0.6726
P,0.6187
K,-1.061
A,-0.1307
C,-1.167
P,-1.17
S,-0.7101
F,-0.9377
D,-0.3094
L,-0.786
K,1.482
R,3.049
W,1.365
W,1.504
E,1.822
K,1.211
N,2.499
E,1.097
L,2.208
V,1.218
T,0.2518
S,1.496
D,0.7587
R,1.163
G,1.001
