"pdb_aa","rate"
D,-0.5863
G,2.875
C,-0.1526
Y,-0.4283
T,0.1517
W,-0.5864
S,1.88
G,-0.4513
T,-0.2137
L,-0.7655
S,1.201
E,1.064
G,-1.236
S,0.4874
S,-0.04545
G,-1.202
E,1.158
A,-0.4254
V,-1.237
R,0.4709
Q,0.1677
L,-0.6041
Q,-1.238
I,-0.4881
R,-0.5886
V,-0.4133
A,-0.3142
G,-1.21
Y,-0.4132
P,0.03047
G,0.5307
T,2.193
G,-0.03852
A,2.009
Q,0.8491
L,-0.055
A,0.9536
I,0.5292
D,-1.238
G,-1.221
Q,4.279
F,-0.2194
G,-1.236
P,-0.09976
A,0.9199
T,-1.238
K,1.737
A,-0.1912
A,-1.238
V,-1.091
Q,0.5571
R,-0.04618
F,-1.237
Q,-1.238
S,1.228
A,-0.4748
Y,-0.1719
G,-1.126
L,-1.194
A,2.586
A,-0.1885
D,-1.236
G,-1.192
I,0.2855
A,-1.206
G,-1.214
P,1.071
A,1.705
T,-1.238
F,1.177
N,1.897
K,0.1414
I,-0.3799
Y,-0.6621
Q,1.233
L,-0.7952
Q,-0.5278
D,-0.127
D,1.383
D,-0.8048
C,-0.8195
T,-0.8803
P,-1.178
V,3.091
N,-0.865
F,-1.182
T,1.002
Y,0.6425
A,-0.2104
E,-1.163
L,-0.4838
N,0.1586
R,2.354
C,-0.3049
N,-0.293
S,-0.4732
D,1.789
W,-0.1843
S,0.7284
G,-0.8037
G,-1.111
K,0.6662
V,-0.7817
S,0.1651
A,0.1025
A,0.03977
T,0.1387
A,-0.3842
R,0.6849
A,0.9548
N,-0.9192
A,-0.5082
L,-0.1506
V,-0.367
T,1.117
M,-0.9868
W,-0.2082
K,-0.4826
L,-0.8783
Q,-0.9392
A,-1.223
M,0.6857
R,-1.235
H,-0.2635
A,-0.4855
M,-0.2398
G,-1.092
D,-0.5246
K,2.254
P,0.2351
I,0.5097
T,0.8944
V,-0.15
N,-0.4688
G,-1.151
G,-0.4563
F,-0.1535
R,-1.165
S,-0.8458
V,3.63
T,0.6997
C,-0.7138
N,-1.101
S,1.924
N,0.5846
V,-0.9709
G,-0.4501
G,-0.8313
A,-0.3053
S,-0.01964
N,0.6826
S,-1.038
R,-0.08689
H,-0.9863
M,0.9116
Y,0.693
G,-0.9925
H,0.4007
A,-0.8919
A,-0.489
D,-1.195
L,-0.2004
G,0.3708
A,0.4408
G,0.1229
S,0.00633
Q,0.2617
G,0.1853
F,0.9154
C,0.4041
A,1.746
L,0.4656
A,-0.4259
Q,1.343
A,0.707
A,-0.7086
R,-0.5348
N,0.49
H,-0.4154
G,-0.9327
F,-0.7355
T,1.04
E,-0.07995
I,-0.8023
L,-0.2625
G,-0.6112
P,-0.4568
G,-0.4818
Y,-0.07074
P,0.2177
G,1.29
H,-0.2886
N,1.256
D,-0.387
H,-0.6333
T,0.4903
H,-1.105
V,-0.135
A,-0.2161
G,-0.0687
G,-0.363
D,0.8741
G,0.7003
R,1.283
F,1.249
W,-0.5488
S,-0.1644
A,-0.4406
P,0.8502
S,0.8937
C,0.2316
G,0.03315
I,0.3231
