"pdb_aa","rate"
D,0.3795
G,1.921
C,0.5727
Y,0.4499
T,0.7083
W,0.3795
S,1.478
G,0.4397
T,0.5455
L,0.2997
S,1.176
E,1.115
G,0.08997
S,0.8578
S,0.6205
G,0.1052
E,1.157
A,0.4512
V,0.08963
R,0.8505
Q,0.7154
L,0.3716
Q,0.0892
I,0.4233
R,0.3785
V,0.4566
A,0.5007
G,0.1016
Y,0.4566
P,0.6543
G,0.8771
T,1.618
G,0.6235
A,1.535
Q,1.019
L,0.6162
A,1.066
I,0.8764
D,0.08913
G,0.09678
Q,2.547
F,0.543
G,0.09024
P,0.5963
A,1.05
T,0.08912
K,1.414
A,0.5555
A,0.08913
V,0.1547
Q,0.8889
R,0.6201
F,0.08969
Q,0.08913
S,1.188
A,0.4292
Y,0.5641
G,0.1392
L,0.1088
A,1.792
A,0.5567
D,0.09005
G,0.1097
I,0.7679
A,0.1036
G,0.09969
P,1.118
A,1.4
T,0.08912
F,1.165
N,1.486
K,0.7037
I,0.4715
Y,0.3457
Q,1.19
L,0.2865
Q,0.4056
D,0.5841
D,1.257
D,0.2822
C,0.2757
T,0.2486
P,0.1159
V,2.018
N,0.2554
F,0.1142
T,1.087
Y,0.9269
A,0.547
E,0.1226
L,0.4252
N,0.7113
R,1.689
C,0.5049
N,0.5102
S,0.4299
D,1.437
W,0.5586
S,0.9652
G,0.2827
G,0.1457
K,0.9375
V,0.2925
S,0.7142
A,0.6864
A,0.6584
T,0.7025
A,0.4696
R,0.9458
A,1.066
N,0.2312
A,0.4143
L,0.5736
V,0.4772
T,1.138
M,0.2011
W,0.5479
K,0.4257
L,0.2494
Q,0.2223
A,0.09568
M,0.9461
R,0.09056
H,0.5233
A,0.4244
M,0.5339
G,0.1545
D,0.407
K,1.645
P,0.7454
I,0.8678
T,1.039
V,0.5739
N,0.4319
G,0.1278
G,0.4375
F,0.5723
R,0.1216
S,0.2639
V,2.258
T,0.9524
C,0.3227
N,0.1502
S,1.498
N,0.9011
V,0.2082
G,0.4402
G,0.2704
A,0.5047
S,0.6319
N,0.9448
S,0.1781
R,0.602
H,0.2013
M,1.047
Y,0.9494
G,0.1986
H,0.8192
A,0.2434
A,0.4229
D,0.1084
L,0.5514
G,0.8059
A,0.8371
G,0.6955
S,0.6435
Q,0.7573
G,0.7232
F,1.048
C,0.8207
A,1.418
L,0.8481
A,0.451
Q,1.239
A,0.9556
A,0.325
R,0.4025
N,0.859
H,0.4556
G,0.2252
F,0.3131
T,1.104
E,0.6051
I,0.2833
L,0.5238
G,0.3685
P,0.4372
G,0.4261
Y,0.6092
P,0.7377
G,1.215
H,0.5121
N,1.2
D,0.4683
H,0.3586
T,0.8591
H,0.1486
V,0.5806
A,0.5444
G,0.6101
G,0.479
D,1.03
G,0.9527
R,1.212
F,1.197
W,0.3962
S,0.5674
A,0.4444
P,1.019
S,1.039
C,0.7439
G,0.6555
I,0.7846
