"pdb_aa","rate"
D,2.309
K,0.4983
K,0.7593
T,0.9451
I,0.5437
Y,0.06803
F,0.1036
I,0.1248
C,0.01128
T,0.006527
G,0.05149
N,0.009493
S,0.04754
C,0.05754
R,0.007381
S,0.006353
Q,0.02289
M,0.2866
A,0.03421
E,0.1145
G,0.1758
W,0.7735
G,0.3874
K,0.7373
E,1.584
I,1.049
L,0.4416
G,1.472
E,1.682
G,2.451
W,0.8127
N,1.277
V,0.4193
Y,1.398
S,0.006339
A,0.04013
G,0.02103
I,0.4332
E,0.1495
T,0.3976
H,0.117
G,0.06738
V,0.3514
N,0.04631
P,0.1763
K,1.155
A,0.04013
I,0.2887
E,1.2
A,0.3372
M,0.006839
K,1.216
E,0.07483
V,0.8141
D,0.7253
I,0.3515
D,0.06783
I,0.07111
S,0.2155
N,2.129
H,0.4015
T,0.6684
S,0.008222
D,0.4774
L,1.043
I,0.2638
D,0.4449
N,2.011
D,1.976
I,1.219
L,0.5788
K,0.9784
Q,1.741
S,0.3091
D,0.33
L,1.156
V,0.2689
V,0.2722
T,0.008973
L,0.07456
C,0.01121
S,0.1831
D,0.2409
A,0.009709
D,0.6662
N,0.2947
N,0.6994
C,0.01121
P,0.05721
I,1.244
L,0.328
P,0.3245
P,1.186
N,1.498
V,0.4567
K,1.448
K,0.4202
E,1.454
H,0.01087
W,0.4684
G,0.2563
F,0.1361
D,0.7817
D,0.02274
P,0.009209
A,0.07511
G,0.7273
K,0.2488
E,1.034
W,0.8841
S,1.947
E,0.9909
F,0.06607
Q,0.2187
R,1.122
V,0.1422
R,0.01233
D,0.176
E,0.6822
I,0.125
K,0.8085
L,2.698
A,0.5196
I,0.473
E,1.993
K,2.699
F,0.3647
K,1.004
L,2.682
R,1.268
