"pdb_aa","rate"
D,2.534
K,-0.1822
K,0.2092
T,0.4878
I,-0.1142
Y,-0.8275
F,-0.7742
I,-0.7424
C,-0.9126
T,-0.9198
G,-0.8523
N,-0.9153
S,-0.8583
C,-0.8433
R,-0.9185
S,-0.92
Q,-0.8952
M,-0.4997
A,-0.8783
E,-0.7578
G,-0.6658
W,0.2304
G,-0.3485
K,0.1761
E,1.446
I,0.6443
L,-0.2673
G,1.279
E,1.593
G,2.746
W,0.2893
N,0.9853
V,-0.3008
Y,1.167
S,-0.92
A,-0.8694
G,-0.898
I,-0.2799
E,-0.7054
T,-0.3333
H,-0.7541
G,-0.8285
V,-0.4026
N,-0.8601
P,-0.6651
K,0.8028
A,-0.8694
I,-0.4965
E,0.8703
A,-0.4239
M,-0.9193
K,0.8948
E,-0.8173
V,0.2914
D,0.1582
I,-0.4024
D,-0.8278
I,-0.8229
S,-0.6064
N,2.263
H,-0.3274
T,0.07277
S,-0.9172
D,-0.2136
L,0.6351
I,-0.534
D,-0.2624
N,2.087
D,2.033
I,0.8982
L,-0.06161
K,0.5377
Q,1.681
S,-0.466
D,-0.4347
L,0.804
V,-0.5262
V,-0.5213
T,-0.9161
L,-0.8177
C,-0.9127
S,-0.655
D,-0.5682
A,-0.915
D,0.06946
N,-0.4876
N,0.1193
C,-0.9127
P,-0.8437
I,0.9367
L,-0.4376
P,-0.4429
P,0.8484
N,1.317
V,-0.2446
K,1.242
K,-0.2994
E,1.25
H,-0.9133
W,-0.2272
G,-0.5451
F,-0.7254
D,0.2428
D,-0.8954
P,-0.9157
A,-0.8169
G,0.1611
K,-0.5564
E,0.6208
W,0.3962
S,1.991
E,0.5565
F,-0.8305
Q,-0.6016
R,0.7534
V,-0.7162
R,-0.9111
D,-0.6655
E,0.09352
I,-0.7421
K,0.2829
L,3.116
A,-0.1504
I,-0.2202
E,2.059
K,3.118
F,-0.3826
K,0.5765
L,3.093
R,0.9715
