"pdb_aa","rate"
K,0.9469
K,1.204
I,0.6337
I,0.7293
L,0.7802
T,0.1847
I,0.5484
G,0.03805
C,0.627
P,0.1792
G,0.419
S,0.1316
G,0.03829
K,0.03433
S,0.2174
T,0.06055
W,1.127
A,0.1143
R,0.9807
E,1.23
F,1.643
I,0.7803
A,1.361
K,1.622
N,1.035
P,1.495
G,1.212
F,1.945
Y,0.8573
N,0.4174
I,0.5371
N,0.2938
R,0.1674
D,0.03317
D,0.5541
Y,0.8419
R,0.03635
Q,2.05
S,0.6123
I,0.6191
A,0.7294
H,2.814
E,2.034
E,1.728
R,1.212
D,1.17
Y,1.189
T,0.9204
K,1.24
K,2.469
K,1.025
E,0.0375
G,1.577
I,0.9671
V,0.1801
T,0.532
G,2.226
Q,0.4349
F,1.624
D,1.048
T,1.21
A,0.5458
K,2.345
S,1.321
I,0.5308
L,0.4008
Y,0.8193
G,2.501
G,2.075
D,1.708
S,1.783
V,0.7558
K,1.38
G,0.6689
V,0.2044
I,0.4344
I,0.5271
S,0.159
D,0.2349
T,0.08132
N,0.1243
L,0.2448
N,0.4966
P,1.786
E,1.423
R,1.004
R,0.6301
L,1.25
A,1.592
W,1.017
E,1.103
T,1.617
F,1.585
A,0.2794
K,1.889
E,1.581
Y,1.853
G,0.9986
W,0.7609
K,2.023
V,1.013
E,1.556
H,0.7503
K,1.526
V,0.7381
F,0.6763
D,1.133
V,0.4967
P,1.27
W,1.081
T,1.143
E,0.7363
L,0.3826
V,1.08
K,1.151
R,0.1237
N,0.1769
S,0.9753
K,2.152
R,0.036
G,1.64
T,1.556
K,1.694
A,0.3963
V,0.1061
P,0.3468
I,0.878
D,1.812
V,0.5534
L,0.2031
R,0.6831
S,1.459
Y,0.6388
K,2.073
S,0.7531
R,1.504
E,1.49
Y,1.119
L,2.22
G,2.479
L,2.174
P,3.551
V,1.586
Y,0.9388
N,2.613
G,0.9004
T,0.842
P,2.255
G,2.009
K,0.985
P,0.2177
K,1.533
A,0.3228
V,0.4048
I,0.3582
F,0.2274
D,0.0368
V,0.4464
D,0.03708
G,0.0484
T,0.03555
L,0.3629
A,0.1753
K,1.311
N,1.687
G,1.322
R,0.08439
G,0.6556
P,0.2786
Y,0.743
D,0.5137
L,0.9092
E,1.439
K,0.6593
C,0.2854
D,1.48
T,1.608
D,0.03556
V,2.454
I,0.6867
N,0.4998
P,2.131
V,0.2105
V,0.6161
E,2.088
L,1.056
S,0.7457
K,1.695
Y,0.8386
A,1.196
L,1.278
G,0.369
Y,1.003
Q,1.85
I,0.5456
V,0.5301
V,0.7413
V,0.7723
S,0.03296
G,0.1119
R,0.03349
E,0.6126
S,0.8471
G,1.593
T,1.051
K,0.7505
E,1.859
D,1.171
P,1.754
T,3.292
K,1.512
Y,0.8241
Y,2.449
R,3.075
T,0.03347
R,2.146
K,1.672
W,0.2029
V,0.2442
E,3.04
D,2.182
I,0.9014
A,0.4364
G,2.163
V,0.6827
P,1.741
L,1.582
V,0.8379
Q,0.3423
C,1.587
Q,0.185
R,0.03727
E,1.748
Q,1.353
G,0.7635
D,0.06196
T,1.617
R,0.03693
K,0.8604
D,0.03647
D,1.011
V,0.7115
V,0.237
K,0.03444
E,1.007
E,0.1597
I,0.447
F,0.4391
W,1.068
K,1.832
H,1.09
I,0.2699
A,0.6241
P,1.461
H,1.239
F,0.6119
D,0.6734
V,0.4065
K,1.273
L,1.12
A,0.2448
I,0.5141
D,0.0369
D,0.03688
R,0.0372
T,1.079
Q,0.3331
V,0.04065
V,0.09673
E,0.8426
W,0.2188
R,0.06958
R,1.186
I,0.6068
G,0.335
V,0.3069
E,0.4587
C,0.3132
W,0.9733
Q,0.08845
V,0.1091
A,0.6104
S,0.9894
G,0.1781
D,0.4367
F,0.142
