"pdb_aa","rate"
M,0.7051
F,0.1113
K,-0.09735
A,-0.6708
V,-0.5035
L,-0.7121
F,-0.9988
L,-1.001
D,-1.024
G,-1.024
V,-0.9993
I,-0.8055
T,-0.9056
D,-0.9701
T,-0.962
A,-0.9918
E,-0.3815
Y,-0.2817
H,-1.026
F,-0.01431
R,0.1097
A,-1.021
W,-1.014
K,-0.08336
A,0.5369
L,-0.4919
A,-0.8553
E,0.6537
E,0.3259
I,-0.2049
G,-0.1823
I,-0.5344
N,0.8522
G,-0.5176
V,-0.6489
D,-0.6216
R,-0.08102
Q,0.831
F,-0.286
N,-0.9627
E,-0.7662
Q,0.1913
L,-0.9573
K,-0.9976
G,-1.024
V,-0.7011
S,-0.8988
R,-1.026
E,-0.2834
D,-0.04592
S,-1.026
L,-0.9722
Q,0.3105
K,-0.2573
I,-0.8658
L,-0.8864
D,0.8349
L,0.6774
A,-0.5895
D,0.6277
K,1.154
K,2.159
V,0.2467
S,-0.08249
A,1.213
E,0.4884
E,0.04011
F,-0.4103
K,1.192
E,1.283
L,-0.2712
A,-0.7501
K,1.182
R,0.4587
K,-1.026
N,-1.026
D,0.9384
N,0.5234
Y,-0.9802
V,-0.1382
K,0.6933
M,-0.1641
I,-0.8132
Q,1.201
D,1.199
V,-0.5872
S,-0.1582
P,0.3741
A,1.011
D,-0.6018
V,-0.4318
Y,-0.8284
P,-0.8003
G,-0.8861
I,-0.6652
L,2.719
Q,1.206
L,-0.2221
L,-0.5109
K,2.719
D,1.203
L,-0.3731
R,-0.01184
S,2.719
N,1.117
K,0.3452
I,-0.2569
K,0.04626
I,-0.1959
A,-0.4775
L,-0.5731
A,-0.967
S,-1.027
A,-0.9201
S,-1.026
K,-0.8038
N,-1.022
G,-0.9201
P,0.08472
F,1.027
L,-0.9323
L,-0.6969
E,0.7366
R,-0.1239
M,-0.6952
N,0.8875
L,-0.3894
T,1.205
G,1.213
Y,1.206
F,-0.9551
D,-0.539
A,-0.1026
I,-0.6259
A,-0.7527
D,-0.932
P,-0.9364
A,-0.2618
E,0.4981
V,-0.6863
A,0.6252
A,0.4782
S,-0.7329
K,-1.026
P,-1.024
A,-0.6612
P,-1.024
D,-0.791
I,-0.8918
F,-0.8943
I,-0.1391
A,0.04396
A,-0.7382
A,-0.9194
H,1.123
A,0.6414
V,-0.3372
G,1.056
V,-0.01642
A,2.719
P,-0.1154
S,2.701
E,1.139
S,-0.5613
I,-0.3948
G,-0.9679
L,-0.6187
E,-1.026
D,-1.026
S,-0.8512
Q,0.1771
A,-0.8942
G,-1.015
I,-0.5298
Q,0.3459
A,-0.8434
I,-0.9236
K,-0.2642
D,0.02839
S,-0.7497
G,-0.2481
A,-0.8921
L,0.7656
P,-0.5851
I,-0.4604
G,-0.8303
V,-0.6637
G,-0.8984
R,0.6617
P,2.455
E,1.205
D,0.6408
L,-0.7726
G,1.149
D,0.6612
D,-0.9134
I,-0.3339
V,1.206
I,0.006136
V,-0.349
P,1.205
D,0.2671
T,-0.7464
S,0.7661
H,1.144
Y,-0.2868
T,0.3816
L,1.204
E,1.212
F,1.204
L,-0.1986
K,2.719
E,2.714
V,0.9289
W,1.109
L,2.631
Q,2.696
K,2.696
Q,2.404
K,2.717
