"pdb_aa","rate"
M,2.004
F,1.321
K,1.081
A,0.4216
V,0.614
L,0.3741
F,0.04449
L,0.0422
D,0.01572
G,0.01596
V,0.04392
I,0.2667
T,0.1516
D,0.07739
T,0.08679
A,0.05254
E,0.7542
Y,0.8689
H,0.01288
F,1.176
R,1.319
A,0.01856
W,0.02701
K,1.097
A,1.81
L,0.6273
A,0.2095
E,1.944
E,1.568
I,0.9572
G,0.9832
I,0.5784
N,2.173
G,0.5977
V,0.4467
D,0.4781
R,1.1
Q,2.148
F,0.864
N,0.08598
E,0.3119
Q,1.413
L,0.09221
K,0.04581
G,0.01595
V,0.3867
S,0.1595
R,0.01318
E,0.867
D,1.14
S,0.01314
L,0.07502
Q,1.55
K,0.897
I,0.1974
L,0.1737
D,2.153
L,1.972
A,0.515
D,1.914
K,2.52
K,3.675
V,1.476
S,1.098
A,2.588
E,1.754
E,1.239
F,0.7211
K,2.563
E,2.668
L,0.881
A,0.3304
K,2.552
R,1.72
K,0.01372
N,0.01263
D,2.272
N,1.795
Y,0.06587
V,1.034
K,1.99
M,1.004
I,0.2579
Q,2.573
D,2.572
V,0.5177
S,1.011
P,1.623
A,2.355
D,0.5009
V,0.6963
Y,0.2404
P,0.2727
G,0.1741
I,0.428
L,4.319
Q,2.579
L,0.9374
L,0.6054
K,4.319
D,2.576
L,0.7638
R,1.179
S,4.319
N,2.477
K,1.59
I,0.8974
K,1.246
I,0.9676
A,0.6438
L,0.5339
A,0.08097
S,0.01246
A,0.135
S,0.01309
K,0.2686
N,0.01786
G,0.135
P,1.29
F,2.374
L,0.1209
L,0.3916
E,2.04
R,1.05
M,0.3936
N,2.213
L,0.7451
T,2.578
G,2.588
Y,2.58
F,0.0947
D,0.5731
A,1.075
I,0.4731
A,0.3274
D,0.1212
P,0.1162
A,0.8918
E,1.765
V,0.4038
A,1.912
A,1.743
S,0.3501
K,0.01372
P,0.015
A,0.4326
P,0.015
D,0.2834
I,0.1675
F,0.1646
I,1.033
A,1.243
A,0.3441
A,0.1358
H,2.484
A,1.93
V,0.8051
G,2.407
V,1.174
A,4.319
P,1.06
S,4.298
E,2.502
S,0.5475
I,0.739
G,0.07997
L,0.4814
E,0.01351
D,0.01313
S,0.2141
Q,1.396
A,0.1647
G,0.02527
I,0.5837
Q,1.59
A,0.2231
I,0.1309
K,0.8891
D,1.225
S,0.3309
G,0.9075
A,0.1672
L,2.073
P,0.5201
I,0.6635
G,0.2382
V,0.4298
G,0.1599
R,1.954
P,4.016
E,2.578
D,1.93
L,0.3046
G,2.514
D,1.953
D,0.1426
I,0.8089
V,2.579
I,1.2
V,0.7916
P,2.578
D,1.5
T,0.3346
S,2.074
H,2.509
Y,0.8631
T,1.632
L,2.577
E,2.587
F,2.578
L,0.9645
K,4.319
E,4.313
V,2.261
W,2.468
L,4.218
Q,4.292
K,4.293
Q,3.957
K,4.316
