"pdb_aa","rate"
M,0.4915
I,0.4582
D,1.292
K,2.468
S,1.154
A,1.415
F,1.966
V,0.194
H,0.2768
P,1.218
T,0.8579
A,0.1611
I,0.773
V,0.8462
E,0.8075
E,1.791
G,1.962
A,0.1022
S,2.578
I,0.695
G,0.9347
A,2.553
N,1.541
A,0.1769
H,2.554
I,0.7128
G,0.03551
P,0.6617
F,1.246
C,0.9563
I,1.573
V,0.5302
G,0.5063
P,1.997
H,1.775
V,0.05739
E,2.557
I,0.269
G,0.8433
E,1.559
G,1.173
T,0.5762
V,2.359
L,0.8835
K,1.338
S,0.7088
H,0.07295
V,0.5453
V,0.2333
V,0.9624
N,1.2
G,0.1274
H,1.105
T,0.2193
K,2.085
I,0.3667
G,0.01946
R,2.576
D,1.407
N,0.05577
E,2.001
I,0.2463
Y,1.294
Q,0.3972
F,0.4394
A,0.9591
S,0.2582
I,0.8319
G,0.01946
E,0.4917
V,1.636
N,0.1986
Q,0.02136
D,0.02106
L,0.3585
K,0.04362
Y,0.381
A,1.943
G,0.7455
E,0.01538
P,1.501
T,0.09905
R,1.889
V,0.2329
E,1.454
I,0.3647
G,0.01946
D,0.5396
R,0.978
N,0.01716
R,1.104
I,0.3511
R,0.08241
E,0.07249
S,0.948
V,0.8471
T,0.2072
I,0.9395
H,0.1811
R,0.4517
G,0.03549
T,0.02597
V,1.925
Q,0.2338
G,0.2962
G,2.571
G,1.491
L,1.827
T,0.01335
K,1.918
V,0.8739
G,0.03551
S,1.157
D,0.8792
N,0.1015
L,0.1538
L,1.027
M,0.0711
I,0.3998
N,0.3599
A,0.7273
H,0.01411
I,0.7724
A,0.1335
H,0.01411
D,0.02102
C,0.2696
T,2.095
V,1.08
G,0.2382
N,1.115
R,1.301
C,0.8386
I,0.3286
L,1.389
A,0.1652
N,0.08658
N,0.5105
A,0.6787
T,0.5166
L,0.6412
A,0.1994
G,0.01946
H,0.01923
V,0.1761
S,1.925
V,0.9713
D,1.261
D,0.2749
F,2.741
A,0.5344
I,0.2827
I,0.8721
G,0.2381
G,0.122
M,0.9957
T,0.6513
A,0.5708
V,0.5379
H,0.07362
Q,0.02112
F,0.2041
C,0.86
I,1.636
I,0.6942
G,0.0811
A,1.005
H,0.4255
V,0.744
M,0.3302
V,1.425
G,0.4491
G,0.7838
C,1.012
S,0.394
G,1.092
V,0.7408
A,1.346
Q,0.4102
D,0.07937
V,0.7831
P,0.2548
P,0.1718
Y,1.279
V,0.644
I,0.7806
A,0.5466
Q,1.065
G,0.08221
N,0.7221
H,0.7335
A,0.283
T,2.475
P,0.5705
F,1.159
G,0.444
V,0.849
N,0.02794
I,1.946
E,0.454
G,0.03519
L,0.403
K,0.8568
R,0.08209
R,0.2934
G,0.4262
F,0.7007
S,1.211
R,2.536
E,1.741
A,1.559
I,0.8964
T,2.11
A,1.431
I,0.7456
R,0.9713
N,1.878
A,0.3927
Y,0.3172
K,0.6718
L,2.574
I,1.209
Y,0.3532
R,0.3754
S,1.291
G,1.154
K,1.203
T,1.002
L,1.599
D,1.999
E,1.342
V,0.3148
K,2.097
P,4.142
E,2.554
I,1.09
A,2.58
E,4.319
L,2.58
A,1.893
E,4.319
T,4.319
Y,4.313
P,2.516
E,1.383
V,1.393
K,2.579
A,4.319
F,1.513
T,2.57
D,1.734
F,0.2097
F,1.261
A,2.656
R,2.579
S,0.4894
T,2.415
R,0.02148
G,0.1853
L,0.3195
I,0.8865
R,0.05417
