"pdb_aa","rate"
M,0.3339
V,1.03
N,0.7186
P,0.3485
T,1.229
V,0.4075
F,0.9234
F,0.4328
D,0.3771
I,0.6178
A,1.059
V,0.8386
D,0.8156
G,1.02
E,1.819
P,1.111
L,0.9407
G,0.3807
R,0.488
V,0.4927
S,0.6035
F,0.5928
E,0.3654
L,0.1688
F,0.59
A,0.5077
D,0.1918
K,0.4251
V,0.4363
P,0.07577
K,0.3107
T,0.08202
A,0.1486
E,0.133
N,0.04352
F,0.1941
R,0.3356
A,0.2088
L,0.09854
S,0.1942
T,0.07484
G,0.3233
E,0.2098
K,0.2048
G,0.1026
F,0.6861
G,0.3391
Y,0.6026
K,0.3392
G,0.6536
S,0.1918
C,1.238
F,0.1437
H,0.1221
R,0.06735
I,0.3312
I,0.07798
P,0.3028
G,1.143
F,0.1396
M,0.1281
C,0.3233
Q,0.02516
G,0.1896
G,0.2084
D,0.06619
F,0.1763
T,0.06771
R,0.909
H,0.2892
N,0.1724
G,0.1719
T,0.05487
G,0.1017
G,0.2566
K,0.1885
S,0.08503
I,0.0783
Y,0.2414
G,0.2576
E,1.05
K,0.244
F,0.1774
E,1.254
D,0.09848
E,0.1345
N,0.07654
F,0.1582
I,1.096
L,0.2576
K,0.4124
H,0.0875
T,0.3659
G,0.6012
P,0.7637
G,0.1931
I,0.6126
L,0.1153
S,0.06478
M,0.06821
A,0.05808
N,0.07686
A,0.1881
G,0.1566
P,0.5353
N,0.2544
T,0.1138
N,0.09786
G,0.4542
S,0.02341
Q,0.1344
F,0.2382
F,0.1759
I,0.3984
C,0.2827
T,0.1387
A,0.7651
K,0.776
T,0.1391
E,1.165
W,0.4136
L,0.02725
D,0.1775
G,0.4198
K,0.2343
H,0.1873
V,0.1127
V,0.08936
F,0.1743
G,0.1025
K,1.278
V,0.201
K,0.7826
E,0.5322
G,0.156
M,0.5568
N,0.4762
I,0.3947
V,0.2334
E,1.087
A,0.7123
M,0.722
E,0.2241
R,1.096
F,1.288
G,0.2291
S,0.2781
R,1.322
N,0.4078
G,0.2063
K,0.7227
T,0.352
S,0.6898
K,0.8295
K,0.651
I,0.4408
T,0.8477
I,0.3844
A,0.7964
D,0.612
C,0.5688
G,0.2332
Q,0.3116
L,0.6243
E,1.38
