"pdb_aa","rate"
G,0.9697
F,0.5635
L,0.2666
S,1.858
G,0.4291
K,0.06889
R,0.466
I,0.4747
L,0.2061
V,0.3695
T,0.333
G,0.01178
V,0.5612
A,0.13
S,0.07055
K,0.5301
L,0.4051
S,0.006817
I,0.06949
A,0.04059
Y,0.8473
G,0.09458
I,0.07625
A,0.1035
Q,1.547
A,0.4348
M,0.7679
H,1.215
R,1.23
E,0.8618
G,0.061
A,0.04954
E,0.4892
L,0.5033
A,0.09923
F,0.3642
T,0.1387
Y,0.3082
Q,0.2879
N,0.4849
D,0.9181
K,0.4029
L,0.542
K,1.115
G,1.032
R,0.03982
V,0.1724
E,1.569
E,0.9195
F,0.8384
A,0.1245
A,1.623
Q,1.274
L,1.459
G,1.195
S,0.3919
D,2.696
I,1.171
V,0.8744
L,1.581
Q,0.8949
C,0.2304
D,0.04812
V,0.05999
A,1.181
E,1.161
D,0.5489
A,1.91
S,0.7396
I,0.459
D,1.535
T,1.619
M,1.252
F,0.3994
A,2.703
E,2.7
L,0.6225
G,2.688
K,2.701
V,2.035
W,0.2221
P,0.8693
K,1.996
F,0.8469
D,0.02785
G,0.3857
F,1.126
V,0.1438
H,0.007762
S,0.3379
I,0.2226
G,0.3354
F,0.7077
A,0.09074
P,0.2155
G,0.5913
D,0.9962
Q,0.5325
L,0.1247
D,0.995
G,0.0444
D,0.845
Y,0.4817
V,0.8782
N,0.9196
A,0.9134
V,0.486
T,0.5511
R,0.3552
E,1.045
G,0.5587
F,0.165
K,1.935
I,0.8799
A,0.2518
H,0.2051
D,0.4597
I,0.2342
S,0.01027
S,0.5299
Y,0.2863
S,0.01025
F,0.4549
V,0.5284
A,0.2137
M,0.6851
A,0.3847
K,0.7758
A,0.3973
C,0.4697
R,0.9951
S,1.632
M,0.9048
L,0.3024
N,1.295
P,1.105
G,1.479
S,0.6729
A,0.5646
L,1.021
L,0.8533
T,0.09762
L,0.2074
S,0.4962
Y,0.08333
L,0.3408
G,0.02579
A,0.2628
E,0.7231
R,0.4836
A,0.5452
I,0.7638
P,0.211
N,0.2768
Y,0.01246
N,0.007243
V,0.1048
M,0.007577
G,0.02605
L,0.4868
A,0.01238
K,0.00909
A,0.07669
S,0.1045
L,0.01149
E,0.04233
A,0.2244
N,0.3025
V,0.2833
R,0.2531
Y,0.2127
M,0.5659
A,0.03285
N,1.26
A,0.4702
M,0.5058
G,0.01178
P,1.554
E,1.81
G,0.8348
V,0.4011
R,0.01571
V,0.1747
N,0.01198
A,0.4005
I,0.3538
S,0.006817
A,0.08548
G,0.02593
P,0.115
I,0.1497
R,0.3412
T,0.007086
L,0.07593
A,0.01231
A,0.07967
S,0.2986
G,0.1135
I,0.05782
K,0.8022
D,0.5918
F,0.1462
R,0.5476
K,0.9618
M,0.29
L,0.4512
A,1.337
H,1.573
C,0.5136
E,0.5827
A,2.108
V,0.9268
T,0.6878
P,0.1328
I,0.4824
R,0.5218
R,0.1991
T,0.3414
V,0.1814
T,0.3531
I,0.6
E,0.9935
D,0.576
V,0.107
G,0.02598
N,0.4613
S,0.972
A,0.2932
A,0.3843
F,0.1522
L,0.3817
C,0.5464
S,0.006826
D,0.3625
L,0.4043
S,0.4568
A,0.5955
G,0.3461
I,0.3752
S,0.09666
G,0.2664
E,0.1903
V,0.8968
V,0.8545
H,0.3672
V,0.0963
D,0.01539
G,0.9524
G,0.02601
F,0.5945
S,0.4572
I,0.8918
A,0.6327
A,0.4828
M,0.6223
N,1.088
E,1.476
L,2.001
