"pdb_aa","rate"
A,0.9355
R,0.9671
V,1.003
R,0.5209
N,0.4504
L,0.4254
N,2.43
R,2.025
I,0.5304
I,1.752
M,1.495
G,0.1936
K,1.905
Y,1.963
E,0.45
I,1.064
E,1.848
P,0.6699
W,0.3204
Y,0.1989
F,0.7929
S,0.09679
P,0.1711
Y,0.6135
P,0.1711
I,1.493
E,1.817
L,1.651
T,1.27
D,1.921
E,2.706
D,2.166
F,2.099
I,1.129
Y,0.86
I,0.8064
D,0.4578
D,0.2766
F,0.7121
T,0.6787
L,0.1852
Q,0.9213
Y,0.5999
F,1.545
G,1.615
S,0.9388
K,2.254
K,1.448
Q,1.994
Y,2.372
E,2.055
R,0.8632
Y,0.2172
R,2.206
K,1.843
K,0.7557
C,0.1972
T,2.305
L,1.422
R,1.392
H,0.6052
P,0.1618
P,0.3176
G,0.1782
N,0.9562
E,0.1319
I,0.2036
Y,0.1884
R,0.2406
D,1.479
D,1.755
Y,1.999
V,0.5868
S,0.3917
F,0.4492
F,0.5609
E,0.1319
I,0.4725
D,0.2359
G,0.1782
R,0.2555
K,0.6757
Q,0.7822
R,0.8473
T,1.387
W,0.4154
C,0.5437
R,0.3613
N,0.1943
L,0.3469
C,0.1972
L,0.1751
L,0.3526
S,0.4108
K,0.1368
L,0.7602
F,0.1808
L,0.1751
D,0.121
H,0.1113
K,0.1368
T,0.1888
L,0.1751
Y,0.8269
Y,0.5573
D,0.121
V,0.3311
D,0.3739
P,0.1618
F,0.1808
L,0.5431
F,0.3597
Y,0.1884
C,0.8814
M,0.3971
T,0.6353
R,1.384
R,2.452
D,0.2543
E,3.027
L,3.381
G,0.1782
H,2.294
H,0.1113
L,1.08
V,0.4394
G,0.1782
Y,0.5675
F,0.1808
S,0.09134
K,0.1368
E,0.1319
K,0.1368
E,0.9215
S,0.09134
A,1.446
D,1.107
G,1.43
Y,0.5429
N,0.101
V,0.4896
A,0.2017
S,0.3827
I,0.1025
L,0.1751
T,0.3014
L,0.8826
P,0.1618
Q,0.548
Y,1.134
Q,0.246
R,0.24
M,1.999
G,0.1782
Y,0.5817
G,0.3504
K,0.6177
L,1.155
L,0.3508
I,0.1025
E,0.7956
F,0.3603
S,0.09134
Y,0.1884
E,0.8763
L,0.1751
S,0.09134
K,0.5662
K,3.454
E,0.1319
N,3.261
K,0.7734
V,0.8868
G,0.1782
S,0.2742
P,0.1618
E,0.1319
K,0.4124
P,0.1618
L,0.1751
S,0.09134
D,0.121
L,0.1751
G,0.1782
L,0.7408
L,0.8663
S,0.2735
Y,0.1884
R,0.1222
A,0.4203
Y,0.3738
W,0.3059
S,0.7617
D,1.372
T,1.287
L,0.8178
I,0.9182
T,1.116
L,2.026
L,0.5361
V,3.108
E,2.269
H,3.54
Q,2.356
K,1.663
E,2.326
I,0.9051
T,0.5503
I,0.3053
D,1.577
E,0.9029
I,0.326
S,0.5001
S,1.991
M,2.446
T,0.2048
S,0.6207
M,0.5718
T,1.338
T,0.9503
T,2.115
D,0.121
I,0.6802
L,0.8132
H,0.6749
T,0.1887
A,0.5956
K,0.6498
T,1.825
L,0.8095
N,0.7329
I,0.8792
L,0.8579
R,1.084
Y,0.6131
Y,0.897
K,0.7071
G,0.5471
Q,1.358
H,0.391
I,1.12
I,1.024
F,1.66
L,0.8548
N,1.532
E,1.447
D,1.944
I,2.204
L,1.295
D,1.518
R,1.578
Y,1.19
N,2.499
R,1.341
L,2.57
K,2.308
A,3.255
K,0.8815
K,1.104
R,1.772
R,1.658
T,1.567
I,0.5924
D,0.5749
P,2.45
N,2.523
R,2.728
L,0.5801
I,1.995
W,0.6505
K,1.026
P,0.6995
P,1.432
