"pdb_aa","rate"
D,2.321
F,0.8866
E,2.376
T,0.5926
I,2.088
S,1.916
S,0.6063
E,2.375
T,1.361
L,1.051
H,1.221
T,2.077
G,0.168
A,1.371
I,0.351
F,0.9592
A,0.6106
L,0.6127
R,0.3279
R,1.037
D,0.1813
Q,2.082
V,0.2465
R,1.876
M,0.2091
P,0.5239
G,1.065
G,0.7275
G,1.876
I,1.826
V,0.6919
T,2.38
R,0.03217
E,0.2756
V,0.6067
V,0.5586
E,0.6842
H,0.04324
F,0.7388
G,0.1845
A,0.08299
V,0.1501
A,0.3387
I,0.5207
V,0.6645
A,0.1501
M,1.292
D,0.2663
D,1.775
N,3.771
G,2.086
N,0.9512
I,0.5637
P,0.8431
M,0.8098
V,0.8363
Y,1.168
Q,0.03261
Y,0.0523
R,0.03217
H,0.1183
T,0.4289
Y,0.5878
G,0.6661
R,1.806
R,0.9029
L,0.479
W,0.6806
E,0.03231
L,0.6241
P,0.0332
A,0.03216
G,0.03391
L,0.3513
L,0.23
D,0.03215
V,1.412
A,1.836
G,0.5838
E,0.03314
P,1.675
P,0.7847
H,1.323
L,2.636
T,0.4547
A,0.0341
A,1.355
R,0.0327
E,0.03315
L,0.03728
R,1.204
E,0.03312
E,0.03231
V,0.4387
G,0.3021
L,0.6766
Q,1.548
A,0.03839
S,3.752
T,2.38
W,0.4115
Q,1.734
V,0.5575
L,0.1113
V,1.046
D,0.139
L,1.828
D,1.32
T,0.7036
A,0.2834
P,0.1846
G,0.03389
F,0.5155
S,0.7313
D,0.5305
E,0.03312
S,0.6558
V,0.6898
R,0.1118
V,0.8704
Y,0.953
L,0.3516
A,0.03263
T,0.5003
G,1.378
L,0.839
R,1.588
E,2.272
V,0.7927
G,1.49
R,1.308
P,1.272
E,1.882
A,0.9037
H,0.8145
H,1.065
E,0.03231
E,0.03313
A,0.4443
D,0.3997
M,0.5878
T,1.69
M,2.352
G,1.936
W,0.848
Y,0.8372
P,1.14
I,0.7976
A,2.374
E,1.378
A,0.2465
A,0.6239
R,2.379
R,1.048
V,0.6151
L,1.085
R,1.432
G,0.04725
E,1.561
I,0.6891
V,0.7199
N,0.08241
S,0.8444
I,0.8936
A,0.414
I,0.6187
A,1.105
G,0.3079
V,1
L,0.4251
A,0.3593
V,0.4932
H,1.815
A,1.072
V,0.8572
T,1.602
T,2.293
G,3.6
F,2.379
A,2.368
Q,2.482
P,0.9944
R,0.1052
P,1.323
L,1.031
D,1.204
T,0.7849
E,1.06
W,0.6356
I,1.749
D,0.8017
R,0.4867
P,0.335
T,1.687
A,1.723
F,1.723
A,1.007
A,2.38
R,0.424
R,1.54
