"pdb_aa","rate"
D,1.78
F,-0.07164
E,1.852
T,-0.4513
I,1.479
S,1.257
S,-0.4335
E,1.851
T,0.5408
L,0.1401
H,0.3601
T,1.466
G,-0.9995
A,0.5541
I,-0.7632
F,0.02209
A,-0.428
L,-0.4253
R,-0.793
R,0.1222
D,-0.9823
Q,1.471
V,-0.8981
R,1.206
M,-0.9463
P,-0.5399
G,0.1593
G,-0.277
G,1.206
I,1.141
V,-0.323
T,1.856
R,-1.175
E,-0.8605
V,-0.4329
V,-0.4952
E,-0.3329
H,-1.161
F,-0.2624
G,-0.9782
A,-1.109
V,-1.023
A,-0.779
I,-0.5441
V,-0.3584
A,-1.023
M,0.4524
D,-0.8726
D,1.075
N,3.653
G,1.477
N,0.01182
I,-0.4885
P,-0.1278
M,-0.1708
V,-0.1366
Y,0.2919
Q,-1.174
Y,-1.149
R,-1.175
H,-1.064
T,-0.6625
Y,-0.4574
G,-0.3564
R,1.115
R,-0.05055
L,-0.5978
W,-0.3376
E,-1.175
L,-0.4106
P,-1.174
A,-1.175
G,-1.173
L,-0.7628
L,-0.9193
D,-1.175
V,0.6064
A,1.154
G,-0.4626
E,-1.174
P,0.9458
P,-0.2031
H,0.4921
L,2.187
T,-0.6293
A,-1.172
A,0.5326
R,-1.174
E,-1.174
L,-1.168
R,0.3376
E,-1.174
E,-1.175
V,-0.6499
G,-0.8263
L,-0.3427
Q,0.7819
A,-1.167
S,3.629
T,1.857
W,-0.6851
Q,1.022
V,-0.4965
L,-1.073
V,0.1339
D,-1.037
L,1.143
D,0.4877
T,-0.3078
A,-0.8504
P,-0.978
G,-1.173
F,-0.5507
S,-0.2721
D,-0.5313
E,-1.174
S,-0.3696
V,-0.3256
R,-1.072
V,-0.09257
Y,0.01417
L,-0.7623
A,-1.174
T,-0.5704
G,0.5634
L,-0.1331
R,0.8344
E,1.718
V,-0.1928
G,0.7075
R,0.4727
P,0.4254
E,1.214
A,-0.04948
H,-0.1647
H,0.1591
E,-1.175
E,-1.174
A,-0.6426
D,-0.7003
M,-0.4575
T,0.9662
M,1.821
G,1.284
W,-0.1215
Y,-0.1354
P,0.256
I,-0.1865
A,1.848
E,0.5624
A,-0.8981
A,-0.4109
R,1.855
R,0.1362
V,-0.4221
L,0.1846
R,0.6326
G,-1.155
E,0.7991
I,-0.3266
V,-0.2869
N,-1.11
S,-0.1261
I,-0.06255
A,-0.6819
I,-0.4175
A,0.2107
G,-0.8188
V,0.0748
L,-0.6674
A,-0.7524
V,-0.5796
H,1.127
A,0.1672
V,-0.1096
T,0.8522
T,1.745
G,3.432
F,1.856
A,1.841
Q,1.989
P,0.06758
R,-1.081
P,0.4921
L,0.1148
D,0.3383
T,-0.203
E,0.152
W,-0.3956
I,1.041
D,-0.1812
R,-0.588
P,-0.7838
T,0.9615
A,1.008
F,1.008
A,0.08325
A,1.856
R,-0.6689
R,0.7724
