"pdb_aa","rate"
M,3.237
Q,3.289
A,2.921
S,1.854
Q,1.36
F,0.1603
S,0.8652
A,3.193
Q,2.062
V,0.5425
L,0.1561
D,1.712
W,0.2749
Y,0.5462
D,0.6369
K,3.116
Y,1.645
G,0.1579
R,0.1066
K,0.1204
T,3.302
L,0.1561
P,0.1425
W,0.2749
Q,0.1039
I,0.7626
D,1.352
K,0.4816
T,0.4861
P,0.753
Y,0.1674
K,3.548
V,0.09142
W,0.2749
L,0.5402
S,0.0779
E,0.1164
V,0.3295
M,0.09238
L,0.1561
Q,0.1039
Q,0.1039
T,0.0837
Q,0.1039
V,0.09142
A,0.6413
T,0.0837
V,0.09142
I,0.3247
P,0.5914
Y,0.1674
F,1.322
E,1.619
R,0.473
F,0.1603
M,0.9004
A,1.901
R,2.755
F,0.5267
P,0.1425
T,1.112
V,0.5567
T,2.666
D,2.015
L,0.1561
A,0.0895
N,0.655
A,0.0895
P,1.236
L,1.011
D,0.106
E,0.3854
V,0.3067
L,0.1561
H,0.09584
L,0.985
W,0.2749
T,0.0837
G,0.1579
L,0.1561
G,0.1579
Y,0.1674
Y,0.1674
A,0.2995
R,0.1066
A,0.0895
R,0.1066
N,0.08656
L,0.1561
H,0.3495
K,0.1204
A,0.5166
A,0.0895
Q,0.338
Q,3.805
V,0.5599
A,1.762
T,2.965
L,2.174
H,1.924
G,2.428
G,0.1579
K,1.131
F,0.1603
P,0.1425
E,4.425
T,2.638
F,1.526
E,0.3829
E,0.8958
V,0.921
A,2.43
A,0.3201
L,0.1561
P,0.4506
G,0.1579
V,0.6147
G,0.1579
R,0.1066
S,0.0779
T,0.0837
A,0.0895
G,0.4602
A,0.0895
I,0.3349
L,0.6333
S,0.0779
L,0.8199
S,1.132
L,3.588
G,1.407
K,1.412
H,1.019
F,1.256
P,1.055
I,0.08898
L,0.1561
N,0.3478
G,0.1579
N,0.08656
V,0.09142
K,0.1204
R,0.1066
V,0.3276
L,0.1561
A,0.2958
R,0.1066
C,2.419
Y,1.021
A,0.0895
V,0.7097
S,0.7806
G,0.1579
W,0.8903
P,0.8358
G,0.1579
K,2.33
K,0.5231
E,2.56
V,0.09142
E,0.4083
N,0.5472
K,0.9844
L,0.1561
W,0.2749
S,2.73
L,2.409
S,0.5347
E,0.6939
Q,0.6285
V,1.219
T,0.0837
P,0.1425
A,2.319
V,2.539
G,1.912
V,0.6656
E,1.529
R,2.153
F,0.5624
N,0.3125
Q,0.1039
A,0.0895
M,0.09238
M,0.09238
D,0.106
L,1.003
G,0.1579
A,0.0895
M,0.3179
I,1.186
C,0.1743
T,0.0837
R,0.1066
S,0.2581
K,0.1204
P,0.1425
K,0.8383
C,0.1743
S,1.913
L,0.659
C,0.1743
P,0.1425
L,1.319
Q,3.528
N,2.72
G,4.874
C,0.1811
I,3.082
A,0.0936
A,2.011
A,3.579
N,0.9235
N,1.848
S,0.9523
W,1.96
A,3.249
L,2.349
Y,1.532
P,0.1794
G,2.782
K,0.1457
K,0.9019
P,1.54
K,0.9952
