"pdb_aa","rate"
M,0.5054
V,-0.1373
E,0.5633
D,-0.8284
I,-0.391
L,0.1587
A,-0.02899
P,0.7525
G,0.4955
L,-0.8002
R,0.5793
V,-0.5947
V,-0.3916
F,-0.8405
C,-0.6791
G,-0.8734
I,-0.7471
N,-0.877
P,-0.8745
G,-0.6358
L,-0.1381
S,0.3003
S,-0.719
A,-0.4565
G,-0.1652
T,-0.1705
G,-0.7988
F,-0.4227
P,-0.7846
F,-0.7984
A,-0.7053
H,-0.6403
P,-0.5768
A,-0.3426
N,-0.8614
R,-0.8653
F,-0.8407
W,-0.7063
K,-0.342
V,-0.5849
I,-0.4238
Y,-0.4174
Q,0.1289
A,-0.5244
G,-0.7797
F,-0.5328
T,-0.8637
D,0.171
R,-0.02152
Q,0.4998
L,0.1955
K,1.676
P,-0.4168
Q,0.9081
E,-0.321
A,-0.5093
Q,2.135
H,0.8922
L,-0.5456
L,-0.1423
D,1.556
Y,0.7815
R,-0.4815
C,-0.1208
G,-0.8735
V,-0.5049
T,-0.8638
K,-0.6969
L,-0.4915
V,-0.7478
D,0.3242
R,-0.8649
P,-0.4192
T,-0.7233
V,-0.4708
Q,-0.1311
A,-0.8595
N,-0.1761
E,-0.4433
V,-0.6242
S,0.1176
K,0.9525
Q,1.108
E,-0.8157
L,-0.1214
H,1.037
A,0.9243
G,-0.7078
G,-0.3124
R,0.9884
K,1.699
L,-0.7236
I,0.9257
E,1.696
K,-0.5879
I,-0.5082
E,1.621
D,1.128
Y,0.7055
Q,0.1492
P,-0.8745
Q,0.791
A,0.8657
L,-0.474
A,-0.8172
I,-0.4782
L,-0.644
G,-0.8636
K,-0.4915
Q,-0.5058
A,-0.822
Y,-0.313
E,-0.3845
Q,0.1837
G,-0.5118
F,-0.6037
S,0.6658
Q,0.569
R,0.1514
G,1.319
A,-0.288
Q,2.476
W,-0.1528
G,-0.8735
K,1.086
Q,-0.8006
T,2.339
L,1.154
T,1.158
I,0.1583
G,-0.3494
S,1.497
T,-0.2568
Q,0.6344
I,-0.1639
W,-0.7283
V,-0.4757
L,-0.7968
P,-0.8745
N,-0.8727
P,-0.8086
S,-0.8766
G,-0.8635
L,-0.8239
S,-0.8226
R,-0.7547
V,-0.5079
S,-0.03592
L,0.47
E,1.074
K,0.5116
L,-0.5404
V,-0.4522
E,1.086
A,-0.2678
Y,-0.2599
R,0.4638
E,0.5399
L,-0.524
D,0.5451
Q,4.718
A,0.193
L,0.5695
V,4.709
V,4.738
