"pdb_aa","rate"
M,1.073
V,0.5797
E,1.117
D,0.04978
I,0.3852
L,0.8068
A,0.6628
P,1.262
G,1.065
L,0.07134
R,1.129
V,0.229
V,0.3847
F,0.04049
C,0.1642
G,0.0152
I,0.1121
N,0.0125
P,0.01439
G,0.1975
L,0.5792
S,0.9154
S,0.1336
A,0.335
G,0.5584
T,0.5543
G,0.07245
F,0.3609
P,0.08335
F,0.07274
A,0.1441
H,0.194
P,0.2427
A,0.4223
N,0.02446
R,0.02144
F,0.04031
W,0.1434
K,0.4228
V,0.2365
I,0.3601
Y,0.3649
Q,0.7839
A,0.2829
G,0.08713
F,0.2764
T,0.02269
D,0.8162
R,0.6685
Q,1.068
L,0.835
K,1.97
P,0.3654
Q,1.381
E,0.4389
A,0.2945
Q,2.323
H,1.369
L,0.2666
L,0.5759
D,1.878
Y,1.284
R,0.3158
C,0.5924
G,0.01519
V,0.2979
T,0.02262
K,0.1506
L,0.3081
V,0.1115
D,0.9337
R,0.02176
P,0.3636
T,0.1303
V,0.324
Q,0.5845
A,0.0259
N,0.55
E,0.3451
V,0.2063
S,0.7752
K,1.416
Q,1.535
E,0.05952
L,0.5919
H,1.48
A,1.394
G,0.1422
G,0.4455
R,1.443
K,1.988
L,0.1301
I,1.395
E,1.985
K,0.2342
I,0.2953
E,1.928
D,1.55
Y,1.226
Q,0.7995
P,0.01438
Q,1.292
A,1.349
L,0.3215
A,0.05832
I,0.3183
L,0.1911
G,0.02277
K,0.3081
Q,0.2972
A,0.05463
Y,0.445
E,0.3902
Q,0.8259
G,0.2926
F,0.2221
S,1.196
Q,1.121
R,0.8012
G,1.697
A,0.4642
Q,2.584
W,0.5679
G,0.01519
K,1.518
Q,0.07104
T,2.479
L,1.57
T,1.573
I,0.8064
G,0.4171
S,1.833
T,0.4881
Q,1.172
I,0.5594
W,0.1265
V,0.3203
L,0.07401
P,0.0144
N,0.01574
P,0.06489
S,0.01276
G,0.02284
L,0.05321
S,0.05422
R,0.1062
V,0.2955
S,0.6575
L,1.045
E,1.509
K,1.077
L,0.2706
V,0.3382
E,1.518
A,0.4796
Y,0.4857
R,1.041
E,1.099
L,0.2832
D,1.103
Q,4.303
A,0.833
L,1.122
V,4.297
V,4.319
