"pdb_aa","rate"
R,1.258
K,2.015
P,1.605
R,-0.01862
V,-0.06349
L,-0.402
L,-0.1433
A,-0.3685
A,-0.2874
S,-0.7504
G,-0.8609
S,-0.8891
V,-0.8542
A,-0.858
A,-0.4452
I,-0.4138
K,-0.8253
F,-0.1256
G,0.3526
N,1.358
L,-0.3765
C,-0.08054
H,1.403
C,1.779
F,-0.4928
T,1.302
E,2.507
W,1.151
A,0.03933
E,0.2974
V,-0.5122
R,0.2666
A,-0.4017
V,-0.6663
V,-0.1668
T,-1.003
K,0.7915
S,0.4393
S,-0.5637
L,0.5443
H,-0.1908
F,-0.9889
L,0.2753
D,0.752
K,3.197
L,2.025
S,1.28
L,0.6693
P,0.6206
Q,4.025
E,1.173
V,0.04894
T,1.718
L,-0.09796
Y,0.7681
T,0.09799
D,-0.936
E,1.356
D,-0.3102
E,-0.9833
W,-0.5292
S,1.089
S,0.8607
W,0.1438
N,1.091
K,1.15
I,-0.2427
G,-0.5871
D,-0.9999
P,-0.2496
V,-0.8551
L,-0.5194
H,-1.004
I,-1.003
E,-0.5408
L,-1.003
R,-0.673
R,-0.259
W,-0.9532
A,-1.004
D,-0.9062
V,0.4605
L,0.09876
V,-0.1311
I,-0.6208
A,-0.8946
P,-1.003
L,-0.7882
S,-0.8585
A,-1.004
N,-1.004
T,-0.8732
L,-0.6768
G,-0.57
K,-1.004
I,-0.4216
A,-0.6992
G,0.01543
G,-1.004
L,-0.1398
C,-0.7121
D,-1.004
N,-1.004
L,-0.8232
L,-0.6308
T,-0.8581
C,-0.6124
I,-0.2092
I,-0.3442
R,-1.004
A,-1.001
W,-0.8222
D,-0.5133
Y,1.042
T,1.569
K,-0.7753
P,-0.7669
L,-0.01893
F,-0.1807
V,-0.5702
A,-0.8009
P,-1.003
A,-0.8555
M,-1.004
N,-1.004
T,-0.8456
L,0.9603
M,-1.004
W,-0.4085
N,0.7491
N,-0.928
P,-0.8192
F,0.01245
T,-1.004
E,0.6688
R,1.094
H,-0.56
L,-0.06257
L,1.864
S,1.214
L,-0.3221
D,1.02
E,0.7702
L,-0.227
G,-0.353
I,0.00813
T,1.866
L,-0.3649
I,-0.4606
P,-0.08533
P,-0.5878
I,-0.4543
K,0.5497
K,-0.8412
R,0.9638
L,-0.7302
A,-0.6604
S,-0.6741
G,-0.8498
D,-0.8386
Y,0.6868
G,-0.8481
N,1.165
G,-0.7278
A,-0.6767
M,-0.8228
A,-0.6577
E,-0.3788
P,-0.3779
S,1.146
L,0.3701
I,-0.8527
Y,-0.08018
S,2.063
T,1.434
V,-0.1572
R,1.367
L,1.588
F,1.969
W,2.273
E,2.886
S,1.953
