"pdb_aa","rate"
R,1.035
K,1.37
P,1.189
R,0.4687
V,0.4488
L,0.2988
L,0.4135
A,0.3137
A,0.3496
S,0.1444
G,0.09542
S,0.08291
V,0.09836
A,0.09667
A,0.2797
I,0.2936
K,0.1112
F,0.4213
G,0.6333
N,1.079
L,0.3101
C,0.4413
H,1.099
C,1.265
F,0.2586
T,1.054
E,1.588
W,0.9873
A,0.4944
E,0.6088
V,0.2499
R,0.5951
A,0.2989
V,0.1817
V,0.403
T,0.03245
K,0.8278
S,0.6717
S,0.2271
L,0.7183
H,0.3924
F,0.03868
L,0.599
D,0.8103
K,1.894
L,1.375
S,1.044
L,0.7736
P,0.7521
Q,2.261
E,0.997
V,0.4987
T,1.238
L,0.4336
Y,0.8175
T,0.5204
D,0.0621
E,1.078
D,0.3395
E,0.04114
W,0.2424
S,0.9596
S,0.8585
W,0.5407
N,0.9608
K,0.9868
I,0.3694
G,0.2168
D,0.03378
P,0.3664
V,0.09796
L,0.2468
H,0.03194
I,0.03226
E,0.2373
L,0.03252
R,0.1787
R,0.3622
W,0.0545
A,0.03193
D,0.07532
V,0.6811
L,0.5208
V,0.4189
I,0.2018
A,0.08047
P,0.03223
L,0.1276
S,0.09648
A,0.03193
N,0.03193
T,0.08996
L,0.177
G,0.2243
K,0.03198
I,0.2901
A,0.1671
G,0.4838
G,0.03199
L,0.415
C,0.1613
D,0.03196
N,0.03193
L,0.1121
L,0.1974
T,0.09662
C,0.2055
I,0.3843
I,0.3244
R,0.03197
A,0.03331
W,0.1125
D,0.2495
Y,0.9389
T,1.172
K,0.1333
P,0.1371
L,0.4686
F,0.3969
V,0.2242
A,0.122
P,0.0322
A,0.09778
M,0.03193
N,0.032
T,0.1022
L,0.9026
M,0.032
W,0.2959
N,0.809
N,0.06565
P,0.1139
F,0.4825
T,0.03192
E,0.7734
R,0.962
H,0.2288
L,0.4493
L,1.303
S,1.015
L,0.3342
D,0.9292
E,0.8184
L,0.3764
G,0.3205
I,0.4806
T,1.304
L,0.3153
I,0.2728
P,0.4392
P,0.2165
I,0.2756
K,0.7206
K,0.1041
R,0.9042
L,0.1533
A,0.1843
S,0.1782
G,0.1003
D,0.1053
Y,0.7814
G,0.1011
N,0.9932
G,0.1544
A,0.177
M,0.1123
A,0.1854
E,0.3091
P,0.3095
S,0.985
L,0.641
I,0.09902
Y,0.4414
S,1.391
T,1.112
V,0.4073
R,1.083
L,1.181
F,1.35
W,1.484
E,1.756
S,1.343
