"pdb_aa","rate"
T,1.219
F,2.148
N,3.758
D,2.217
I,3.372
E,2.716
A,2.299
R,1.833
L,1.049
A,1.955
A,1.243
V,1.061
L,1.013
E,2.217
E,2.617
A,2.263
F,1.903
E,2.239
A,1.921
G,1.26
T,2.379
S,2.385
I,1.015
Y,0.4187
N,1.897
E,1.898
R,0.4919
G,0.315
F,0.5662
K,0.8558
R,1.44
R,1.198
I,0.7999
G,0.7965
Y,0.8177
G,0.1642
N,2.386
R,0.8116
P,0.4193
A,0.1925
V,0.5005
I,0.8696
H,0.4592
I,0.3544
D,0.03194
L,0.7051
A,0.4438
N,1.063
A,0.225
W,0.09767
T,0.2983
Q,0.7022
P,0.9304
G,1.52
H,0.5503
P,0.6175
F,0.4732
S,0.5916
C,0.448
P,0.9533
G,0.7581
M,0.6069
E,1.168
T,2.335
I,0.3916
I,0.4967
P,1.379
N,0.9351
V,0.4506
Q,1.13
R,1.957
I,0.4897
N,0.6948
E,1.835
A,1.132
A,0.2405
R,0.1014
A,2.148
K,1.555
G,1.372
V,1.073
P,0.1829
V,0.3071
F,0.9505
Y,0.5936
T,0.1785
T,0.7467
N,0.2543
V,0.8693
Y,0.5964
R,1.131
N,1.686
R,1.209
D,1.403
A,1.227
S,1.485
S,1.829
G,2.475
T,1.523
N,1.307
D,0.5072
M,0.7476
G,0.4398
L,1.296
W,0.351
Y,1.205
S,1.301
K,0.07878
I,0.4386
P,0.5836
T,0.358
E,1.548
T,1.091
L,0.3518
P,1.43
A,1.672
D,0.8478
S,0.6248
Y,1.271
W,1.669
A,0.5583
Q,1.074
I,0.7776
D,0.4056
D,1.525
R,0.8616
I,0.4938
A,1.325
P,0.5384
A,2.512
D,3.432
G,1.543
E,0.3691
V,1.837
V,0.65
I,0.8089
E,0.9255
K,0.03206
N,0.6136
R,0.4964
A,0.2784
S,0.03192
A,0.3297
F,0.04097
P,0.4459
G,0.3601
T,0.03193
N,0.9927
L,0.1758
E,0.5461
L,0.7262
F,1.094
L,0.03276
T,1.04
S,1.078
N,1.86
R,0.9968
I,0.6276
D,0.1135
T,0.166
L,0.7352
I,0.7164
V,0.6042
T,0.5999
G,0.03223
A,0.4865
T,0.1664
A,0.03196
A,0.04395
G,0.03897
C,0.03733
V,0.2314
R,0.03194
H,0.1077
T,0.3511
V,0.2748
E,0.3421
D,0.03205
A,0.3334
I,0.6136
A,0.3291
K,0.8938
G,0.1111
F,0.5074
R,0.5925
P,0.3543
I,0.6029
I,0.177
P,0.4584
R,1.027
E,0.5802
T,0.281
I,0.2542
G,0.228
D,0.03196
R,0.03593
V,0.3684
P,1.817
G,1.273
V,0.4535
V,0.09716
Q,1.226
W,0.2492
N,0.196
L,0.1016
Y,0.4233
D,0.03196
I,0.3373
D,1.081
N,0.3498
K,0.03229
F,0.2466
G,0.3361
D,0.1155
V,0.1438
E,0.8378
S,1.705
T,1.398
D,2.291
S,1.322
V,0.4926
V,1.808
Q,2.41
Y,1.746
L,0.9658
D,3.773
A,3.567
L,3.772
P,3.758
Q,2.707
F,3.745
E,3.171
D,3.33
T,2.338
V,1.962
P,2.998
K,3.458
T,2.129
L,2.886
S,2.71
D,3.261
P,3.1
Q,3.023
P,2.879
E,2.593
V,2.455
E,3.436
A,0.5021
P,2.287
A,1.601
D,1.248
P,1.933
V,1.311
