"pdb_aa","rate"
T,0.1309
F,1.119
N,2.831
D,1.193
I,2.421
E,1.724
A,1.28
R,0.7844
L,-0.04933
A,0.9142
A,0.1566
V,-0.03701
L,-0.08749
E,1.193
E,1.618
A,1.241
F,0.8583
E,1.216
A,0.8775
G,0.1752
T,1.364
S,1.371
I,-0.08564
Y,-0.72
N,0.8518
E,0.8529
R,-0.6421
G,-0.8303
F,-0.5632
K,-0.2552
R,0.3662
R,0.1093
I,-0.3147
G,-0.3182
Y,-0.2957
G,-0.9907
N,1.372
R,-0.3021
P,-0.7194
A,-0.9606
V,-0.633
I,-0.2405
H,-0.677
I,-0.7884
D,-1.131
L,-0.4154
A,-0.6933
N,-0.03479
A,-0.926
W,-1.061
T,-0.8481
Q,-0.4185
P,-0.1758
G,0.451
H,-0.58
P,-0.5086
F,-0.662
S,-0.5362
C,-0.6888
P,-0.1515
G,-0.359
M,-0.5199
E,0.07648
T,1.317
I,-0.7488
I,-0.6371
P,0.3014
N,-0.1708
V,-0.6862
Q,0.03685
R,0.9165
I,-0.6445
N,-0.4264
E,0.7858
A,0.03861
A,-0.9096
R,-1.058
A,1.119
K,0.4887
G,0.294
V,-0.02427
P,-0.9708
V,-0.8387
F,-0.1545
Y,-0.5341
T,-0.9755
T,-0.3712
N,-0.8949
V,-0.2408
Y,-0.531
R,0.03768
N,0.628
R,0.121
D,0.3266
A,0.1398
S,0.4141
S,0.78
G,1.467
T,0.4545
N,0.2246
D,-0.6259
M,-0.3702
G,-0.6976
L,0.2125
W,-0.792
Y,0.1162
S,0.2185
K,-1.082
I,-0.6989
P,-0.5447
T,-0.7846
E,0.4813
T,-0.005094
L,-0.7912
P,0.3558
A,0.6133
D,-0.2636
S,-0.5009
Y,0.186
W,0.6094
A,-0.5715
Q,-0.02355
I,-0.3383
D,-0.734
D,0.4565
R,-0.249
I,-0.6402
A,0.2438
P,-0.5927
A,1.506
D,2.485
G,0.4762
E,-0.7728
V,0.7888
V,-0.4741
I,-0.3051
E,-0.181
K,-1.131
N,-0.5128
R,-0.6374
A,-0.8692
S,-1.131
A,-0.8147
F,-1.122
P,-0.6911
G,-0.7824
T,-1.131
N,-0.1095
L,-0.9784
E,-0.5845
L,-0.393
F,-0.001456
L,-1.13
T,-0.05887
S,-0.01919
N,0.813
R,-0.1051
I,-0.4978
D,-1.045
T,-0.9888
L,-0.3834
I,-0.4034
V,-0.5227
T,-0.5273
G,-1.131
A,-0.6479
T,-0.9883
A,-1.131
A,-1.119
G,-1.124
C,-1.126
V,-0.9192
R,-1.131
H,-1.051
T,-0.7919
V,-0.8731
E,-0.8015
D,-1.131
A,-0.8108
I,-0.5127
A,-0.8153
K,-0.2148
G,-1.047
F,-0.6257
R,-0.5352
P,-0.7885
I,-0.5241
I,-0.9771
P,-0.6778
R,-0.07326
E,-0.5483
T,-0.8665
I,-0.895
G,-0.9228
D,-1.131
R,-1.127
V,-0.7735
P,0.767
G,0.1881
V,-0.683
V,-1.062
Q,0.1388
W,-0.9003
N,-0.9569
L,-1.057
Y,-0.7152
D,-1.131
I,-0.8066
D,-0.01609
N,-0.7933
K,-1.131
F,-0.9031
G,-0.8079
D,-1.042
V,-1.012
E,-0.2743
S,0.6476
T,0.322
D,1.271
S,0.2407
V,-0.6414
V,0.7577
Q,1.397
Y,0.6918
L,-0.1382
D,2.847
A,2.628
L,2.847
P,2.832
Q,1.714
F,2.818
E,2.208
D,2.377
T,1.321
V,0.9209
P,2.023
K,2.513
T,1.099
L,1.904
S,1.717
D,2.303
P,2.132
Q,2.05
P,1.897
E,1.592
V,1.446
E,2.489
A,-0.6313
P,1.267
A,0.5372
D,0.1622
P,0.8905
V,0.2286
