"pdb_aa","rate"
P,2.019
A,1.687
I,1.291
T,0.3168
L,0.2152
E,1.483
N,0.5174
P,0.7702
D,1.492
I,1.434
K,0.4283
Y,0.5568
P,1.656
L,0.312
R,0.9582
L,0.09995
I,0.704
D,0.7918
K,0.4886
E,0.9711
V,1.413
V,0.61
N,0.3825
H,0.2292
D,0.1674
T,0.1096
R,0.328
R,0.767
F,0.1825
R,0.1959
F,0.1797
A,0.6895
L,0.04942
P,0.3023
S,0.3411
P,2.323
E,1.654
H,0.2816
I,1.004
L,0.03821
G,0.03888
L,0.1326
P,0.1453
V,0.8706
G,0.05065
Q,0.3341
H,0.04663
I,0.4193
Y,0.5452
L,0.2902
S,0.4085
A,0.3092
R,1.206
I,0.7322
D,0.8301
G,0.7681
N,0.754
L,1.02
V,0.2422
I,0.6955
R,0.1033
P,0.4618
Y,0.04043
T,0.0337
P,0.03635
V,0.2611
S,0.2102
S,0.2315
D,0.1976
D,0.4401
D,0.533
K,1.465
G,0.0342
F,1.2
V,0.2303
D,0.1795
L,0.3105
V,0.3308
I,0.5566
K,0.03751
V,0.3307
Y,0.04035
F,0.7892
K,0.4674
D,0.5471
T,0.6065
H,0.409
P,0.2753
K,0.6712
F,0.3858
P,0.09403
A,0.9442
G,0.1158
G,0.03416
K,0.1285
M,0.1902
S,0.1563
Q,0.09272
Y,0.5977
L,0.3233
E,0.6801
S,0.9128
M,0.5971
K,1.622
I,0.5243
G,0.232
D,0.4382
T,0.6485
I,0.3575
E,0.5851
F,0.4242
R,0.2468
G,0.04995
P,0.03335
N,0.4739
G,0.03413
L,0.6237
L,0.3437
V,0.9737
Y,0.04016
Q,1.897
G,0.3505
K,1.578
G,0.05169
K,2.358
F,0.6105
A,1.119
I,0.4745
R,0.8639
P,1.567
D,1.011
K,0.5548
K,0.5787
S,0.6384
S,1.441
P,1.018
V,1.693
I,2.15
K,1.095
T,2.099
V,0.7394
K,0.9953
S,1.146
V,0.8072
G,0.3467
M,0.0935
I,0.1848
A,0.05463
G,0.03415
G,0.03859
T,0.1303
G,0.03413
I,0.06834
T,0.03362
P,0.03335
M,0.09399
L,0.3199
Q,0.0394
V,0.4574
I,0.3659
R,0.513
A,0.5804
I,0.4142
M,0.7508
K,0.6648
D,0.4926
P,0.8222
D,2.128
D,0.05212
H,2.334
T,0.08388
V,1.366
C,0.7794
H,0.7285
L,0.09355
L,0.5801
F,0.3733
A,0.04008
N,0.03216
Q,0.2789
T,0.3523
E,0.3166
K,1.186
D,0.07118
I,0.03442
L,0.06788
L,0.4646
R,0.2861
P,1.653
E,0.1369
L,0.2271
E,0.4371
E,1.329
L,1.087
R,0.783
N,1.958
E,1.729
H,0.8289
S,0.9001
A,1.979
R,0.5823
F,0.7236
K,1.048
L,0.8554
W,0.6586
Y,0.4255
T,0.1036
V,1.032
D,0.2292
R,1.006
A,0.5272
P,1.021
E,1.537
A,2.253
W,0.3184
D,1.738
Y,0.9232
S,0.3565
Q,0.974
G,0.219
F,0.8317
V,0.6551
N,0.8385
E,1.096
E,1.542
M,0.2474
I,0.4923
R,1.477
D,2.247
H,0.4301
L,0.6092
P,0.3533
P,1.476
P,0.5877
E,1.397
E,2.182
E,0.7932
P,0.7677
L,1.207
V,0.7155
L,0.5792
M,0.5511
C,0.1598
G,0.1208
P,0.1104
P,0.4024
P,0.5617
M,0.1813
I,0.5356
Q,0.4757
Y,1.267
A,0.1514
C,0.4657
L,1.378
P,0.2952
N,0.4739
L,0.2394
E,0.8554
R,0.7815
V,0.4309
G,0.707
H,0.6311
P,1.459
K,2.012
E,1.478
R,1.182
C,0.8706
F,0.5469
A,1.241
F,0.3474
