"pdb_aa","rate"
M,-0.5533
S,-0.3724
G,-0.1595
I,-0.7441
P,-0.6523
E,1.612
I,-0.8319
T,1.285
A,0.4189
Y,-0.9981
P,1.292
L,0.0009756
P,-0.9813
T,1.241
A,1.29
Q,2.211
Q,0.8986
L,-0.2924
P,-0.792
A,1.884
N,-0.2955
L,0.1573
A,-0.6447
R,2.212
W,-1.052
S,1.389
L,0.8273
E,-0.15
P,-0.317
R,2.184
R,-0.9803
A,-0.6408
V,-0.5401
L,-0.9321
L,-1.01
V,-0.5267
H,-1.07
D,-1.069
M,-0.9342
Q,-1.061
R,0.1155
Y,-0.3564
F,-1.048
L,-0.2439
R,0.8524
P,-0.2803
L,0.203
P,0.7785
E,2.201
S,2.202
L,1.59
R,0.7906
A,2.19
G,1.412
L,-0.2219
V,0.2424
A,2.178
N,-0.7639
A,-0.06995
A,0.2861
R,1.62
L,-0.5041
R,-0.07244
R,2.21
W,1.336
C,0.2793
V,0.4372
E,1.323
Q,1.539
G,-0.1732
V,0.1141
Q,-0.923
I,-0.8514
A,-0.1152
Y,-0.6353
T,-0.8649
A,-0.8206
Q,-1.034
P,-0.8077
G,-0.8222
S,0.4213
M,-1.037
T,0.08335
E,1.404
E,1.278
Q,0.06712
R,-1.069
G,-0.9931
L,-0.9926
L,-0.9788
K,0.3058
D,-0.8816
F,-0.5622
W,-1.053
G,-1.065
P,0.1101
G,-1.065
M,-0.7884
R,0.4332
A,0.7552
S,0.8197
P,0.3042
A,0.842
D,-0.2044
R,-0.3905
E,1.268
V,-0.4479
V,-0.1616
E,1.553
E,1.027
L,-0.5902
A,0.1043
P,-0.8819
G,2.212
P,2.215
D,2.204
D,-0.8067
W,0.9925
L,0.4881
L,0.1419
T,-0.7278
K,-1.068
W,-0.5702
R,-1.061
Y,-1.024
S,-1.044
A,-1.052
F,-1.026
F,0.04899
H,-0.01926
S,-0.6774
D,0.5005
L,-0.9505
L,0.106
Q,1.334
R,0.3184
M,-0.2753
R,-0.1566
A,1.347
A,2.209
G,-0.2542
R,-0.9683
D,-0.9668
Q,-1.034
L,-0.8191
V,0.05785
L,0.1304
C,-0.5216
G,-1.065
V,-0.8223
Y,-1.024
A,-0.9775
H,-1.016
V,-0.6908
G,-1.065
V,-0.7331
L,-0.5709
I,0.0484
S,-0.8469
T,-0.8908
V,0.01664
D,-0.3506
A,-0.9027
Y,-0.6322
S,-0.4915
N,0.04336
D,-0.9706
I,-0.5843
Q,0.02888
P,-0.202
F,-1.006
L,0.4143
V,-0.5592
A,-0.587
D,-1.069
A,-0.9876
I,-0.2897
A,-0.9534
D,-1.069
F,-1.026
S,-0.5439
E,0.8968
A,1.962
H,1.251
H,-1.049
R,0.3157
M,0.5946
A,-0.8689
L,-0.2365
E,1.717
Y,-0.5854
A,-0.6359
A,-0.8921
S,1.329
R,-0.5734
C,-0.8431
A,-0.7816
M,0.3964
V,-0.6568
V,1.232
T,0.1987
T,-0.4178
D,1.642
E,2.044
V,0.3416
L,1.294
E,2.211
