"pdb_aa","rate"
M,0.4316
S,0.5801
G,0.7549
I,0.2749
P,0.3503
E,2.209
I,0.2028
T,1.941
A,1.23
Y,0.06636
P,1.947
L,0.8866
P,0.08021
T,1.904
A,1.945
Q,2.701
Q,1.624
L,0.6458
P,0.2356
A,2.433
N,0.6432
L,1.015
A,0.3565
R,2.702
W,0.02177
S,2.026
L,1.565
E,0.7627
P,0.6255
R,2.679
R,0.08098
A,0.3597
V,0.4424
L,0.1206
L,0.05696
V,0.4534
H,0.007578
D,0.007984
M,0.1189
Q,0.01455
R,0.9807
Y,0.5933
F,0.02537
L,0.6856
R,1.586
P,0.6557
L,1.052
P,1.525
E,2.693
S,2.693
L,2.191
R,1.535
A,2.684
G,2.045
L,0.7036
V,1.085
A,2.674
N,0.2586
A,0.8284
A,1.121
R,2.216
L,0.4719
R,0.8264
R,2.7
W,1.983
C,1.115
V,1.245
E,1.972
Q,2.15
G,0.7436
V,0.9795
Q,0.1281
I,0.1868
A,0.7913
Y,0.3642
T,0.1758
A,0.2121
Q,0.03705
P,0.2227
G,0.2108
S,1.232
M,0.03465
T,0.9543
E,2.039
E,1.935
Q,0.9409
R,0.008076
G,0.07051
L,0.07087
L,0.08225
K,1.137
D,0.162
F,0.4243
W,0.02163
G,0.0114
P,0.9763
G,0.0114
M,0.2386
R,1.242
A,1.506
S,1.559
P,1.136
A,1.577
D,0.718
R,0.5652
E,1.927
V,0.5181
V,0.7532
E,2.161
E,1.729
L,0.4013
A,0.9714
P,0.1618
G,2.702
P,2.705
D,2.695
D,0.2235
W,1.701
L,1.287
L,1.002
T,0.2883
K,0.008832
W,0.4177
R,0.015
Y,0.04535
S,0.02849
A,0.0223
F,0.04327
F,0.9261
H,0.87
S,0.3297
D,1.297
L,0.1054
L,0.9728
Q,1.981
R,1.147
M,0.6598
R,0.7573
A,1.991
A,2.699
G,0.6772
R,0.09088
D,0.09208
Q,0.03699
L,0.2133
V,0.9333
L,0.9929
C,0.4576
G,0.0114
V,0.2108
Y,0.04545
A,0.08328
H,0.05198
V,0.3187
G,0.0114
V,0.2839
L,0.4171
I,0.9256
S,0.1905
T,0.1545
V,0.8995
D,0.5979
A,0.1447
Y,0.3668
S,0.4823
N,0.9214
D,0.08895
I,0.4061
Q,0.9095
P,0.72
F,0.0598
L,1.226
V,0.4267
A,0.4039
D,0.007984
A,0.07498
I,0.648
A,0.1031
D,0.007984
F,0.04329
S,0.4393
E,1.622
A,2.497
H,1.913
H,0.02458
R,1.145
M,1.374
A,0.1725
L,0.6917
E,2.296
Y,0.4052
A,0.3638
A,0.1534
S,1.977
R,0.4151
C,0.1936
A,0.2441
M,1.211
V,0.3466
V,1.898
T,1.049
T,0.5428
D,2.234
E,2.564
V,1.166
L,1.948
E,2.701
