"pdb_aa","rate"
H,0.6863
H,0.1026
H,1.051
S,-0.2536
S,2.226
G,2.116
L,3.077
T,1.877
P,2.917
R,2.906
G,3.737
S,3.827
Q,1.44
M,-0.8827
K,-0.3461
K,0.0403
I,-0.5764
A,-0.5852
F,-0.2848
G,-0.476
C,-0.4585
D,-0.9493
H,-0.9451
V,-0.471
G,-0.7859
F,0.7693
I,1.105
L,-0.5305
K,-0.8259
H,1.17
E,0.8111
I,-0.3767
V,0.68
A,1.922
H,0.5486
L,-0.5896
V,1.884
E,0.6608
R,0.6476
G,-0.03692
V,0.3287
E,0.05115
V,0.0157
I,1.137
D,-0.8365
K,1.207
G,-0.9462
T,-0.4726
W,0.9816
S,0.02121
S,1.927
E,0.3438
R,-0.7516
T,-0.6405
D,-0.7329
Y,-0.9322
P,-0.8658
H,-0.0551
Y,0.2632
A,-0.7149
S,1.147
Q,0.3785
V,-0.7393
A,-0.3134
L,1.136
A,0.04677
V,-0.7323
A,0.1571
G,1.37
G,-0.1617
E,0.1899
V,0.3578
D,-0.1761
G,0.3564
G,-0.7483
I,-0.7459
L,-0.4133
I,-0.4061
C,-0.9449
G,-0.9172
T,-0.8628
G,-0.9462
V,-0.6798
G,-0.9462
I,-0.8089
S,-0.7651
I,-0.6107
A,-0.4533
A,-0.8856
N,-0.9501
K,-0.8834
F,-0.3951
A,0.4859
G,-0.8832
I,-0.5783
R,-0.9435
A,-0.7683
V,-0.7509
V,-0.4197
C,-0.4965
S,-0.5648
E,-0.6903
P,0.1993
Y,-0.3379
S,-0.7243
A,-0.92
Q,0.2467
L,-0.3486
S,-0.5493
R,-0.6395
Q,0.6575
H,-0.9497
N,-0.9501
D,-0.4492
T,-0.6385
N,-0.9468
V,-0.1795
L,-0.6182
A,-0.5581
F,-0.1204
G,-0.9016
S,-0.3198
R,-0.9013
V,-0.741
V,-0.1959
G,-0.7248
L,1.204
E,-0.3344
L,-0.1839
A,-0.9368
K,0.2532
M,-0.1407
I,-0.7782
V,-0.578
D,0.3101
A,0.3325
W,-0.3354
L,-0.5049
G,1.189
A,-0.3065
Q,0.6914
Y,-0.4729
E,0.02602
G,-0.6674
G,-0.4551
R,-0.9434
H,-0.9497
Q,0.3862
Q,0.7945
R,-0.9492
V,-0.09135
E,1.048
A,-0.3764
I,-0.5036
T,1.792
A,1.91
I,-0.1892
E,-0.7489
Q,1.92
