"pdb_aa","rate"
H,1.542
H,0.9944
H,1.884
S,0.6602
S,2.987
G,2.884
L,3.786
T,2.66
P,3.635
R,3.625
G,4.405
S,4.489
Q,2.249
M,0.0699
K,0.5734
K,0.936
I,0.3573
A,0.3491
F,0.631
G,0.4516
C,0.468
D,0.007417
H,0.01133
V,0.4563
G,0.1607
F,1.62
I,1.935
L,0.4004
K,0.1232
H,1.996
E,1.659
I,0.5447
V,1.536
A,2.702
H,1.413
L,0.3449
V,2.666
E,1.518
R,1.506
G,0.8636
V,1.207
E,0.9462
V,0.9129
I,1.965
D,0.1132
K,2.031
G,0.01033
T,0.4547
W,1.819
S,0.9181
S,2.707
E,1.221
R,0.1929
T,0.2972
D,0.2105
Y,0.0235
P,0.08579
H,0.8465
Y,1.145
A,0.2274
S,1.974
Q,1.253
V,0.2045
A,0.6042
L,1.964
A,0.9421
V,0.211
A,1.046
G,2.183
G,0.7465
E,1.076
V,1.234
D,0.7329
G,1.233
G,0.196
I,0.1983
L,0.5104
I,0.5172
C,0.01153
G,0.03759
T,0.08858
G,0.01033
V,0.2603
G,0.01033
I,0.1391
S,0.1803
I,0.3252
A,0.4729
A,0.06719
N,0.006703
K,0.06928
F,0.5274
A,1.354
G,0.06946
I,0.3556
R,0.01291
A,0.1773
V,0.1936
V,0.5043
C,0.4324
S,0.3682
E,0.2505
P,1.085
Y,0.5812
S,0.2186
A,0.03497
Q,1.13
L,0.5711
S,0.3828
R,0.2981
Q,1.515
H,0.007087
N,0.006703
D,0.4767
T,0.2991
N,0.009822
V,0.7297
L,0.3181
A,0.3745
F,0.7853
G,0.05218
S,0.5981
R,0.05248
V,0.2029
V,0.7144
G,0.2181
L,2.028
E,0.5844
L,0.7257
A,0.0192
K,1.136
M,0.7662
I,0.168
V,0.3558
D,1.189
A,1.21
W,0.5835
L,0.4244
G,2.014
A,0.6106
Q,1.547
Y,0.4545
E,0.9226
G,0.272
G,0.4711
R,0.013
H,0.007087
Q,1.261
Q,1.644
R,0.007493
V,0.8125
E,1.881
A,0.545
I,0.4257
T,2.58
A,2.69
I,0.7207
E,0.1955
Q,2.7
