"pdb_aa","rate"
M,-0.2675
V,-0.5565
R,-0.6167
V,-0.7226
K,-1.084
I,-0.9309
C,-1.084
G,-1.084
I,-0.7945
T,-0.9003
N,-0.5075
L,1.521
E,-0.0893
D,-0.8571
A,-0.8204
L,1.43
F,0.6965
S,-0.9287
V,-0.2917
E,1.474
S,-0.1716
G,-1.062
A,-0.9053
D,-0.9174
A,-0.9364
V,-0.3698
G,-1.084
F,-0.6083
V,-0.9332
F,-0.8887
Y,-0.5521
P,-0.06199
K,0.567
S,-1.083
K,-0.544
R,-1.084
Y,0.477
I,-0.585
S,0.5813
P,0.4227
E,0.8373
D,0.812
A,-1.007
R,0.3545
R,2.715
I,-0.831
S,0.1712
V,1.486
E,1.224
L,-0.2949
P,-0.8113
P,-0.2
F,-0.1111
V,-0.7207
F,0.1147
R,0.2151
V,-0.9007
G,-0.889
V,-1.005
F,-0.9938
V,-1.066
N,-0.7534
E,-0.4297
E,0.811
P,1.454
E,1.097
K,1.533
I,-0.4553
L,1.352
D,1.52
V,-0.1851
A,-0.09616
S,1.545
Y,3.035
V,-0.3524
Q,0.2344
L,-0.3792
N,-0.361
A,0.5048
V,-0.471
Q,-1.084
L,-0.8861
H,-1.083
G,-1.081
E,-0.2315
E,-1.065
P,0.3213
I,0.003431
E,0.6307
L,1.056
C,-0.4651
R,1.525
K,1.404
I,0.1814
A,2.062
E,2.791
R,0.7671
I,1.174
L,0.5122
V,-0.003671
I,-0.526
K,-0.9106
A,-0.933
V,-0.0803
G,-0.693
V,-0.6545
S,0.8226
N,0.9689
E,0.8853
R,1.384
D,-0.305
M,0.2949
E,1.525
R,0.8828
A,0.1785
L,3.045
N,3.065
Y,-0.3035
R,1.449
E,-0.6466
F,0.2617
P,-0.3727
I,0.1954
L,-1.045
L,-0.4656
D,-1.084
T,-0.6361
K,0.3174
T,0.2976
P,0.4105
E,0.1389
Y,0.18
G,-1.076
G,-1.083
S,-0.8697
G,-1.081
K,0.5984
T,-0.05326
F,-0.8248
D,-0.7326
W,-0.9539
S,0.9668
L,-0.02086
I,-0.2858
L,0.3088
P,0.9239
Y,0.718
R,2.926
D,3.053
R,1.246
F,1.433
R,1.008
Y,-0.06421
L,0.2926
V,-0.6546
L,-0.8816
S,-1.013
G,-1.084
G,-1.084
L,-1.009
N,-0.02142
P,0.1856
E,0.7526
N,-1.084
V,-0.7711
R,0.8574
S,1.47
A,-1.006
I,-0.5301
D,1.526
V,1.008
V,-0.7128
R,0.4712
P,-0.9747
F,0.5043
A,-0.8489
V,-0.9431
D,-1.084
V,-0.9637
S,-1.009
S,-1.006
G,-1.02
V,-1.016
E,-1.084
A,0.07959
F,0.3004
P,-0.5169
G,-1.062
K,-0.1436
K,-1.084
D,-0.9118
H,0.6327
D,1.304
S,-0.4745
I,-0.5431
K,0.5306
M,0.2961
F,-0.9694
I,-0.3426
K,1.054
N,0.4889
A,-0.6181
K,-0.196
G,1.514
L,0.5352
