"pdb_aa","rate"
M,0.7682
V,0.5077
R,0.4534
V,0.3579
K,0.03196
I,0.1701
C,0.0325
G,0.03221
I,0.2932
T,0.1978
N,0.5519
L,2.381
E,0.9289
D,0.2367
A,0.2698
L,2.299
F,1.637
S,0.1721
V,0.7464
E,2.338
S,0.8547
G,0.05168
A,0.1933
D,0.1823
A,0.1652
V,0.676
G,0.03221
F,0.461
V,0.1681
F,0.2083
Y,0.5117
P,0.9535
K,1.521
S,0.033
K,0.519
R,0.03194
Y,1.439
I,0.482
S,1.533
P,1.39
E,1.764
D,1.741
A,0.1014
R,1.329
R,3.457
I,0.2602
S,1.164
V,2.349
E,2.113
L,0.7435
P,0.278
P,0.8291
F,0.9092
V,0.3597
F,1.113
R,1.203
V,0.1974
G,0.208
V,0.1031
F,0.1135
V,0.04854
N,0.3302
E,0.6221
E,1.74
P,2.32
E,1.998
K,2.392
I,0.5989
L,2.228
D,2.38
V,0.8425
A,0.9227
S,2.402
Y,3.746
V,0.6917
Q,1.221
L,0.6676
N,0.6839
A,1.464
V,0.5848
Q,0.03193
L,0.2106
H,0.03338
G,0.0345
E,0.8007
E,0.0492
P,1.299
I,1.012
E,1.578
L,1.962
C,0.5901
R,2.384
K,2.275
I,1.173
A,2.868
E,3.525
R,1.701
I,2.067
L,1.471
V,1.006
I,0.5352
K,0.1885
A,0.1683
V,0.937
G,0.3847
V,0.4193
S,1.751
N,1.883
E,1.807
R,2.257
D,0.7344
M,1.275
E,2.384
R,1.805
A,1.17
L,3.755
N,3.773
Y,0.7358
R,2.315
E,0.4265
F,1.245
P,0.6734
I,1.186
L,0.06756
L,0.5897
D,0.03202
T,0.4359
K,1.296
T,1.278
P,1.379
E,1.135
Y,1.172
G,0.03975
G,0.03279
S,0.2254
G,0.03472
K,1.549
T,0.9614
F,0.2659
D,0.349
W,0.1494
S,1.881
L,0.9906
I,0.7518
L,1.288
P,1.842
Y,1.657
R,3.647
D,3.762
R,2.133
F,2.301
R,1.918
Y,0.9515
L,1.273
V,0.4193
L,0.2146
S,0.09598
G,0.03221
G,0.03221
L,0.09989
N,0.9901
P,1.177
E,1.688
N,0.03197
V,0.3143
R,1.782
S,2.335
A,0.1023
I,0.5315
D,2.385
V,1.918
V,0.3668
R,1.434
P,0.1307
F,1.464
A,0.2441
V,0.1592
D,0.03193
V,0.1406
S,0.1001
S,0.1023
G,0.08963
V,0.09327
E,0.03195
A,1.081
F,1.28
P,0.5434
G,0.05172
K,0.88
K,0.03196
D,0.1874
H,1.58
D,2.185
S,0.5817
I,0.5198
K,1.488
M,1.276
F,0.1355
I,0.7006
K,1.96
N,1.45
A,0.4522
K,0.8327
G,2.374
L,1.492
