"pdb_aa","rate"
V,1.072
N,1.7
K,1.005
E,-0.8709
R,-0.3331
T,-0.8032
F,-0.365
L,-0.1472
A,-0.7132
V,0.08444
K,-0.9279
P,-0.915
D,-0.9685
G,-0.7964
V,-0.8816
A,-0.6994
R,-0.9342
G,0.3108
L,-0.5999
V,-0.02337
G,-0.5879
E,0.3803
I,-0.6877
I,-0.4321
A,0.881
R,-0.9166
Y,-0.5909
E,-0.93
K,2.035
K,-0.5589
G,-0.9623
F,0.1929
V,0.1746
L,-0.6751
V,-0.1812
G,-0.05883
L,0.3177
K,-0.8871
Q,0.7748
L,1.242
V,2.489
P,-0.002455
T,0.323
K,1.348
D,0.8109
L,-0.001309
A,-0.7169
E,0.3134
S,1.962
H,-0.9693
Y,-0.9341
A,0.8754
E,-0.54
H,-0.8429
K,0.3591
E,0.6876
R,-0.2268
P,-0.4475
F,-0.9364
F,-0.4582
G,2.522
G,0.6161
L,-0.9105
V,-0.1352
S,2.028
F,-0.4188
I,-0.7483
T,0.1655
S,-0.8826
G,-0.2606
P,-0.8651
V,-0.6274
V,-0.4602
A,-0.759
M,-0.8454
V,-0.7572
F,-0.377
E,-0.5899
G,-0.9623
K,0.7571
G,0.1789
V,-0.3146
V,-0.6783
A,0.2732
S,0.03174
A,-0.4605
R,-0.9684
L,1.523
M,-0.1678
I,-0.5955
G,-0.9623
V,-0.2628
T,-0.9613
N,-0.4863
P,-0.9641
L,0.5405
A,0.5929
S,-0.6544
A,0.6145
P,-0.6797
G,-0.8799
S,-0.8619
I,-0.779
R,-0.9684
G,-0.8509
D,-0.8093
F,1.784
G,0.119
V,0.2993
D,0.3859
V,-0.01446
G,-0.4629
R,-0.6682
N,-0.9703
I,-0.05001
I,-0.4842
G,-0.909
S,-0.9632
D,-0.9347
S,-0.6123
V,0.3308
E,0.06426
S,-0.6875
A,-0.9131
N,2.285
R,0.1561
E,-0.9675
I,-0.6851
A,1.608
L,-0.6662
W,-0.6012
F,-0.962
K,2.297
P,2.504
E,1.573
E,-0.4633
L,0.8528
L,2.513
T,2.112
E,0.4448
V,2.52
K,1.017
P,1.625
N,2.523
P,2.583
N,0.09387
L,0.551
Y,-0.1347
E,-0.8473
