"pdb_aa","rate"
V,1.58
N,2.064
K,1.529
E,0.08502
R,0.4989
T,0.1371
F,0.4744
L,0.642
A,0.2064
V,0.8203
K,0.04112
P,0.05108
D,0.009838
G,0.1423
V,0.07677
A,0.217
R,0.03624
G,0.9945
L,0.2936
V,0.7373
G,0.3028
E,1.048
I,0.226
I,0.4227
A,1.433
R,0.04981
Y,0.3005
E,0.0395
K,2.322
K,0.3251
G,0.01463
F,0.9037
V,0.8897
L,0.2357
V,0.6158
G,0.71
L,0.9998
K,0.07254
Q,1.352
L,1.712
V,2.671
P,0.7534
T,1.004
K,1.793
D,1.379
L,0.7543
A,0.2035
E,0.9965
S,2.265
H,0.00923
Y,0.0363
A,1.429
E,0.3397
H,0.1065
K,1.032
E,1.285
R,0.5807
P,0.4109
F,0.03455
F,0.4026
G,2.696
G,1.23
L,0.05453
V,0.6512
S,2.317
F,0.433
I,0.1794
T,0.8827
S,0.07597
G,0.5547
P,0.08943
V,0.2724
V,0.4011
A,0.1711
M,0.1046
V,0.1725
F,0.4651
E,0.3013
G,0.01463
K,1.338
G,0.893
V,0.5132
V,0.2332
A,0.9655
S,0.7797
A,0.4009
R,0.009976
L,1.927
M,0.6261
I,0.297
G,0.01463
V,0.553
T,0.01539
N,0.381
P,0.01323
L,1.171
A,1.212
S,0.2517
A,1.228
P,0.2321
G,0.07804
S,0.09192
I,0.1557
R,0.009976
G,0.1004
D,0.1324
F,2.129
G,0.8469
V,0.9856
D,1.052
V,0.7442
G,0.399
R,0.241
N,0.008472
I,0.7168
I,0.3826
G,0.05565
S,0.01398
D,0.03588
S,0.284
V,1.01
E,0.8048
S,0.2261
A,0.05253
N,2.514
R,0.8754
E,0.01066
I,0.228
A,1.993
L,0.2426
W,0.2926
F,0.01485
K,2.523
P,2.683
E,1.966
E,0.3987
L,1.412
L,2.69
T,2.381
E,1.098
V,2.695
K,1.538
P,2.006
N,2.697
P,2.743
N,0.8276
L,1.179
Y,0.6516
E,0.1031
