"pdb_aa","rate"
I,1.26
E,2.269
Q,3.155
P,1.247
R,3.317
W,2.599
A,3.131
S,2.093
K,3.423
D,2.081
S,2.809
A,2.029
A,1.982
G,1.395
A,3.218
A,1.514
S,1.624
T,1.594
P,1.624
D,0.8734
E,1.115
K,1.822
I,1.584
V,0.312
L,0.9712
E,1.724
F,0.3872
D,1.67
A,0.5188
L,0.5298
T,1.135
S,1.826
N,1.747
D,0.1918
A,1.366
A,1.164
K,1.478
L,0.5154
I,1.638
E,1.521
Y,1.681
F,0.8296
A,0.7005
E,1.1
D,0.5137
T,0.6739
Y,0.4504
Q,0.604
N,0.1635
P,0.2481
L,0.6718
P,1.038
P,0.7497
A,0.7687
Y,1.746
G,0.05329
R,1.172
D,1.926
A,0.657
V,0.5177
E,1.416
Q,2.218
T,1.124
L,0.9403
A,1.188
G,2.271
L,0.8263
F,1.821
T,1.299
V,1.463
S,1.544
I,1.869
D,0.6092
A,1.085
V,0.6571
E,1.625
T,0.9995
F,0.9093
H,0.9653
I,0.4219
G,0.4474
S,0.9017
S,1.532
N,0.4097
G,1.576
L,1.227
V,0.05149
Y,0.6525
T,0.2588
E,0.05116
R,0.05154
V,0.5232
D,0.05288
V,1.156
L,0.6117
R,1.963
A,0.8602
L,1.408
P,2.165
T,1.115
G,1.004
K,1.755
S,2.005
Y,1.175
N,1.292
L,0.6159
S,0.5648
I,0.1983
L,0.7107
G,0.06666
V,0.4193
F,0.4606
Q,0.5392
L,0.7866
T,1.539
E,0.8689
G,0.1498
K,1.113
I,0.1664
T,0.7777
G,1.033
W,0.09851
R,0.08472
D,0.08466
Y,0.0735
F,0.232
D,0.06421
L,1.357
R,1.427
E,0.7557
F,1.33
E,1.518
E,1.214
A,0.7005
V,1.197
D,1.563
L,1.573
P,2.756
L,2.094
R,1.368
G,0.817
