"pdb_aa","rate"
G,3.987
P,4.165
L,2.042
G,4.162
S,1.816
M,1.997
I,0.5467
N,1.056
A,0.7988
K,1.108
T,0.3432
K,1.802
V,0.9527
I,1.226
G,0.6471
L,0.4786
I,0.6899
G,0.0683
H,1.007
P,0.0176
V,0.4373
E,1.468
H,0.1159
S,0.0767
F,0.8906
S,0.01626
P,0.0345
I,2.089
M,0.1965
H,0.2561
N,0.2625
A,0.7628
A,0.4041
F,0.5172
K,2.488
D,2.48
K,1.368
G,1.433
L,1.122
N,0.7412
Y,1.209
V,1.37
Y,0.04122
V,1.183
A,0.4744
F,0.4428
D,1.079
V,0.3264
L,2.521
P,1.506
E,2.23
N,1.953
L,0.4608
K,2.53
Y,2.396
V,0.3626
I,0.8165
D,2.53
G,0.8526
A,1.016
K,1.012
A,0.8752
L,1.065
G,1.541
I,1.213
V,1.561
G,0.01826
F,1.179
N,0.04726
V,0.3069
T,0.02954
I,0.3193
P,0.01757
H,0.3774
K,0.01673
I,0.9515
E,1.959
I,0.546
M,1.028
K,2.202
Y,1.89
L,0.4163
D,0.1351
E,1.705
I,0.9294
D,0.4578
K,1.521
D,1.025
A,0.0736
Q,2.469
L,1.853
I,0.4735
G,0.1355
A,0.06802
V,0.06896
N,0.01617
T,0.01736
I,0.4508
K,0.6842
I,0.5587
E,2.44
D,1.809
G,0.6372
K,1.746
A,0.6909
I,1.355
G,0.03768
Y,0.7206
N,0.1233
T,0.01735
D,0.0164
G,0.4007
I,1.886
G,0.01826
A,0.5386
R,1.077
M,1.642
A,0.4932
L,0.419
E,2.469
E,1.324
E,1.945
I,2.231
G,2.271
R,2.529
V,1.501
K,2.53
D,1.769
K,1.023
N,1.884
I,0.8689
V,0.7395
I,0.8714
Y,1.178
G,0.01826
A,0.2112
G,0.01826
G,0.01826
A,0.102
A,0.4103
R,0.2724
A,0.1912
V,0.35
A,1.061
F,1.307
E,0.6984
L,0.5919
A,0.8241
K,1.846
D,1.428
N,2.529
N,2.513
I,1.015
I,1.814
I,0.6713
A,1.073
N,0.1837
R,0.3394
T,0.809
V,4.155
E,2.529
K,0.878
A,0.3303
E,3.647
A,3.801
L,0.7017
A,1.042
K,4.17
E,2.528
I,1.167
A,1.912
E,2.565
K,2.444
L,1.767
N,3.093
K,3.438
K,1.141
F,2.956
G,2.036
E,4.17
E,2.016
V,1.901
K,2.526
F,1.986
S,2.584
G,2.531
L,1.825
D,1.494
V,2.531
D,2.527
L,1.285
D,3.914
G,3.752
V,0.8919
D,0.8871
I,0.8226
I,0.8708
I,0.4706
N,0.205
A,0.3444
T,0.06221
P,0.5693
I,0.7757
G,0.01826
M,0.08152
Y,1.566
P,0.5503
N,1.65
I,1.899
D,1.943
V,2.541
E,1.89
P,0.79
I,1.309
V,1.559
K,2.476
A,2.357
E,2.491
K,2.539
L,1.19
R,1.525
E,4.117
D,2.339
M,1.11
V,1.233
V,0.2589
M,0.8654
D,0.01737
L,0.5513
I,0.3449
Y,0.06228
N,0.5848
P,0.06865
L,1.861
E,1.358
T,0.02088
V,1.931
L,0.7693
L,0.3938
K,2.106
E,1.728
A,0.1779
K,1.906
K,2.53
V,1.946
N,0.2373
A,0.7258
K,2.492
T,1.164
I,1.095
N,0.5512
G,0.01831
L,1.124
G,0.8265
M,0.01624
L,0.2537
I,0.7276
Y,1.229
Q,0.01641
G,0.1534
A,0.316
V,1.301
A,0.3065
F,0.3837
K,0.99
I,0.9494
W,0.4128
T,0.1349
G,0.7161
V,3.962
E,2.53
P,0.4946
N,0.4955
I,1.212
E,2.258
V,1.808
M,0.2622
K,1.019
N,2.517
A,1.558
I,0.7296
I,2.184
D,2.558
K,2.372
I,1.25
T,2.543
K,2.535
