"pdb_aa","rate"
M,0.0131
F,0.264
K,1.459
H,0.1478
T,0.8232
R,0.5183
K,1.112
L,0.174
Q,0.1184
Y,0.6817
N,1.364
A,0.2077
K,0.6544
P,0.08346
D,1.152
R,1.658
S,0.2296
D,0.3537
P,0.2637
I,1.321
M,0.664
A,0.01294
R,0.6599
R,0.7018
L,0.5393
Q,0.04772
E,0.0473
S,0.3161
L,0.209
G,0.02874
G,0.01711
Q,0.4468
W,0.5382
G,0.01711
E,0.01409
T,0.2327
T,0.2511
G,0.04944
M,0.2729
M,0.3923
S,0.05633
F,0.05302
L,0.5572
S,0.3135
Q,0.01358
G,0.3877
W,0.8369
A,0.2873
S,0.9792
T,0.3433
G,0.9733
A,1.173
E,1
K,0.3917
Y,0.2252
K,0.3197
D,0.1852
L,0.5625
L,0.416
L,0.9326
D,0.3089
T,0.2227
G,0.2532
T,0.2074
E,0.01409
E,0.01409
M,0.6765
A,0.3895
H,0.01324
V,0.2771
E,0.01914
M,0.2654
I,0.3225
S,0.3728
T,0.3327
M,0.2619
I,0.1951
G,0.3167
Y,0.4323
L,0.02224
L,0.1671
E,0.4084
D,0.9182
A,0.2368
P,0.2725
F,1.384
G,1.63
P,2.042
E,0.7402
D,0.7836
L,0.9108
K,1.654
R,2.131
D,0.5351
P,0.8013
S,1.251
L,1.069
A,0.9929
T,0.4198
T,0.8676
M,0.8972
A,0.7403
G,0.4718
M,0.7464
D,0.2751
P,0.713
E,0.2173
H,0.3413
S,1.112
L,0.1696
V,0.2703
H,0.6172
G,0.2069
L,0.5311
N,0.5275
A,0.2273
S,1.1
L,0.2919
N,1.237
N,0.2282
P,0.2606
N,0.7494
G,0.01711
A,0.6438
A,0.2604
W,0.08103
N,0.7516
A,0.4921
G,0.7342
Y,0.3569
V,0.5828
T,0.4729
S,0.4396
S,0.1239
G,0.0499
N,0.09688
L,0.4497
V,0.426
A,0.2276
D,0.01736
M,0.2908
R,0.4267
F,0.4555
N,0.01474
V,0.4278
V,0.4979
R,0.07891
E,0.01409
S,0.3615
E,0.1816
A,0.08583
R,0.05887
L,0.645
Q,0.2191
V,0.2466
S,0.5241
R,0.04691
L,0.1838
Y,0.5756
S,0.5281
M,0.6583
T,0.1557
E,0.8366
D,0.0282
E,1.376
G,0.1675
V,0.205
R,0.6185
D,0.5671
M,0.3437
L,0.2923
K,0.7768
F,0.2863
L,0.2169
L,0.2274
A,0.08301
R,0.01366
E,0.02898
T,0.2973
Q,0.3178
H,0.01324
Q,0.09401
L,0.3856
Q,0.2389
F,0.1085
M,1.045
K,0.2878
A,0.06453
Q,0.4252
E,0.8699
E,0.4689
L,0.3431
E,0.5191
E,1.461
K,1.09
Y,0.3431
G,2.557
I,1.477
I,0.6514
V,0.427
P,0.2693
G,0.5355
D,0.4252
M,0.4161
K,1.2
E,1.915
I,1.728
E,0.3577
H,1.882
S,1.559
E,1.432
F,0.87
S,0.8304
H,0.8022
V,1.424
L,0.7395
M,1.371
N,0.5219
F,0.6294
S,0.3696
D,1.36
G,0.4294
D,2.447
G,2.038
S,0.8472
K,0.7693
A,0.6221
F,0.3809
E,2.015
G,0.2389
Q,0.9798
V,2.57
A,0.5104
K,1.431
D,0.08755
G,0.4373
E,1.792
K,2.066
F,0.8057
T,2.096
Y,1.205
Q,1.731
E,2.573
N,1.999
P,1.304
E,2.577
A,1.231
M,1.847
G,1.118
G,1.623
I,1.974
P,0.5689
H,2.746
I,1.146
K,1.698
P,0.9297
G,0.5887
D,0.8186
P,1.323
R,1.667
L,0.9272
H,0.9803
N,0.6059
H,0.6567
Q,2.579
G,1.932
