"pdb_aa","rate"
D,1.521
H,0.9799
I,0.7162
K,0.3626
V,0.519
I,1.119
Y,0.09271
F,0.09025
N,0.9309
G,1.883
R,0.5723
G,0.3557
R,0.4977
A,0.5419
E,0.08916
S,1.247
I,0.9762
R,0.08912
M,0.7354
T,1.121
L,0.5006
V,0.7371
A,0.8626
A,0.4636
G,0.6117
V,0.6583
N,2.114
Y,0.694
E,0.5992
D,0.08952
E,1.996
R,0.08937
I,1.021
S,1.845
F,3.102
Q,1.46
D,1.321
W,0.2843
P,0.8822
K,1.784
I,1.911
K,0.08943
P,1.576
T,1.455
I,0.8903
P,0.1645
G,0.9187
G,0.4159
R,0.647
L,1.23
P,0.0892
A,0.9544
V,0.2613
K,0.6275
I,0.6582
T,0.9541
D,2.366
N,2.741
H,1.895
G,0.8146
H,1.481
V,1.3
K,2.16
W,2.257
M,1.158
V,1.09
E,0.1099
S,0.09224
L,1.731
A,0.2075
I,0.1755
A,0.8084
R,0.2877
Y,0.7245
M,0.6768
A,0.1972
K,0.8878
K,1.034
H,1.313
H,0.8407
M,0.6978
M,0.7603
G,0.1595
G,1.397
T,0.8321
E,1.124
E,2.016
E,0.4963
Y,1.067
Y,0.4528
N,1.744
V,0.5912
E,0.2165
K,0.6611
L,1.19
I,0.9407
G,0.5956
Q,0.8816
A,1.533
E,1.599
D,0.2243
L,1.259
E,1.886
H,2.053
E,1.783
Y,2.037
Y,1.883
K,1.936
T,2.258
L,2.117
M,2.849
K,0.8398
P,1.976
E,1.558
E,1.726
E,1.346
K,0.6815
Q,1.696
K,1.284
I,1.841
I,2.564
K,1.544
E,1.814
I,1.73
L,1.32
N,1.511
G,1.834
K,2.828
V,1.803
P,0.3821
V,1.857
L,1.776
L,1.318
D,2.227
I,1.705
I,1.115
C,0.8245
E,1.556
S,1.253
L,0.5551
K,1.413
A,1.965
S,0.5677
T,1.332
G,0.802
K,2.103
L,1.065
A,1.254
V,0.3674
G,0.5098
D,1.332
K,1.099
V,0.94
T,0.3178
L,1.058
A,0.3714
D,0.08949
L,1.107
V,1.421
L,1.085
I,1.053
A,1.118
V,1.539
I,2.084
D,1.263
H,1.837
V,1.744
T,2.233
D,3.096
L,3.069
D,3.101
K,1.582
E,1.877
F,1.632
L,1.312
T,1.273
G,1.89
K,1.971
Y,1.465
P,0.4212
E,1.47
I,0.8121
H,1.566
K,1.059
H,0.834
R,1.621
E,1.77
N,1.122
L,0.5062
L,1.586
A,1.85
S,1.222
S,1.618
P,0.6447
R,1.558
L,0.5276
A,0.7505
K,1.75
Y,1.03
L,1.299
S,1.541
D,1.444
R,0.2907
A,0.4431
