"pdb_aa","rate"
D,0.4823
H,-0.3033
I,-0.6861
K,-1.2
V,-0.9725
I,-0.1021
Y,-1.591
F,-1.595
N,-0.3745
G,1.007
R,-0.8951
G,-1.209
R,-1.003
A,-0.9391
E,-1.596
S,0.08476
I,-0.3087
R,-1.597
M,-0.6583
T,-0.09783
L,-0.9992
V,-0.6558
A,-0.4736
A,-1.053
G,-0.8379
V,-0.7702
N,1.343
Y,-0.7184
E,-0.856
D,-1.596
E,1.172
R,-1.596
I,-0.2444
S,0.9528
F,2.777
Q,0.3931
D,0.1916
W,-1.313
P,-0.4452
K,0.8646
I,1.048
K,-1.596
P,0.5619
T,0.3859
I,-0.4334
P,-1.487
G,-0.3921
G,-1.122
R,-0.7866
L,0.05939
P,-1.596
A,-0.3403
V,-1.347
K,-0.8149
I,-0.7704
T,-0.3407
D,1.709
N,2.253
H,1.025
G,-0.5434
H,0.424
V,0.1607
K,1.409
W,1.551
M,-0.04456
V,-0.1428
E,-1.566
S,-1.592
L,0.7868
A,-1.425
I,-1.471
A,-0.5523
R,-1.308
Y,-0.6742
M,-0.7433
A,-1.44
K,-0.437
K,-0.2248
H,0.1804
H,-0.5054
M,-0.7128
M,-0.6221
G,-1.494
G,0.3016
T,-0.5179
E,-0.09453
E,1.2
E,-1.005
Y,-0.177
Y,-1.069
N,0.8056
V,-0.8676
E,-1.412
K,-0.7662
L,0.001874
I,-0.3602
G,-0.8612
Q,-0.446
A,0.4996
E,0.5949
D,-1.4
L,0.1018
E,1.012
H,1.254
E,0.8632
Y,1.231
Y,1.008
K,1.085
T,1.552
L,1.347
M,2.41
K,-0.5067
P,1.143
E,0.5366
E,0.7791
E,0.2278
K,-0.7366
Q,0.7368
K,0.138
I,0.9467
I,1.997
K,0.5158
E,0.9076
I,0.785
L,0.1899
N,0.4676
G,0.9364
K,2.379
V,0.8916
P,-1.171
V,0.9704
L,0.8523
L,0.1871
D,1.507
I,0.7487
I,-0.1077
C,-0.529
E,0.5332
S,0.09369
L,-0.92
K,0.3249
A,1.127
S,-0.9018
T,0.2078
G,-0.5616
K,1.327
L,-0.1804
A,0.09389
V,-1.193
G,-0.9857
D,0.2085
K,-0.13
V,-0.3613
T,-1.264
L,-0.1893
A,-1.187
D,-1.596
L,-0.1195
V,0.3367
L,-0.1512
I,-0.1967
A,-0.1029
V,0.508
I,1.299
D,0.1078
H,0.9415
V,0.8057
T,1.516
D,2.769
L,2.73
D,2.776
K,0.5711
E,0.9993
F,0.6441
L,0.179
T,0.1219
G,1.018
K,1.135
Y,0.4011
P,-1.114
E,0.4085
I,-0.547
H,0.5481
K,-0.1885
H,-0.5152
R,0.6274
E,0.8444
N,-0.09657
L,-0.991
L,0.5761
A,0.9593
S,0.04759
S,0.6225
P,-0.7899
R,0.5363
L,-0.96
A,-0.6364
K,0.8142
Y,-0.2307
L,0.1594
S,0.5105
D,0.3706
R,-1.304
A,-1.083
