"pdb_aa","rate"
P,1.022
L,1.171
M,1.339
L,0.34
D,0.3089
T,0.2809
A,0.2175
P,0.9807
N,0.4804
A,0.1486
F,0.1584
D,0.08946
D,0.08924
Q,0.2545
Y,0.09043
E,1.145
G,0.4306
C,0.09753
V,0.7597
N,1.093
K,0.9595
M,0.08957
E,0.5695
E,1.104
K,1.045
A,0.354
P,0.8059
L,0.9957
L,0.395
L,0.3586
Q,1.053
E,0.6004
D,0.191
F,0.7066
N,1.106
M,1.263
N,0.2565
A,1.547
K,1.802
L,0.2707
K,0.8108
V,1.74
A,0.6026
W,0.1451
E,0.9438
E,1.362
A,0.1124
K,1.171
K,1.04
R,0.9587
W,0.2913
N,0.9619
N,1.091
I,0.8904
K,0.9344
P,1.052
S,1.148
R,1.012
S,1.377
Y,0.6145
P,0.3613
K,1.444
G,0.7845
F,0.2999
N,0.6409
D,0.7981
F,0.8464
H,0.3103
G,0.2842
T,0.4627
A,0.08923
L,0.6082
V,0.5307
A,0.2597
Y,0.09488
T,0.1044
G,1.062
S,1.294
I,0.6078
A,0.617
V,2.42
D,1.272
F,0.1294
N,0.09413
R,1.537
A,0.09457
V,0.2455
R,0.3416
E,1.166
F,0.4628
K,0.253
E,0.9714
N,0.7683
P,1.168
G,1.068
Q,0.7971
F,0.1303
H,0.6795
Y,0.2961
K,0.09741
A,0.2093
F,0.3424
H,0.08936
Y,0.1965
Y,0.1982
L,0.09081
T,0.09072
R,0.4684
A,0.08939
L,0.4028
Q,0.3843
L,0.3986
L,0.0932
S,0.5304
N,1.154
G,1.063
D,0.861
C,0.1218
H,1.027
S,1.129
V,0.1529
Y,0.5163
R,0.1917
G,0.2607
T,0.4472
K,1.553
T,1.41
R,1.074
F,0.4468
H,1.182
Y,0.8803
T,0.7972
G,1.103
A,1.464
G,0.5676
S,0.9097
V,0.4228
R,0.09784
F,0.3564
G,0.1014
Q,0.4928
F,0.0992
T,0.4394
S,0.08938
S,0.3281
S,0.1237
L,1.14
S,1.045
K,0.9231
K,1.019
V,1.192
A,1.586
Q,1.013
S,0.3319
Q,1.224
E,2.023
F,0.3193
F,1.816
S,2.035
D,0.4636
H,1.443
G,0.8343
T,0.1735
L,0.885
F,0.3058
I,0.7252
I,0.1239
K,1.432
T,0.09354
C,0.2397
L,0.6676
G,0.09958
V,0.2211
Y,1.225
I,0.2079
K,1.302
E,2.012
F,0.4459
S,0.08934
F,1.767
R,1.511
P,0.7067
D,2.184
Q,0.3976
E,1.161
E,0.1481
V,0.1008
L,0.09106
I,0.09651
P,0.09159
G,0.3207
Y,0.481
E,0.08976
V,0.4862
Y,0.117
Q,1.313
K,0.1556
V,0.6305
R,1.087
T,1.333
Q,1.612
G,1.823
Y,1.572
N,1.365
E,0.897
I,1.087
F,1.296
L,0.4942
D,0.9219
S,0.5267
P,0.3012
K,0.9914
R,0.7122
K,0.6819
K,1.287
S,0.1721
N,0.5367
Y,0.7933
N,0.3447
C,0.1248
L,0.4867
Y,0.9154
S,1.014
