"pdb_aa","rate"
P,0.6151
L,0.9024
M,1.228
L,-0.7042
D,-0.7645
T,-0.8185
A,-0.9411
P,0.5344
N,-0.4329
A,-1.074
F,-1.055
D,-1.189
D,-1.189
Q,-0.8696
Y,-1.187
E,0.8528
G,-0.5291
C,-1.173
V,0.1072
N,0.7522
K,0.4934
M,-1.188
E,-0.2607
E,0.7735
K,0.6582
A,-0.6772
P,0.1965
L,0.5635
L,-0.598
L,-0.6683
Q,0.6743
E,-0.2008
D,-0.9924
F,0.004515
N,0.7774
M,1.08
N,-0.8657
A,1.63
K,2.122
L,-0.8383
K,0.206
V,2.002
A,-0.1965
W,-1.081
E,0.4631
E,1.273
A,-1.144
K,0.9031
K,0.6486
R,0.4918
W,-0.7984
N,0.4981
N,0.7486
I,0.3599
K,0.445
P,0.6725
S,0.8578
R,0.5941
S,1.3
Y,-0.1736
P,-0.6632
K,1.431
G,0.155
F,-0.7819
N,-0.1225
D,0.1813
F,0.2747
H,-0.7617
G,-0.8122
T,-0.4671
A,-1.189
L,-0.1858
V,-0.3356
A,-0.8596
Y,-1.178
T,-1.16
G,0.6922
S,1.14
I,-0.1865
A,-0.1688
V,3.317
D,1.097
F,-1.111
N,-1.18
R,1.61
A,-1.179
V,-0.887
R,-0.7013
E,0.8925
F,-0.4669
K,-0.8726
E,0.5164
N,0.1237
P,0.8969
G,0.7034
Q,0.1794
F,-1.11
H,-0.0479
Y,-0.7892
K,-1.173
A,-0.9571
F,-0.6997
H,-1.189
Y,-0.9817
Y,-0.9784
L,-1.186
T,-1.186
R,-0.456
A,-1.189
L,-0.583
Q,-0.6187
L,-0.591
L,-1.181
S,-0.3361
N,0.8702
G,0.6936
D,0.303
C,-1.126
H,0.6235
S,0.8208
V,-1.066
Y,-0.3634
R,-0.991
G,-0.8576
T,-0.4969
K,1.642
T,1.365
R,0.7155
F,-0.4978
H,0.9228
Y,0.3403
T,0.1796
G,0.7718
A,1.469
G,-0.2642
S,0.3971
V,-0.5442
R,-1.172
F,-0.6727
G,-1.166
Q,-0.4088
F,-1.17
T,-0.5121
S,-1.189
S,-0.7274
S,-1.123
L,0.8418
S,0.6591
K,0.423
K,0.6088
V,0.9438
A,1.706
Q,0.5963
S,-0.7199
Q,1.005
E,2.549
F,-0.7443
F,2.15
S,2.573
D,-0.4652
H,1.429
G,0.2514
T,-1.026
L,0.3494
F,-0.7705
I,0.04045
I,-1.122
K,1.408
T,-1.181
C,-0.8982
L,-0.07096
G,-1.169
V,-0.9342
Y,1.006
I,-0.9597
K,1.156
E,2.528
F,-0.4996
S,-1.189
F,2.055
R,1.56
P,0.004657
D,2.86
Q,-0.593
E,0.8834
E,-1.075
V,-1.167
L,-1.186
I,-1.175
P,-1.185
G,-0.7417
Y,-0.4316
E,-1.188
V,-0.4216
Y,-1.136
Q,1.176
K,-1.061
V,-0.1426
R,0.7391
T,1.215
Q,1.756
G,2.162
Y,1.677
N,1.278
E,0.3726
I,0.7409
F,1.143
L,-0.4062
D,0.4208
S,-0.3433
P,-0.7793
K,0.555
R,0.01526
K,-0.04321
K,1.127
S,-1.029
N,-0.3239
Y,0.1721
N,-0.6953
C,-1.12
L,-0.4207
Y,0.4082
S,0.5983
