"pdb_aa","rate"
M,1.828
M,1.388
N,1.428
P,0.6736
L,0.9828
I,0.141
I,0.327
K,0.01323
L,0.4909
G,0.01499
G,0.01499
V,0.2831
L,0.3554
L,0.2979
D,1.125
S,0.9834
E,1.964
E,2.575
A,0.3003
L,0.8168
E,2.564
R,1.328
L,0.2388
F,0.6293
S,1.526
A,0.4189
L,0.8693
V,0.9456
N,1.859
Y,0.7471
R,0.8154
E,2.369
S,1.269
H,0.5287
Q,2.142
R,1.198
P,1.074
L,0.6323
V,0.4767
I,0.6547
V,0.06455
H,0.01263
G,0.01499
G,0.02218
G,0.01499
C,0.6108
V,0.7585
V,0.05872
D,0.5571
E,2.472
L,0.8258
M,0.2124
K,2.578
G,1.249
L,0.6093
N,1.279
L,0.5767
P,1.87
V,0.5289
K,1.911
K,0.2117
K,0.9215
N,1.011
G,0.01499
L,0.2396
R,0.01284
V,0.3205
T,0.04601
P,0.2573
A,1.92
D,1.17
Q,0.2593
I,0.3433
D,0.9106
I,0.6934
I,0.2392
T,0.568
G,0.1392
A,0.1619
L,0.08265
A,0.4998
G,0.06932
T,0.8569
A,0.3853
N,0.04809
K,0.2973
T,1.432
L,0.427
L,0.2312
A,1.004
W,1.41
A,0.417
K,1.058
K,1.84
H,1.672
Q,0.7991
I,0.9724
A,1.992
A,0.27
V,0.4574
G,0.0398
L,0.6959
F,0.406
L,0.09444
G,0.6786
D,0.06163
G,0.5536
D,1.567
S,0.8585
V,0.8339
K,2.575
V,0.4201
T,1.896
Q,1.21
L,1.648
D,1.406
E,1.702
E,1.31
L,0.6128
G,0.06905
H,1.266
V,0.01619
G,0.03761
L,1.326
A,0.4167
Q,2.58
P,2.546
G,0.628
S,0.8517
P,1.522
K,2.581
L,1.21
I,0.8702
N,2.58
S,2.163
L,0.7081
L,1.279
E,2.582
N,2.574
G,1.091
Y,1.771
L,0.5555
P,0.06268
V,0.1886
V,0.4637
S,0.1902
S,0.1701
I,0.4347
G,0.337
V,1.056
T,0.54
D,2.749
E,2.568
G,0.3227
Q,1.553
L,0.8309
M,0.6824
N,0.01246
V,0.2169
N,0.01246
A,0.05961
D,0.0128
Q,0.5897
A,0.2802
A,0.01249
T,0.501
A,0.4586
L,0.6714
A,0.0664
A,1.39
T,0.7372
L,0.4992
G,2.448
A,0.1344
D,0.8591
L,0.2117
I,0.6939
L,0.588
L,0.3586
S,0.107
D,0.1318
V,0.2409
S,1.225
G,0.03687
I,0.3111
L,0.5568
D,0.7584
G,1.541
K,2.553
G,1.105
Q,1.726
R,0.7666
I,0.6928
A,1.44
E,1.534
M,0.7408
T,1.083
A,1.711
A,4.317
K,1.673
A,0.7094
E,1.889
Q,3.895
L,0.5573
I,0.4462
E,2.574
Q,2.496
G,0.85
I,0.7499
I,0.1503
T,1.197
D,0.2605
G,0.01499
M,0.01256
I,0.4403
V,0.05303
K,0.01323
V,0.3629
N,1.562
A,0.3126
A,0.1696
L,0.9782
D,1.909
A,0.2401
A,0.4649
R,2.438
T,1.862
L,0.4866
G,0.3857
R,1.639
P,1.124
V,0.3804
D,0.832
I,0.1152
A,0.501
S,0.3096
W,0.1862
R,0.6537
H,1.447
A,1.14
E,0.6611
Q,0.6092
L,0.379
P,1.243
A,0.9097
L,0.7992
F,0.9686
N,0.9168
G,0.8785
M,1.941
P,1.001
M,0.772
G,0.02216
T,0.09384
R,0.9161
I,0.3062
L,1.901
A,1.984
