"pdb_aa","rate"
R,2.396
T,1.963
Q,2.386
W,0.8117
P,0.3145
S,0.267
P,0.04203
A,0.06157
K,0.01409
L,0.1786
N,0.01276
L,0.07864
F,0.2121
L,0.04523
Y,0.1411
I,0.2002
T,0.4747
G,0.2425
Q,0.5007
R,0.1342
A,2.273
D,0.2156
G,0.02727
Y,0.02918
H,0.01306
T,1.126
L,0.04484
Q,0.09615
T,0.0637
L,0.3273
F,0.06638
Q,0.1551
F,0.4145
L,0.781
D,0.3268
Y,1.868
G,0.843
D,0.01335
T,1.789
I,0.5296
S,1.837
I,0.4875
E,1.647
L,2.541
R,0.7437
D,4.256
D,0.7306
G,1.644
D,4.316
I,0.6309
R,2.506
L,0.5775
L,1.978
T,1.097
P,2.547
V,1.688
E,3.79
G,1.042
V,0.3019
E,1.908
H,2.467
E,1.482
D,1.492
N,0.0337
L,0.09601
I,0.5504
V,1.07
R,0.5184
A,0.01447
A,0.04733
R,1.29
L,1.251
L,0.1137
K,4.257
T,3.339
A,1.294
A,2.607
D,3.954
S,4.283
G,3.995
R,3.634
L,4.288
P,4.27
T,3.809
G,4.318
S,2.871
G,0.02707
A,0.5814
N,1.521
I,0.2141
S,2.578
I,0.987
D,2.528
K,0.01405
R,1.565
L,0.2617
P,0.0155
G,0.02708
G,0.1637
G,0.01655
L,0.464
G,0.01655
G,0.01655
G,0.04659
S,0.01254
S,0.01254
N,0.2803
A,0.01281
A,0.01281
T,0.05232
V,0.4984
L,0.02622
V,0.7164
A,0.3695
L,0.04517
N,0.1069
H,1.934
L,0.2653
W,0.05946
Q,1.975
C,1.757
G,2.51
L,1.062
S,1.119
D,2.51
E,2.499
L,0.02619
A,0.3955
E,2.58
G,0.1831
L,0.8045
T,2.579
L,0.04552
G,0.02706
A,0.06071
D,0.01335
V,0.1003
P,0.0155
V,0.2891
F,0.01672
V,0.4787
R,1.429
G,0.04632
H,1.869
A,0.524
A,0.1264
F,0.5838
A,0.112
E,0.3196
G,0.01661
V,0.455
G,0.01655
E,0.1055
I,2.576
L,0.3859
T,1.327
P,1.508
V,0.8766
D,4.319
P,0.9243
P,2.028
E,0.8195
K,1.106
W,0.8001
Y,0.5111
L,0.523
V,0.3534
A,1.157
H,1.166
P,0.07807
G,1.614
V,0.63
S,0.9983
I,0.2804
P,0.5196
T,0.01392
P,0.8089
V,1.798
I,0.426
F,0.01672
K,1.625
D,0.8114
P,0.9442
E,2.144
L,0.01626
P,0.6615
R,0.02671
N,0.9116
T,0.3842
P,1.16
K,1.403
R,0.6428
S,1.531
I,1.156
E,1.842
T,1.394
L,0.4893
L,1.19
K,1.801
C,1.874
E,2.501
F,1.078
S,1.864
N,0.01275
D,0.09687
C,0.1689
E,0.3467
V,1.595
I,0.4942
A,0.1672
R,1.002
K,1.477
R,1.377
F,0.676
R,0.5855
E,1.006
V,0.1182
D,0.569
A,1.459
V,0.476
L,0.7455
S,1.21
W,0.7662
L,0.04527
L,1.121
E,0.9147
Y,0.6704
A,0.4187
P,0.861
S,0.299
R,0.4319
L,0.2432
T,0.05201
G,0.01656
T,0.05705
G,0.01656
A,0.2832
C,0.2234
V,0.4054
F,0.04755
A,0.3843
E,0.97
F,0.3493
D,1.801
T,0.8503
E,1.49
S,2.351
E,1.755
A,0.02064
R,1.715
Q,2.427
V,0.5602
L,1.36
E,1.564
Q,1.871
A,1.151
P,0.4845
E,2.491
W,2.576
L,1.531
N,1.959
G,0.8262
F,0.4334
V,0.4451
A,0.1857
K,1.359
G,0.2261
V,1.197
N,0.2822
L,2.497
S,0.01731
P,0.1855
L,0.3821
H,1.329
R,2.079
A,1.955
