"pdb_aa","rate"
N,0.6997
L,2.285
T,0.8511
E,0.4117
K,1.3
F,1.153
L,0.4724
R,0.7747
I,1.355
F,1.061
A,0.8301
R,1.668
R,0.6508
G,1.308
K,0.9267
S,0.9794
I,0.9103
I,0.561
L,0.4264
A,0.05782
Y,0.4943
D,0.05075
H,0.05458
G,0.1051
I,0.8455
E,0.4798
H,0.9186
G,0.06646
P,0.2642
A,0.8163
D,0.3313
F,0.2998
M,2.195
D,2.366
N,1.114
P,0.7702
D,3.282
S,0.4707
A,1.868
D,0.8832
P,0.7632
E,1.663
Y,3.439
I,0.9087
L,1.019
R,1.889
L,2.217
A,0.4192
R,0.7208
D,2.041
A,0.7795
G,0.6538
F,0.3278
D,0.2737
G,0.3505
V,0.7063
V,0.6077
F,0.8753
Q,0.3003
R,0.4535
G,0.05613
I,1.123
A,0.4904
E,1.375
K,1.181
Y,0.6004
Y,0.7637
D,1.226
G,1.746
S,1.097
V,1.09
P,0.5682
L,0.3521
I,0.3094
L,1.087
K,0.05156
L,0.8212
N,0.1286
G,0.4989
K,0.1925
T,0.1577
T,1.294
L,0.7684
Y,0.7611
N,1.021
G,1.317
E,1.168
P,0.886
V,1.626
S,0.1526
V,0.7611
A,1.213
N,0.4647
C,1.04
S,0.9958
V,0.2454
E,0.7657
E,0.6703
A,0.1466
V,1.072
S,0.9301
L,0.7704
G,0.1544
A,0.1017
S,0.3911
A,0.3702
V,0.2847
G,0.05902
Y,0.8391
T,0.05637
I,0.7337
Y,0.05835
P,0.8852
G,0.08272
S,0.2915
G,1.685
F,1.801
E,0.1682
W,1.695
K,2.288
M,0.2075
F,0.7011
E,3.441
E,1.067
L,1.064
A,0.7565
R,3.484
I,0.9893
K,0.9629
R,1.786
D,3.33
A,0.2313
V,1.563
K,2.258
F,1.621
D,0.5122
L,1.211
P,0.239
L,0.4794
V,0.6145
V,0.4361
W,0.111
S,0.6644
Y,0.09043
P,0.3658
R,0.128
G,0.1035
G,1.544
K,1.75
V,1.055
V,2.1
N,1.038
E,0.9905
T,1.638
A,0.9473
P,1.465
E,1.964
I,1.633
V,0.434
A,0.7667
Y,0.3251
A,0.3842
A,0.3339
R,0.05333
I,0.9706
A,0.5357
L,0.9121
E,0.08202
L,0.6205
G,0.05269
A,0.1527
D,0.05308
A,0.9893
M,0.5685
K,0.05165
I,0.3474
K,0.91
Y,0.6041
T,0.2913
G,0.4135
D,0.7452
P,2.641
K,1.474
T,0.6824
F,0.4788
S,2.259
W,2.13
A,0.2801
V,0.5729
K,2.307
V,0.8294
A,0.5546
G,0.9165
K,1.026
V,0.8856
P,0.6157
V,0.2924
L,0.6885
M,0.4562
S,0.1396
G,0.05142
G,0.05276
P,0.9504
K,0.7238
T,1.583
K,2.26
T,0.9507
E,1.126
E,3.416
D,1.95
F,1.263
L,0.8196
K,2.285
Q,0.8967
V,0.5902
E,2.11
G,1.565
V,0.5603
L,1.156
E,2.713
A,0.5529
G,0.0805
A,0.6169
L,1.507
G,0.05142
I,0.5718
A,0.2146
V,0.6121
G,0.05142
R,0.05067
N,0.05171
V,0.6408
W,0.2038
Q,0.1368
R,0.5541
R,3.456
D,1.754
A,0.3676
L,2.275
K,3.42
F,1.175
A,0.8938
R,1.917
A,0.7468
L,0.8861
A,1.602
E,2.626
L,0.7379
V,0.513
Y,0.5513
G,2.214
