"pdb_aa","rate"
M,0.05113
K,1.674
P,2.058
Y,0.8481
Q,0.6026
R,1.539
Q,2.29
F,0.09583
I,0.2699
E,1.505
F,0.546
A,0.301
L,0.9865
S,2.939
K,1.669
Q,2.047
V,0.2445
L,0.06986
K,0.985
F,0.05111
G,0.008527
E,1.119
F,0.0296
T,0.5628
L,0.05791
K,0.0062
S,0.04265
G,0.02906
R,0.005467
K,2.451
S,0.01299
P,0.007618
Y,0.0311
F,0.008666
F,0.02954
N,0.02548
A,0.2126
G,0.008527
L,0.6231
F,0.1136
N,0.7107
T,0.8246
G,0.02904
R,2.043
D,0.6081
L,0.3304
A,0.8653
L,2.03
L,0.1924
G,0.4336
R,1.491
F,1.357
Y,0.009099
A,0.04858
E,2.048
A,0.4818
L,0.721
V,2.985
D,2.041
S,0.741
G,2.083
I,2.047
E,2.991
F,1.496
D,0.1121
L,0.8147
L,0.8595
F,0.3339
G,0.008527
P,0.0635
A,0.01507
Y,0.009099
K,0.0062
G,0.02903
I,0.004443
P,0.3322
I,0.09361
A,0.412
T,0.6034
T,0.8057
T,0.4294
A,0.5944
V,0.9645
A,0.3749
L,0.2384
A,0.7362
E,2.034
H,2.419
H,1.104
D,2.063
L,2.128
D,0.576
L,1.895
P,0.3217
Y,1.065
C,0.4409
F,0.2948
N,0.02558
R,0.005467
K,0.0062
E,0.005925
A,0.7062
K,0.0062
D,0.9755
H,0.06553
G,0.02902
E,0.01994
G,0.02919
G,0.02914
N,1.948
L,0.5679
V,0.1283
G,0.008527
S,0.4415
A,1.397
L,0.2753
Q,2.991
G,0.07215
R,1.086
V,0.5836
M,0.7082
L,0.2873
V,0.6057
D,0.005374
D,0.005374
V,0.004553
I,0.1026
T,0.1058
A,0.08226
G,0.008527
T,0.1203
A,0.07808
I,0.1828
R,0.2619
E,0.09446
S,0.1665
M,0.5666
E,2.991
I,0.8818
I,0.1494
Q,2.696
A,1.973
N,1.079
G,1.475
A,0.09453
T,2.991
L,0.791
A,0.7761
G,0.5438
V,0.2229
L,1.303
I,0.2885
S,0.1678
L,0.2264
D,0.2378
R,0.005473
Q,0.4255
E,0.00593
R,0.7966
G,0.2473
R,2.048
G,1.347
E,2.025
I,1.83
S,0.013
A,0.04827
I,0.3874
Q,0.4771
E,0.3733
V,0.2872
E,1.058
R,1.948
D,1.833
Y,2.017
N,2.381
C,1.108
K,1.463
V,0.1181
I,2.039
S,0.5448
I,0.1478
I,0.6272
T,1.623
L,0.4855
K,2.991
D,0.7857
L,0.641
I,1.118
A,2.991
Y,1.295
L,0.568
E,2.988
E,2.991
K,2.991
P,2.985
E,4.918
M,2.061
A,2.984
E,2.994
H,1.986
L,1.444
A,2.993
A,1.435
V,0.7384
K,2.955
A,1.841
Y,0.03141
R,0.2473
E,2.991
E,2.066
F,0.4427
G,0.1159
V,0.9608
