"pdb_aa","rate"
M,-0.884
K,0.7863
P,1.18
Y,-0.06402
Q,-0.3166
R,0.6474
Q,1.42
F,-0.838
I,-0.6589
E,0.6122
F,-0.3748
A,-0.6269
L,0.07847
S,2.087
K,0.7805
Q,1.17
V,-0.6851
L,-0.8647
K,0.07691
F,-0.884
G,-0.9279
E,0.2153
F,-0.9062
T,-0.3575
L,-0.877
K,-0.9302
S,-0.8927
G,-0.9067
R,-0.931
K,1.586
S,-0.9233
P,-0.9288
Y,-0.9046
F,-0.9277
F,-0.9062
N,-0.9104
A,-0.7178
G,-0.9279
L,-0.2955
F,-0.8198
N,-0.2053
T,-0.08813
G,-0.9067
R,1.166
D,-0.3109
L,-0.5966
A,-0.04628
L,1.152
L,-0.7387
G,-0.4905
R,0.5974
F,0.4601
Y,-0.9273
A,-0.8866
E,1.171
A,-0.4409
L,-0.1948
V,2.135
D,1.164
S,-0.1742
G,1.206
I,1.17
E,2.141
F,0.6022
D,-0.8212
L,-0.09839
L,-0.05226
F,-0.5931
G,-0.9279
P,-0.8713
A,-0.9211
Y,-0.9273
K,-0.9302
G,-0.9068
I,-0.9321
P,-0.5948
I,-0.8403
A,-0.5128
T,-0.3158
T,-0.1076
T,-0.4948
A,-0.325
V,0.05577
A,-0.5509
L,-0.6913
A,-0.1791
E,1.157
H,1.553
H,0.1992
D,1.186
L,1.253
D,-0.3439
L,1.013
P,-0.6057
Y,0.1596
C,-0.4829
F,-0.6333
N,-0.9103
R,-0.931
K,-0.9302
E,-0.9305
A,-0.21
K,-0.9302
D,0.06706
H,-0.8692
G,-0.9068
E,-0.9161
G,-0.9066
G,-0.9066
N,1.067
L,-0.3523
V,-0.8047
G,-0.9279
S,-0.4823
A,0.5013
L,-0.6534
Q,2.141
G,-0.8624
R,0.1812
V,-0.3362
M,-0.208
L,-0.641
V,-0.3134
D,-0.9311
D,-0.9311
V,-0.9319
I,-0.8311
T,-0.8278
A,-0.852
G,-0.9279
T,-0.8128
A,-0.8563
I,-0.7485
R,-0.6671
E,-0.8394
S,-0.7653
M,-0.3537
E,2.141
I,-0.0293
I,-0.7829
Q,1.837
A,1.093
N,0.1734
G,0.5806
A,-0.8394
T,2.141
L,-0.1227
A,-0.138
G,-0.3771
V,-0.7073
L,0.4045
I,-0.6397
S,-0.7639
L,-0.7036
D,-0.692
R,-0.931
Q,-0.4988
E,-0.9305
R,-0.117
G,-0.6822
R,1.17
G,0.4496
E,1.147
I,0.9468
S,-0.9233
A,-0.887
I,-0.538
Q,-0.4457
E,-0.5525
V,-0.6411
E,0.152
R,1.068
D,0.9499
Y,1.139
N,1.514
C,0.2038
K,0.5691
V,-0.8151
I,1.162
S,-0.3761
I,-0.7846
I,-0.2912
T,0.7333
L,-0.437
K,2.141
D,-0.1282
L,-0.2771
I,0.2139
A,2.141
Y,0.3962
L,-0.3522
E,2.138
E,2.141
K,2.141
P,2.135
E,4.124
M,1.184
A,2.134
E,2.144
H,1.107
L,0.549
A,2.143
A,0.5403
V,-0.1769
K,2.104
A,0.9571
Y,-0.9043
R,-0.6822
E,2.141
E,1.189
F,-0.4811
G,-0.8174
V,0.05199
