"pdb_aa","rate"
S,2.207
E,2.524
R,2.478
L,1.186
S,4.117
I,1.179
T,1.635
P,1.155
L,1.444
G,0.7313
P,1.027
Y,1.368
I,0.5549
G,0.04576
A,0.05762
Q,1.001
I,0.6322
S,2.529
G,0.7815
A,1.246
D,0.783
L,0.4658
T,1.502
R,2.518
P,1.116
L,1.242
S,1.448
D,1.9
N,2.504
Q,2.329
F,1.865
E,2.267
Q,1.329
L,1.024
Y,0.9522
H,1.606
A,0.3483
V,0.457
L,0.8906
R,1.868
H,0.8367
Q,0.625
V,0.05779
V,0.8694
F,0.1302
L,0.4969
R,0.2853
D,1.14
Q,0.1068
A,2.554
I,1.003
T,0.8993
P,0.7609
Q,1.791
Q,1.205
Q,0.3504
R,0.8384
A,1.229
L,0.7768
A,0.2382
Q,1.161
R,1.46
F,0.2427
G,0.01943
E,1.536
L,0.4321
H,0.3185
I,0.8906
H,0.1236
P,0.1978
V,0.6609
Y,1.02
P,1.054
H,1.142
A,1.035
E,1.688
G,1.668
V,1.128
D,0.7526
E,0.4691
I,0.5905
I,0.721
V,1.022
L,0.4247
D,0.6701
T,0.4808
H,1.81
N,1.849
D,1.716
N,1.702
P,1.348
P,0.746
D,1.088
N,0.3849
D,0.3037
N,1.557
W,0.2601
H,0.01652
T,0.5094
D,0.01673
V,0.4266
T,0.2693
F,0.5903
I,0.7072
E,2.222
T,2.145
P,0.03949
P,0.3696
A,1.101
G,0.7166
A,0.3466
I,0.6529
L,0.0268
A,0.6197
A,0.4884
K,1.194
E,1.555
L,1.087
P,0.01849
S,2.149
T,1.953
G,0.02758
G,0.04547
D,0.03826
T,0.01626
L,1.166
W,0.4469
T,0.5986
S,0.3286
G,0.558
I,0.9342
A,0.6469
A,0.08881
Y,0.5882
E,1.308
A,1.099
L,0.01917
S,0.3196
V,2.561
P,1.989
F,1.112
R,0.8824
Q,4.043
L,1.906
L,0.5074
S,1.532
G,1.749
L,0.3179
R,1.45
A,0.02886
E,0.868
H,0.06146
D,0.3371
F,0.8861
R,1.452
K,1.306
S,0.6316
F,0.2567
P,1.292
E,1.921
Y,2.209
K,1.11
Y,1.432
R,2.093
K,3.409
T,1.529
E,2.351
E,2.041
E,2.217
H,1.449
Q,1.695
R,2.004
W,1.057
R,2.424
E,2.354
A,1.332
V,1.251
A,1.825
K,2.525
N,1.425
P,0.7093
P,0.792
L,0.788
L,1.676
H,0.05071
P,0.0762
V,0.2284
V,0.3836
R,0.2448
T,0.5938
H,0.06162
P,0.06104
V,0.534
S,0.2358
G,0.2679
K,0.5806
Q,0.7065
A,0.9284
L,0.3629
F,0.6261
V,0.06567
N,0.1987
E,1.239
G,1.012
F,0.1782
T,0.1361
T,0.676
R,0.6845
I,0.3459
V,1.924
D,0.6904
V,1.061
S,1.198
E,2.008
K,2.28
E,0.3616
S,0.2611
E,1.796
A,1.463
L,0.694
L,0.132
S,2.52
F,1.876
L,0.09789
F,1.271
A,1.639
H,0.4063
I,0.966
T,1.214
K,1.215
P,0.3026
E,0.4161
F,0.9832
Q,0.4058
V,0.3828
R,0.01878
W,0.655
R,0.8337
W,0.05997
Q,1.824
P,2.479
N,0.857
D,0.3847
I,1.058
A,0.1281
I,0.574
W,0.03131
D,0.01673
N,0.01631
R,0.07523
V,0.8398
T,0.257
Q,0.3368
H,0.01652
Y,0.6501
A,0.0449
N,0.6231
A,0.731
D,0.0397
Y,0.11
L,1.47
P,0.7686
Q,1.675
R,1.053
R,0.01678
I,1.118
M,0.2615
H,0.585
R,0.02524
A,0.3149
T,0.2161
I,0.4542
L,1.59
G,0.2075
D,0.356
K,1.945
P,0.2582
F,2.534
Y,1.584
R,1.311
A,2.511
