"pdb_aa","rate"
M,0.09498
T,1.509
D,2.506
L,1.787
K,2.064
A,2.577
S,1.967
S,0.16
L,1.534
R,1.278
A,0.4296
L,0.5835
K,1.663
L,0.5838
M,0.4147
D,0.05698
L,0.0872
T,0.04343
T,0.2752
L,0.04652
N,0.5132
D,1.031
D,1.206
D,0.2094
T,0.493
D,1.866
E,1.882
K,1.357
V,0.4361
I,1.822
A,1.794
L,0.1904
C,0.4338
H,1.971
Q,0.9108
A,0.1524
K,2.013
T,0.5453
P,1.792
V,1.945
G,0.3777
N,2.031
T,0.3685
A,0.04697
A,0.02116
I,0.5657
C,0.05576
I,0.389
Y,0.757
P,0.2706
R,0.7704
F,0.4183
I,0.4509
P,1.353
I,1.876
A,0.2098
R,0.9506
K,1.67
T,1.694
L,0.1941
K,2.39
E,1.7
Q,1.101
G,1.7
T,0.8398
P,2.445
E,2.563
I,0.6753
R,1.102
I,0.5036
A,0.04723
T,0.08528
V,0.06708
T,0.2633
N,0.03018
F,0.02004
P,0.02569
H,1.393
G,0.04749
N,1.513
D,1.759
D,1.048
I,1.285
D,1.973
I,1.309
A,0.3253
L,1.351
A,1.307
E,0.5247
T,0.2975
R,1.599
A,1.076
A,0.1573
I,0.8632
A,0.9977
Y,0.9836
G,0.029
A,0.06687
D,0.3946
E,0.08426
V,0.2127
D,0.02612
V,0.3786
V,0.01753
F,0.466
P,0.1606
Y,0.4995
R,0.9664
A,0.5868
L,0.8627
M,1.512
A,1.264
G,0.1332
N,0.8616
E,1.736
Q,2.528
V,1.916
G,0.5047
F,2.485
D,2.294
L,0.6197
V,0.3237
K,1.816
A,0.7695
C,0.5792
K,0.5413
E,2.142
A,1.101
C,0.5909
A,1.609
A,2.549
A,1.677
N,2.516
V,1.065
L,2.456
L,0.169
K,0.02097
V,0.1565
I,0.01734
I,0.2655
E,0.02051
T,0.404
G,0.04791
E,0.6515
L,0.208
K,1.549
D,1.783
E,1.932
A,2.171
L,1.114
I,0.1041
R,1.183
K,2.144
A,0.0671
S,0.3939
E,1.485
I,0.8423
S,0.3995
I,0.2174
K,2.528
A,0.5756
G,0.06995
A,0.06687
D,0.1697
F,0.1082
I,0.4657
K,0.02124
T,0.01976
S,0.01855
T,0.01632
G,0.02893
K,0.07628
V,0.3793
A,1.956
V,0.6918
N,0.2739
A,0.04708
T,0.05609
P,1.094
E,1.058
S,0.2953
A,0.2835
R,1.715
I,1.057
M,0.3478
M,0.601
E,2.526
V,0.9527
I,0.1062
R,1.182
D,1.921
M,1.078
G,1.153
V,0.5855
E,2.372
K,1.804
T,2.532
V,0.3772
G,0.01988
F,0.5694
K,0.02121
P,0.4719
A,0.1539
G,0.01988
G,0.02909
V,0.4109
R,0.6739
T,0.6228
A,1.098
E,1.781
D,0.8457
A,0.08193
Q,1.91
K,2.526
Y,0.2675
L,0.6657
A,1.965
I,0.7554
A,0.218
D,1.529
E,2.355
L,0.9016
F,0.7572
G,0.2096
A,4.161
D,2.167
W,0.5057
A,1.287
D,1.221
A,1.416
R,2.463
H,0.5537
Y,0.4472
R,0.01693
F,0.3403
G,0.029
A,0.126
S,0.01672
S,0.5564
L,0.154
L,0.3166
A,1.784
S,0.8078
L,0.4458
L,0.8375
K,1.821
A,1.242
L,0.8512
G,1.548
H,2.499
