"pdb_aa","rate"
T,0.05277
T,0.032
T,0.1376
V,0.3568
G,0.2044
I,0.8601
T,0.9666
L,0.9985
K,1.721
D,0.7781
A,0.4779
V,0.2094
I,0.3445
M,0.4878
A,0.1623
T,0.3747
E,0.1264
R,0.6036
R,0.09516
V,0.1851
T,0.2884
M,0.4429
E,0.2736
N,1.132
F,0.8945
I,0.4216
M,0.4035
H,0.3133
K,0.5007
N,1.418
G,0.5043
K,0.7749
K,0.03206
L,0.3808
F,0.994
Q,1.176
I,0.4817
D,0.5432
T,0.7433
Y,0.8824
T,0.8539
G,0.3568
M,0.7689
T,0.1529
I,0.5319
A,0.1846
G,0.03267
L,0.564
V,0.1543
G,0.2429
D,0.1015
A,0.3248
Q,0.1764
V,1.128
L,0.6344
V,0.5875
R,0.5377
Y,1.518
M,0.8217
K,1.176
A,0.5616
E,0.5187
L,0.8726
E,1.3
L,0.6408
Y,0.6253
R,1.123
L,1.019
Q,0.9427
R,0.8954
R,1.473
V,1.425
N,1.823
M,0.8278
P,0.5838
I,0.6082
E,1.545
A,0.5844
V,0.6504
A,0.3
T,0.3597
L,0.6263
L,0.6449
S,0.4038
N,0.4285
M,0.9227
L,0.4163
N,0.7475
Q,0.9136
V,0.9153
K,0.3352
Y,1.595
M,1.475
P,0.2284
Y,0.8902
M,1.593
V,0.4938
Q,0.3287
L,0.6008
L,0.4957
V,0.8346
G,0.3615
G,0.03421
I,1.248
D,0.1801
T,2.8
A,1.967
P,0.4878
H,1.233
V,0.8238
F,1.106
S,0.435
I,0.6471
D,0.114
A,0.8808
A,0.9368
G,0.03267
G,0.2979
S,0.9675
V,0.6586
E,0.7989
D,0.2807
I,1.665
Y,0.721
A,0.6261
S,0.4374
T,0.3172
G,0.03267
S,0.09499
G,0.03267
S,0.2406
P,0.653
F,1.201
V,0.09037
Y,0.7951
G,0.2525
V,0.5037
L,0.3271
E,0.1112
S,1.142
Q,1.713
Y,0.6362
S,1.796
E,2.382
K,1.576
M,0.9542
T,1.13
V,1.82
D,1.644
E,1.18
G,0.3439
V,1.599
D,1.658
L,0.8991
V,0.2609
I,1.193
R,1.047
A,0.3223
I,0.5804
S,1.44
A,0.6369
A,0.2078
K,0.725
Q,0.9746
R,0.03244
D,0.03207
S,0.561
A,0.7176
S,0.1663
G,0.03267
G,0.5201
M,0.4754
I,0.5579
D,0.6982
V,0.8821
A,0.7102
V,1.225
I,0.4528
T,0.6034
R,3.484
K,1.949
D,2.051
G,0.5925
Y,1.068
V,2.013
Q,1.264
L,1.478
P,2.142
T,2.369
D,1.415
Q,1.5
I,1.364
E,2.387
S,2.263
R,1.771
I,2.378
R,2.14
K,2.248
L,2.005
G,1.926
L,1.687
I,3.431
L,1.604
