"pdb_aa","rate"
T,-1.212
T,-1.244
T,-1.083
V,-0.7502
G,-0.9818
I,0.01464
T,0.1764
L,0.225
K,1.323
D,-0.1099
A,-0.5662
V,-0.9743
I,-0.769
M,-0.5512
A,-1.046
T,-0.723
E,-1.1
R,-0.3752
R,-1.148
V,-1.011
T,-0.8541
M,-0.6194
E,-0.8767
N,0.4279
F,0.06698
I,-0.6517
M,-0.6793
H,-0.8163
K,-0.5315
N,0.8632
G,-0.5261
K,-0.1148
K,-1.244
L,-0.7138
F,0.2181
Q,0.4949
I,-0.5604
D,-0.467
T,-0.1629
Y,0.04854
T,0.005183
G,-0.7503
M,-0.124
T,-1.06
I,-0.4841
A,-1.012
G,-1.243
L,-0.4354
V,-1.058
G,-0.9233
D,-1.138
A,-0.7989
Q,-1.024
V,0.421
L,-0.3284
V,-0.3996
R,-0.4753
Y,1.014
M,-0.04376
K,0.4947
A,-0.4391
E,-0.5042
L,0.03364
E,0.6829
L,-0.3186
Y,-0.3422
R,0.4143
L,0.2566
Q,0.1401
R,0.06825
R,0.9462
V,0.8738
N,1.478
M,-0.0344
P,-0.4053
I,-0.3682
E,1.056
A,-0.4044
V,-0.3041
A,-0.8365
T,-0.7458
L,-0.3406
L,-0.3125
S,-0.6788
N,-0.6412
M,0.1097
L,-0.6599
N,-0.1564
Q,0.09591
V,0.09858
K,-0.7831
Y,1.131
M,0.9485
P,-0.9453
Y,0.06044
M,1.129
V,-0.542
Q,-0.7929
L,-0.3794
L,-0.5391
V,-0.0241
G,-0.7431
G,-1.24
I,0.6037
D,-1.019
T,2.963
A,1.697
P,-0.5512
H,0.5811
V,-0.04051
F,0.3891
S,-0.6314
I,-0.3091
D,-1.119
A,0.04606
A,0.1313
G,-1.243
G,-0.8398
S,0.1778
V,-0.2915
E,-0.07832
D,-0.8658
I,1.238
Y,-0.1968
A,-0.341
S,-0.6277
T,-0.8104
G,-1.243
S,-1.148
G,-1.243
S,-0.9268
P,-0.3002
F,0.5325
V,-1.155
Y,-0.08417
G,-0.9087
V,-0.527
L,-0.7953
E,-1.123
S,0.4433
Q,1.311
Y,-0.3256
S,1.437
E,2.328
K,1.103
M,0.1577
T,0.4253
V,1.473
D,1.206
E,0.5008
G,-0.7699
V,1.138
D,1.228
L,0.07388
V,-0.896
I,0.52
R,0.2994
A,-0.8027
I,-0.4104
S,0.8961
A,-0.3246
A,-0.9767
K,-0.1906
Q,0.1886
R,-1.243
D,-1.244
S,-0.44
A,-0.2019
S,-1.04
G,-1.243
G,-0.502
M,-0.57
I,-0.4446
D,-0.2314
V,0.04814
A,-0.2132
V,0.5694
I,-0.6044
T,-0.3755
R,4.002
K,1.669
D,1.825
G,-0.3921
Y,0.3299
V,1.767
Q,0.629
L,0.9533
P,1.963
T,2.308
D,0.8577
Q,0.9871
I,0.7797
E,2.336
S,2.147
R,1.399
I,2.321
R,1.96
K,2.124
L,1.754
G,1.634
L,1.271
I,3.922
L,1.145
