"pdb_aa","rate"
T,-0.09603
T,-0.8835
V,-0.06718
Y,-0.1119
L,-0.234
A,-0.9093
G,-1.281
D,-1.294
S,-1.297
T,-1.296
M,-0.9709
A,-0.9349
K,0.16
N,0.6717
G,0.1833
G,0.1327
G,-0.0749
S,0.6728
G,0.6728
T,-0.3829
N,0.2807
G,-1.291
W,-0.9482
G,-1.249
E,-0.01241
Y,0.7228
L,0.1747
A,1.418
S,2.03
Y,0.337
L,0.5757
S,0.03658
A,0.5929
T,0.7392
V,-0.6741
V,-0.04652
N,-1.296
D,0.8173
A,-1.294
V,-0.1014
A,-0.3845
G,-1.292
R,-1.066
S,-1.293
A,-0.9546
R,-1.242
S,-1.196
Y,-0.2998
T,-0.3775
R,-0.2317
E,-0.6698
G,-0.8684
R,-0.7246
F,-1.026
E,0.7663
N,1.101
I,-0.6098
A,0.1541
D,1.303
V,1.914
V,-0.2239
T,1.123
A,0.8279
G,-0.9448
D,-1.294
Y,0.7118
V,-1.078
I,0.133
V,-0.825
E,-1.165
F,-1.076
G,-1.281
H,-1.29
N,-1.296
D,-1.214
G,-0.1943
G,-0.5267
S,-0.6569
L,0.137
S,0.007044
T,-0.1565
D,-1.071
N,-0.8972
G,-0.4138
R,-1.113
T,-0.5649
D,-0.5346
C,-0.877
S,1.013
G,-1.102
T,0.5025
G,-0.8922
A,1.586
E,-0.1902
V,0.09153
C,-0.875
Y,0.9963
S,-0.5227
V,0.3108
Y,0.6804
D,-0.09319
G,-0.8618
V,0.7476
N,1.193
E,-0.6294
T,0.1901
I,-1.187
L,-0.5062
T,-0.9825
F,-0.5338
P,-0.2919
A,1.423
Y,-1.143
L,-0.1231
E,0.008193
N,0.06073
A,-0.8476
A,-0.555
K,1.22
L,0.4683
F,0.1748
T,0.552
A,0.0635
K,-0.8034
G,-0.8881
A,-1.02
K,0.5433
V,-0.9165
I,-0.6136
L,-0.08392
S,-0.6527
S,-1.052
Q,-0.5761
T,-1.058
P,-0.8719
N,-0.7428
N,-0.9539
P,0.8937
W,-0.1079
E,0.01787
T,0.9934
G,-0.1194
T,1.302
F,0.3918
V,1.183
N,1.176
S,0.6219
P,0.8703
T,1.177
R,-0.3447
F,-0.9992
V,-0.5335
E,2.697
Y,-0.3121
A,-0.7535
E,1.328
L,1.124
A,-0.5143
A,-0.9449
E,3.987
V,1.055
A,0.09402
G,0.03665
V,-0.4496
E,0.8342
Y,-0.3186
V,-0.6799
D,-0.8509
H,-1.113
W,-0.1453
S,1.491
Y,-0.1736
V,-0.1366
D,-0.4455
S,1.037
I,0.9433
Y,0.3423
E,1.245
T,1.924
L,0.4555
G,-1.003
N,1.897
A,1.528
T,1.536
V,-0.7749
N,0.3627
S,0.7971
Y,1.117
F,-0.2078
P,-0.5855
I,1.833
D,-1.214
H,-0.8248
T,-1.136
H,-1.297
T,-1.142
S,-0.6019
P,1.17
A,1.402
G,-1.114
A,-1.183
E,1.768
V,1.108
V,-0.6588
A,-1.113
E,1.744
A,-0.3987
F,-0.8471
L,-0.3163
K,0.4519
A,-0.4196
V,-0.03995
V,0.9087
C,-0.9187
T,0.6267
G,0.9953
T,0.825
S,1.997
L,-0.6841
K,1.93
S,2.135
V,1.194
L,0.3225
T,0.4921
T,0.6821
T,1.052
S,1.212
F,0.06155
E,1.248
G,0.1071
T,3.875
C,-0.728
L,1.575
