"pdb_aa","rate"
T,0.8824
T,0.3249
V,0.9028
Y,0.8711
L,0.7847
A,0.3067
G,0.04379
D,0.03443
S,0.03239
T,0.0327
M,0.263
A,0.2885
K,1.064
N,1.426
G,1.08
G,1.044
G,0.8973
S,1.427
G,1.427
T,0.6793
N,1.149
G,0.03623
W,0.2791
G,0.06653
E,0.9416
Y,1.462
L,1.074
A,1.954
S,2.388
Y,1.189
L,1.358
S,0.9763
A,1.37
T,1.474
V,0.4732
V,0.9174
N,0.03267
D,1.529
A,0.03448
V,0.8786
A,0.6782
G,0.03586
R,0.1956
S,0.03524
A,0.2746
R,0.07084
S,0.1036
Y,0.7381
T,0.6831
R,0.7863
E,0.4762
G,0.3356
R,0.4374
F,0.2242
E,1.493
N,1.73
I,0.5187
A,1.059
D,1.872
V,2.305
V,0.7918
T,1.746
A,1.536
G,0.2815
D,0.03404
Y,1.454
V,0.1869
I,1.045
V,0.3663
E,0.1258
F,0.1884
G,0.04349
H,0.03735
N,0.03264
D,0.09116
G,0.8128
G,0.5775
S,0.4853
L,1.047
S,0.9554
T,0.8396
D,0.1925
N,0.3152
G,0.6574
R,0.1627
T,0.5505
D,0.5719
C,0.3295
S,1.667
G,0.17
T,1.306
G,0.3188
A,2.073
E,0.8158
V,1.015
C,0.3309
Y,1.656
S,0.5804
V,1.17
Y,1.432
D,0.8844
G,0.3403
V,1.48
N,1.795
E,0.5048
T,1.085
I,0.11
L,0.592
T,0.2548
F,0.5725
P,0.7437
A,1.957
Y,0.141
L,0.8632
E,0.9562
N,0.9934
A,0.3503
A,0.5575
K,1.814
L,1.282
F,1.074
T,1.341
A,0.9953
K,0.3816
G,0.3217
A,0.2285
K,1.335
V,0.3016
I,0.516
L,0.891
S,0.4883
S,0.2055
Q,0.5425
T,0.2013
P,0.3331
N,0.4245
N,0.2751
P,1.583
W,0.874
E,0.963
T,1.654
G,0.8658
T,1.872
F,1.228
V,1.788
N,1.783
S,1.391
P,1.566
T,1.784
R,0.7064
F,0.243
V,0.5727
E,2.859
Y,0.7294
A,0.417
E,1.89
L,1.746
A,0.5863
A,0.2815
E,3.773
V,1.697
A,1.017
G,0.9763
V,0.6321
E,1.541
Y,0.7249
V,0.4691
D,0.348
H,0.1628
W,0.8475
S,2.006
Y,0.8274
V,0.8536
D,0.635
S,1.685
I,1.618
Y,1.193
E,1.831
T,2.312
L,1.273
G,0.2401
N,2.294
A,2.032
T,2.038
V,0.4018
N,1.207
S,1.515
Y,1.741
F,0.8033
P,0.5359
I,2.248
D,0.09084
H,0.3665
T,0.1461
H,0.03238
T,0.1416
S,0.5243
P,1.779
A,1.943
G,0.162
A,0.1127
E,2.202
V,1.735
V,0.484
A,0.1622
E,2.185
A,0.6681
F,0.3507
L,0.7265
K,1.27
A,0.6533
V,0.9221
V,1.594
C,0.3
T,1.394
G,1.655
T,1.534
S,2.364
L,0.4661
K,2.317
S,2.462
V,1.796
L,1.179
T,1.299
T,1.433
T,1.695
S,1.809
F,0.9939
E,1.834
G,1.026
T,3.693
C,0.435
L,2.066
