"pdb_aa","rate"
D,1.561
P,3.846
A,1.024
L,1.111
A,1.469
D,1.628
V,0.8994
C,1.558
R,3.867
T,0.6522
K,1.55
L,0.1684
P,0.05964
S,1.806
Q,0.613
A,0.2176
Q,1.54
D,1.589
T,0.03394
L,0.4578
A,2.247
L,0.1843
I,0.09161
A,1.328
K,2.726
N,0.3988
G,0.1713
P,0.1635
Y,0.4465
P,0.3571
Y,0.5297
N,1.916
R,0.9357
D,0.04292
G,0.1794
V,1.318
V,0.09883
F,0.1758
E,0.9754
N,0.08959
R,0.7439
E,0.1344
S,1.293
R,1.245
L,0.06503
P,0.05964
K,2.982
K,1.342
G,1.374
N,1.961
G,0.2959
Y,0.193
Y,0.07083
H,0.3132
E,0.04724
F,0.1838
T,0.03394
V,0.03661
V,1.275
T,0.03394
P,0.05964
G,0.3924
S,0.9029
N,1.754
D,0.436
R,0.04348
G,0.06652
T,0.2886
R,0.04348
R,0.04348
V,0.3555
V,0.3043
T,0.4822
G,0.06652
G,2.179
Y,3.789
G,2.683
E,0.6119
Q,1.553
Y,0.4183
W,0.3263
S,0.08674
P,1.996
D,0.04292
H,0.03932
Y,0.07083
A,1.251
T,0.2485
F,0.06758
Q,1.709
E,1.412
I,0.8831
D,1.831
P,2.59
R,2.9
C,0.6776
