"pdb_aa","rate"
V,1.812
K,1.993
K,1.179
T,1.018
T,1.933
Q,1.824
L,0.7108
K,0.4415
Q,2.532
L,1.267
N,2.763
S,0.9724
K,2.15
D,2.348
L,1.022
E,1.175
F,0.5482
I,1.038
E,0.07704
A,0.1995
H,0.1846
N,0.3345
G,0.32
L,0.3311
S,0.2828
A,0.1079
R,1.004
I,0.2205
V,0.2774
Q,0.6844
E,1.122
A,0.6224
G,0.2773
F,0.1128
K,0.8943
G,0.3847
I,0.4305
W,0.07098
G,0.3693
S,0.05136
G,0.1507
L,0.3093
S,0.3128
V,0.47
S,0.1517
A,0.2608
Q,0.7346
L,0.7997
G,0.4543
V,0.568
R,0.1622
D,0.01978
S,0.4227
N,0.2013
E,0.3016
A,0.3043
S,0.2952
W,0.574
T,0.4509
Q,0.3982
V,0.4686
V,0.7605
E,1.46
V,0.5923
L,0.5356
E,0.7948
F,0.9253
S,0.5659
D,0.8715
A,0.7073
S,0.5643
D,1.818
V,0.6241
P,0.01731
I,0.4689
L,0.3924
L,0.3529
D,0.01632
A,0.3364
D,0.01632
T,0.1718
G,0.01792
Y,0.5606
G,0.0352
N,0.3124
F,0.6152
N,0.4976
N,0.195
A,0.2488
R,0.5498
R,0.3321
L,0.5375
V,0.4132
R,1.116
K,0.8487
L,0.4768
E,0.3632
D,0.7349
R,0.4782
G,0.355
V,0.6109
A,0.2533
G,0.3637
A,0.6951
C,0.3031
L,0.5481
E,0.04885
D,0.01708
K,0.08502
L,1.219
F,0.2232
P,0.02079
K,0.01808
T,0.4888
N,0.0355
S,0.01983
L,0.1784
H,0.7415
D,0.9452
G,0.939
R,1.094
A,1.151
Q,0.2384
P,1.696
L,0.09488
A,0.413
D,1.213
I,1.174
E,2.222
E,0.5892
F,0.08701
A,1.205
L,0.9696
K,0.1503
I,0.293
K,1.272
A,0.2722
C,0.2686
K,0.6218
D,1.006
S,0.6486
Q,0.4493
T,1.947
D,0.7418
P,1.929
D,0.7458
F,0.4393
C,0.8394
I,0.6373
V,0.3126
A,0.01746
R,0.01634
V,0.4156
E,0.0323
A,0.1324
F,0.3524
I,0.1187
A,0.4487
G,0.5181
W,1.596
G,0.7664
L,0.9562
D,1.534
E,0.4767
A,0.07077
L,0.5916
K,2.476
R,0.01717
A,0.278
E,1.853
A,0.3837
Y,0.07389
R,0.953
N,1.437
A,0.1159
G,0.02271
A,0.07022
D,0.05664
A,0.2425
I,0.39
L,0.2173
H,0.02565
S,0.02498
K,0.3429
K,1.262
A,1.582
D,0.9334
P,0.9882
S,1.633
D,0.388
I,0.3609
E,1.361
A,1.255
F,0.1737
K,2.437
A,1.2
W,0.5016
N,2.219
N,1.244
Q,1.434
G,1.442
P,0.01732
V,0.5702
V,0.3585
I,0.3593
V,0.1224
P,0.07056
T,0.04405
K,0.3347
Y,0.2464
Y,0.7315
K,1.073
T,0.4643
P,0.9845
T,0.8723
D,1.853
H,1.318
F,0.7047
R,2.204
D,1.635
G,0.3094
V,0.673
S,0.4306
V,0.4332
I,0.07076
W,0.3802
A,0.05299
N,0.04665
H,0.3761
N,0.5855
L,0.567
R,0.02945
A,0.2829
S,0.453
V,0.6294
S,1.633
A,0.3199
I,0.4711
Q,0.8067
Q,2.796
T,0.7828
T,0.655
K,1.987
Q,1.688
I,0.2866
Y,2.529
D,2.529
D,1.672
Q,0.7222
S,0.5688
L,0.6209
V,1.731
N,2.227
V,0.9057
E,0.5533
D,2.526
K,2.528
I,0.4567
V,0.4318
S,1.184
V,0.4562
K,1.521
E,0.5835
I,0.6176
F,0.157
R,1.543
L,0.3396
Q,0.467
R,1.544
D,0.6739
D,1.86
E,1.362
L,0.7476
V,1.323
Q,2.512
A,0.8464
E,0.4367
D,1.918
K,1.689
Y,1.316
L,1.298
P,2.503
K,4.019
N,4.171
