"pdb_aa","rate"
R,0.7558
A,1.375
L,0.6091
R,0.3642
V,0.1922
L,0.2461
V,0.336
D,0.1714
M,0.2017
D,0.1933
G,0.322
V,0.2036
L,0.4126
A,0.2051
D,0.1538
F,0.4003
E,0.4365
G,0.7924
G,0.6303
F,0.6837
L,0.6227
R,0.5981
K,0.9653
F,1.153
R,0.6909
A,0.9063
R,0.6834
F,0.8467
P,0.3117
D,1.719
Q,0.8488
P,0.375
F,1.327
I,0.4564
A,0.7564
L,0.8042
E,0.8185
D,0.8184
R,0.2857
R,0.5881
G,0.5292
F,0.276
W,0.9957
V,0.5437
S,0.7358
E,0.8269
Q,0.3738
Y,0.5177
G,0.8174
R,1.135
L,0.6148
R,0.7592
P,0.6763
G,0.7791
L,0.48
S,0.7733
E,0.8614
K,0.5138
A,0.3568
I,0.4802
S,0.3129
I,0.2661
W,0.4493
E,0.3971
S,0.3869
K,0.6392
N,0.2395
F,0.09897
F,0.1201
F,0.4908
E,0.6231
L,0.1038
E,0.4668
P,0.1907
L,0.2931
P,0.4997
G,0.1913
A,0.09243
V,0.5401
E,0.4139
A,0.0913
V,0.5832
K,0.5464
E,0.4242
M,0.09935
A,0.605
S,0.9265
L,0.42
Q,0.6332
N,0.5428
T,0.2343
D,0.3294
V,0.08927
F,0.1985
I,0.1016
C,0.1096
T,0.09146
S,0.1282
P,0.08928
I,0.3321
K,0.8537
M,0.5091
F,0.325
K,0.7151
Y,0.4033
C,0.09663
P,0.3009
Y,0.8404
E,0.09463
K,0.08917
Y,0.47
A,0.6457
W,0.3432
V,0.2444
E,0.4397
K,0.582
Y,0.3359
F,0.3135
G,0.09142
P,0.9309
D,0.6136
F,0.3211
L,0.3386
E,0.6165
Q,0.2551
I,0.6046
V,0.21
L,0.3997
T,0.1425
R,0.232
D,0.1225
K,0.09117
T,0.08961
V,0.483
V,0.2907
S,0.5782
A,0.1782
D,0.2052
L,0.3362
L,0.0955
I,0.08951
D,0.08929
D,0.08958
R,0.2397
P,0.3618
D,0.7509
I,0.2097
T,0.9252
G,0.0905
A,0.5451
E,0.5392
P,1.019
T,1.025
P,0.1114
S,0.7691
W,0.2815
E,0.4266
H,0.1555
V,0.4428
L,0.3824
F,0.2454
T,0.2241
A,0.3262
C,0.4236
H,0.0973
N,0.08933
Q,0.5857
H,0.3066
L,0.8755
Q,0.9153
L,0.7252
Q,0.9182
P,0.7674
P,0.9638
R,0.9738
R,0.5028
R,0.09027
L,0.3219
H,0.8491
S,0.3133
W,0.2324
A,0.8474
D,0.2883
D,0.4461
W,0.3503
K,0.6527
A,0.7082
I,0.3989
L,0.4839
D,0.7065
S,0.3541
K,0.4665
R,0.4268
P,1.326
