"pdb_aa","rate"
R,0.9286
A,2.979
L,0.4422
R,-0.3694
V,-0.9393
L,-0.7607
V,-0.4628
D,-1.008
M,-0.9081
D,-0.9357
G,-0.5092
V,-0.9017
L,-0.209
A,-0.8965
D,-1.067
F,-0.2498
E,-0.1298
G,1.05
G,0.5124
F,0.6896
L,0.4873
R,0.4059
K,1.623
F,2.244
R,0.7133
A,1.427
R,0.6885
F,1.23
P,-0.5434
D,4.122
Q,1.237
P,-0.3335
F,2.822
I,-0.06384
A,0.9304
L,1.089
E,1.136
D,1.136
R,-0.6294
R,0.3729
G,0.1775
F,-0.6617
W,1.724
V,0.2255
S,0.8623
E,1.164
Q,-0.3374
Y,0.1393
G,1.133
R,2.185
L,0.4614
R,0.9397
P,0.665
G,1.006
L,0.01429
S,0.9865
E,1.279
K,0.1266
A,-0.3939
I,0.01519
S,-0.5394
I,-0.6943
W,-0.08718
E,-0.2602
S,-0.2942
K,0.5421
N,-0.7827
F,-1.248
F,-1.178
F,0.05031
E,0.4888
L,-1.232
E,-0.02936
P,-0.9443
L,-0.6049
P,0.07959
G,-0.9423
A,-1.27
V,0.2136
E,-0.2045
A,-1.274
V,0.3566
K,0.2344
E,-0.1704
M,-1.247
A,0.4288
S,1.494
L,-0.1845
Q,0.5222
N,0.2226
T,-0.7998
D,-0.4847
V,-1.281
F,-0.9185
I,-1.24
C,-1.213
T,-1.273
S,-1.152
P,-1.281
I,-0.4758
K,1.253
M,0.1108
F,-0.4991
K,0.7938
Y,-0.2397
C,-1.256
P,-0.5791
Y,1.209
E,-1.263
K,-1.281
Y,-0.01879
A,0.5638
W,-0.4391
V,-0.7663
E,-0.1191
K,0.3525
Y,-0.4633
F,-0.5373
G,-1.273
P,1.509
D,0.4572
F,-0.5123
L,-0.4543
E,0.4669
Q,-0.731
I,0.4274
V,-0.8803
L,-0.2517
T,-1.104
R,-0.8075
D,-1.17
K,-1.274
T,-1.279
V,0.0245
V,-0.613
S,0.3399
A,-0.9857
D,-0.8962
L,-0.462
L,-1.26
I,-1.28
D,-1.28
D,-1.28
R,-0.7821
P,-0.3771
D,0.9124
I,-0.8815
T,1.49
G,-1.276
A,0.2301
E,0.2107
P,1.801
T,1.822
P,-1.207
S,0.9727
W,-0.6435
E,-0.1627
H,-1.061
V,-0.1087
L,-0.309
F,-0.763
T,-0.8336
A,-0.4954
C,-0.1726
H,-1.254
N,-1.28
Q,0.3647
H,-0.5602
L,1.325
Q,1.457
L,0.827
Q,1.467
P,0.9671
P,1.618
R,1.651
R,0.09008
R,-1.277
L,-0.5094
H,1.238
S,-0.5379
W,-0.8061
A,1.232
D,-0.6208
D,-0.09798
W,-0.4154
K,0.587
A,0.7706
I,-0.2543
L,0.02733
D,0.7652
S,-0.4029
K,-0.03024
R,-0.1619
P,2.819
