"pdb_aa","rate"
Q,0.08945
N,0.1153
F,0.2453
I,0.2349
T,0.9113
S,0.5549
K,1.86
H,1.097
N,0.9107
I,0.5819
D,2.226
K,1.224
I,0.1362
M,0.6734
T,2.056
N,1.057
I,0.4268
R,1.415
L,0.6387
N,1.472
E,2.868
H,1.796
D,0.218
N,1.5
I,0.5478
F,0.5543
E,0.09198
I,0.1849
G,0.0958
S,0.3619
G,0.0958
K,0.9435
G,0.09209
H,0.6958
F,0.3259
T,0.08942
L,1.694
E,1.84
L,0.2983
V,1.29
Q,1.279
R,2.071
C,0.8619
N,1.649
F,1.501
V,0.3061
T,1.052
A,0.3807
I,0.5316
E,0.08969
I,0.4838
D,0.09072
H,2.085
K,1.606
L,0.4208
C,1.232
K,2.433
T,2.529
T,0.2593
E,1.964
N,1.722
K,0.8751
L,1.043
V,3.07
D,2.626
H,2.204
D,2.008
N,0.3672
F,1.179
Q,1.718
V,0.8278
L,0.9114
N,0.854
K,1.818
D,0.2183
I,0.5553
L,0.4272
Q,1.06
F,1.299
K,0.9846
F,1.096
P,1.487
K,2.75
N,1.891
Q,2.548
S,2.278
Y,0.633
K,0.2356
I,0.429
F,0.3588
G,0.213
N,0.09864
I,0.1347
P,0.09097
Y,0.2673
N,0.4776
I,0.1178
S,0.09736
T,0.2344
D,0.9697
I,0.236
I,0.6592
R,0.8424
K,0.6146
I,0.5988
V,0.7884
F,1.659
D,1.966
S,1.131
I,2.293
A,0.5475
D,1.717
E,1.217
I,0.8455
Y,0.6949
L,0.3797
I,0.3328
V,0.2791
E,0.09825
Y,0.7223
G,0.1001
F,0.28
A,0.194
K,0.7855
R,0.1096
L,0.4771
L,1.361
N,0.3144
T,1.389
K,0.916
R,0.352
S,0.8147
L,0.3755
A,0.4637
L,0.7344
F,0.9023
L,0.5913
M,0.6176
A,0.9541
E,1.087
V,0.8116
D,1.087
I,0.7246
S,1.594
I,1.391
L,1.157
S,1.444
M,2.949
V,0.2537
P,0.6923
R,0.8348
E,2.044
Y,0.8746
F,0.09229
H,1.334
P,0.09097
K,1.447
P,0.09097
K,0.5822
V,0.1019
N,0.508
S,0.2059
S,0.4087
L,0.4579
I,0.4534
R,1.096
L,0.4124
N,1.3
R,0.7637
K,1.689
K,2.61
S,1.532
R,2.309
I,1.729
S,2.144
H,2.501
K,1.743
D,1.228
K,2.537
Q,1.495
K,3.048
Y,0.6348
N,1.151
Y,1.483
F,0.7433
V,0.6884
M,1.069
K,1.293
W,0.833
V,0.3157
N,0.634
K,0.941
E,0.4805
Y,0.1989
K,0.5698
K,0.6458
I,0.5222
F,1.195
T,1.033
K,0.873
N,1.009
Q,1.314
F,1.006
N,1.842
N,1.921
S,1.188
L,1.033
K,1.592
H,1.79
A,1.347
G,1.87
I,0.8571
D,0.9926
D,0.3696
L,0.9134
N,0.5454
N,1.614
I,0.6228
S,0.5922
F,1.434
E,1.72
Q,0.7062
F,1.259
L,1.11
S,1.613
L,0.8874
F,0.7444
N,1.068
S,1.892
Y,1.115
K,2.539
L,2.102
F,2.458
N,1.812
K,2.258
