"pdb_aa","rate"
M,0.827
K,1.617
T,1.337
V,0.805
T,2.098
V,0.6673
K,0.8249
N,1.144
L,1.342
I,2.021
I,0.6722
G,0.2728
E,1.29
G,0.3097
M,2.002
P,0.1328
K,0.2582
I,0.358
I,0.3045
V,0.3629
S,0.1891
L,0.8068
M,0.4719
G,0.7763
R,1.978
D,0.8264
I,2.69
N,2.004
S,1.483
V,0.7408
K,1.928
A,2.689
E,0.8997
A,0.7166
L,2.69
A,3.452
Y,1.275
R,2.664
E,2.697
A,1.77
T,2.685
F,1.179
D,0.1294
I,1.46
L,0.8224
E,0.008058
W,0.405
R,0.0124
V,0.7947
D,0.007636
H,1.404
F,1.246
M,2.008
D,2.689
I,0.8877
A,2.621
S,1.46
T,2.69
Q,2.687
S,2.209
V,0.702
L,2.453
T,2.69
A,1.301
A,0.7481
R,2.691
V,2.688
I,0.8454
R,0.7658
D,2.691
A,2.646
M,1.154
P,2.672
D,1.982
I,1.555
P,0.4343
L,0.9997
L,0.4815
F,0.7037
T,0.006877
F,0.4135
R,0.007695
S,0.294
A,1.962
K,1.867
E,0.03579
G,0.02122
G,0.01041
E,1.357
Q,1.991
T,1.984
I,1.078
T,1.267
T,2.336
Q,2.656
H,2.69
Y,0.2203
L,2.593
T,2.681
L,0.628
N,0.7082
R,2.69
A,1.937
A,1.044
I,1.106
D,2.683
S,0.876
G,1.194
L,2.692
V,1.105
D,0.1854
M,1.161
I,0.9015
D,0.007624
L,0.6665
E,0.008058
L,0.7761
F,1.039
T,1.119
G,1.289
D,1.609
A,2.69
D,2.691
V,0.7685
K,2.416
A,4.483
T,1.405
V,0.6437
D,2.7
Y,4.502
A,0.26
H,0.7067
A,3.03
H,2.172
N,1.783
V,0.7178
Y,1.66
V,0.5028
V,0.6736
M,0.8862
S,0.03621
N,0.5502
H,0.007321
D,0.3165
F,0.03786
H,2.647
Q,1.132
T,0.009149
P,0.08422
S,2.671
A,1.464
E,1.741
E,0.8961
M,0.4802
V,1.238
S,2.355
R,0.3589
L,0.43
R,2.315
K,1.838
M,0.1342
Q,0.7968
A,1.883
L,1.63
G,0.6705
A,0.2689
D,0.1055
I,0.3574
P,0.7392
K,0.008287
I,0.5144
A,0.01819
V,0.2276
M,0.05964
P,0.06999
Q,1.962
S,1.526
K,1.968
H,2.686
D,0.04083
V,0.1439
L,0.6937
T,0.7764
L,0.2022
L,0.3987
T,1.984
A,0.1674
T,0.1377
L,1.956
E,1.599
M,0.4864
Q,2.019
Q,1.81
H,2.693
Y,1.372
A,0.8762
D,1.917
R,1.084
P,0.0712
V,0.8379
I,0.2431
T,0.1661
M,0.2237
S,0.1945
M,0.007195
A,0.6551
K,1.937
E,1.594
G,0.01041
V,1.066
I,0.8176
S,0.1991
R,0.00771
L,1.043
A,0.9568
G,0.1106
E,0.6634
V,1.51
F,0.3323
G,0.08051
S,0.03188
A,0.6803
A,0.9007
T,0.1175
F,0.05178
G,0.4277
A,0.6446
V,0.7009
K,1.43
Q,1.811
A,0.7173
S,0.006722
A,0.007053
P,0.01866
G,0.01044
Q,0.007638
I,0.7545
A,1.633
V,0.6335
N,2.69
D,1.557
L,0.3145
R,1.203
S,2.69
V,1.187
L,0.4206
M,2.686
I,1.787
L,1.065
H,0.7995
N,2.687
A,1.38
