"pdb_aa","rate"
M,0.1804
K,1.222
V,0.6467
E,1.7
V,1.041
L,0.6074
P,0.7085
A,0.4142
L,0.2222
T,1.092
D,0.1087
N,0.03806
Y,0.3553
M,0.3355
Y,0.2039
L,0.5485
V,0.814
I,1.078
D,0.3188
D,1.869
E,2.827
T,0.9096
K,1.632
E,1.451
A,0.2306
A,0.2772
I,0.6638
V,0.2279
D,0.03405
P,0.1886
V,0.3798
Q,0.7898
P,0.5712
Q,2.377
K,0.6288
V,0.2356
V,1.353
D,2.391
A,1.198
A,0.5356
R,2.391
K,2.137
H,1.487
G,1.731
V,0.6326
K,2.391
L,0.4625
T,0.8782
T,0.9816
V,0.5767
L,0.4969
T,0.1323
T,0.03207
H,0.03319
H,0.1766
H,0.03566
W,2.294
D,0.08629
H,0.04265
A,0.293
G,0.2567
G,0.272
N,0.06275
E,1.91
K,1.969
L,0.9249
V,1.801
K,2.317
L,2.377
E,2.309
S,1.238
G,1.914
L,1.204
K,3.465
V,0.4718
Y,0.9536
G,0.2734
G,0.4384
D,0.7205
D,1.098
R,0.5468
I,0.5092
G,1.352
A,0.8375
L,0.697
T,0.663
H,1.807
K,1.627
I,0.4036
T,2.215
H,0.8137
L,1.166
S,0.8976
T,1.702
L,1.032
Q,1.911
V,0.9744
G,0.5904
S,1.697
L,0.7615
N,2.387
V,0.7645
K,1.397
C,0.6755
L,0.807
A,0.9677
T,0.1597
P,0.1649
C,0.1419
H,0.03575
T,0.0333
S,0.9783
G,0.3292
H,0.1246
I,0.2963
C,0.3005
Y,0.3456
F,1.211
V,0.5809
S,0.9897
K,1.415
P,1.362
G,2.342
G,1.874
S,2.266
E,1.79
P,1.619
P,0.9562
A,0.6719
V,0.3028
F,0.03817
T,0.1451
G,0.03822
D,0.03265
T,0.03669
L,0.1424
F,0.06954
V,0.7875
A,0.5247
G,0.06791
C,0.1275
G,0.06794
K,0.4873
F,0.2826
Y,0.2782
E,0.1072
G,0.06796
T,0.4924
A,0.5914
D,1.555
E,0.5332
M,0.04077
C,0.9965
K,2.272
A,0.2077
L,0.1657
L,1.194
E,1.652
V,0.959
L,0.3979
G,0.8195
R,1.591
L,0.04689
P,0.1028
P,1.26
D,1.569
T,0.09241
R,1.168
V,0.3105
Y,0.7015
C,0.3963
G,0.1158
H,0.03608
E,0.05974
Y,0.2006
T,0.1109
I,1.096
N,1.239
N,0.108
L,0.5056
K,1.194
F,0.234
A,0.281
R,1.88
H,0.7985
V,0.2958
E,0.4965
P,0.7638
G,2.386
N,0.1391
A,3.773
A,1.784
I,0.9644
R,2.278
E,2.362
K,0.3241
L,1.601
A,2.374
W,1.922
A,0.4949
K,2.328
E,2.391
K,1.493
Y,0.734
S,2.392
I,1.786
G,2.281
E,2.183
P,0.6941
T,0.1875
V,0.581
P,0.1945
S,0.2124
T,0.4574
L,0.4524
A,1.808
E,1.14
E,0.04455
F,0.7168
T,2.1
Y,0.857
N,0.08727
P,0.2394
F,0.1169
M,0.3612
R,0.05158
V,0.5442
R,1.832
E,1.734
K,1.793
T,1.991
V,0.9117
Q,0.9366
Q,2.38
H,0.9526
A,1.584
G,1.955
E,2.151
T,2.387
D,1.444
P,1.228
V,1.224
T,1.773
T,0.7728
M,0.4341
R,1.617
A,1.836
V,0.857
R,0.1478
R,1.916
E,1.335
K,0.2105
D,0.3449
Q,1.636
F,0.5113
K,1.057
M,1.685
P,1.697
R,1.853
D,1.489
