"pdb_aa","rate"
Y,1.219
I,-0.3038
K,0.4078
G,-0.6675
I,-0.2661
A,-0.7386
F,-1.187
D,-1.242
L,-1.038
Y,-1.107
G,-1.239
T,-1.23
L,-1.037
F,-0.9123
D,-1.111
V,-0.9865
H,-0.4086
S,-0.913
V,-0.9218
V,0.01068
G,0.4592
R,0.7514
C,-0.4917
D,-0.2151
E,1.18
A,1.184
F,0.125
P,-0.5431
G,0.5799
R,1.823
G,-0.8773
R,1.91
E,1.108
I,-0.573
S,-0.7972
A,1.169
L,0.6571
W,-1.227
R,-1.24
Q,0.1661
K,-0.9491
Q,-1.232
L,-1.003
E,-0.8736
Y,-1.207
T,-0.6619
W,-0.7158
L,-0.6992
R,-0.8247
S,-0.5756
L,-0.3796
M,-0.738
N,0.6384
R,0.4375
Y,-0.8304
V,1.104
N,-0.415
F,-1.187
Q,0.2226
Q,1.205
A,-0.523
T,-1.213
E,0.5853
D,-0.0573
A,-0.8669
L,-1.24
R,-0.173
F,0.4016
T,-0.7633
C,0.05927
R,0.7291
H,0.8619
L,1.022
G,1.053
L,0.3007
D,1.916
L,0.8439
D,0.2326
A,1.924
R,1.696
T,0.4706
R,-0.1037
S,1.907
T,0.9436
L,-1.003
C,-0.3944
D,0.9674
A,-0.3775
Y,-1.126
L,0.3414
R,1.282
L,-1.047
A,0.6746
P,-0.2876
F,-0.5973
S,0.2075
E,-0.8712
V,-0.7039
P,0.8158
D,1.924
S,-0.4842
L,-1.084
R,1.906
E,1.911
L,-0.8301
K,0.5731
R,1.903
R,0.9243
G,-0.3801
L,1.763
K,0.8806
L,-0.2003
A,-0.7537
I,-1.003
L,-0.9899
S,-1.204
N,-1.238
G,-1.08
S,-0.5839
P,0.5635
Q,1.904
S,-1.135
I,-1.007
D,1.724
A,0.3926
V,-0.8648
V,-0.5974
S,1.905
H,-0.3242
A,-0.7182
G,0.02296
L,-0.02922
R,1.91
D,1.92
G,1.909
F,-0.2874
D,-0.3625
H,0.3199
L,-0.1781
L,-0.4601
S,-1.192
V,-0.8364
D,-0.6368
P,1.109
V,-0.1207
Q,0.1616
V,0.1281
Y,-0.2426
K,-1.242
P,-1.046
D,-0.01154
N,-0.1389
R,0.7003
V,-0.8849
Y,-1.239
E,0.5137
L,-0.1115
A,-0.5336
E,0.5196
Q,1.542
A,0.6843
L,-0.07105
G,0.832
L,0.9763
D,1.918
R,0.2046
S,1.882
A,0.5361
I,-0.4991
L,-0.2699
F,-1.17
V,-0.7008
S,-1.234
S,-1.013
N,-1.227
A,-0.3274
W,-1.071
D,-1.233
A,-0.6794
T,-0.2391
G,-0.7248
A,-1.166
R,0.05797
Y,-0.2103
F,-0.1455
G,-1.189
F,-0.4015
P,0.6215
T,-0.7702
C,-0.5122
W,-1.127
I,-0.5436
N,-1.088
R,-1.232
T,0.9727
G,0.5878
N,0.6407
V,-0.1174
F,0.7136
E,-0.9158
E,-0.1038
M,-0.3355
G,-0.2298
Q,0.9533
T,1.913
P,-0.9703
D,0.5913
W,1.19
E,0.2198
V,-0.3283
T,1.899
S,0.103
L,-0.978
R,1.227
A,0.6802
V,-0.5086
V,0.3681
E,1.909
L,0.8899
F,1.029
E,4.053
