"pdb_aa","rate"
Y,2.014
I,0.776
K,1.355
G,0.4803
I,0.8066
A,0.4224
F,0.05745
D,0.01285
L,0.179
Y,0.1226
G,0.01556
T,0.02315
L,0.1794
F,0.2812
D,0.1192
V,0.2209
H,0.6908
S,0.2806
V,0.2734
V,1.032
G,1.396
R,1.634
C,0.6232
D,0.8481
E,1.983
A,1.986
F,1.125
P,0.5814
G,1.495
R,2.506
G,0.3096
R,2.576
E,1.924
I,0.5571
S,0.3748
A,1.974
L,1.557
W,0.02495
R,0.01486
Q,1.158
K,0.2513
Q,0.02127
L,0.2076
E,0.3126
Y,0.04119
T,0.4848
W,0.441
L,0.4544
R,0.3524
S,0.555
L,0.7144
M,0.4229
N,1.542
R,1.379
Y,0.3478
V,1.921
N,0.6856
F,0.05806
Q,1.204
Q,2.003
A,0.5977
T,0.03644
E,1.499
D,0.9765
A,0.3181
L,0.01493
R,0.8824
F,1.35
T,0.4023
C,1.071
R,1.616
H,1.724
L,1.854
G,1.88
L,1.268
D,2.581
L,1.709
D,1.212
A,2.588
R,2.402
T,1.406
R,0.9387
S,2.574
T,1.79
L,0.207
C,0.7023
D,1.81
A,0.716
Y,0.1072
L,1.301
R,2.065
L,0.1718
A,1.572
P,0.7892
F,0.5374
S,1.192
E,0.3146
V,0.4506
P,1.686
D,2.588
S,0.6293
L,0.1413
R,2.573
E,2.577
L,0.348
K,1.489
R,2.57
R,1.775
G,0.714
L,2.457
K,1.739
L,0.8602
A,0.4101
I,0.2075
L,0.2181
S,0.04388
N,0.01618
G,0.1452
S,0.5483
P,1.481
Q,2.572
S,0.1004
I,0.2039
D,2.425
A,1.342
V,0.3198
V,0.5373
S,2.572
H,0.7595
A,0.439
G,1.042
L,0.9993
R,2.576
D,2.584
G,2.575
F,0.7893
D,0.7283
H,1.283
L,0.8783
L,0.6489
S,0.05356
V,0.3429
D,0.5052
P,1.925
V,0.9249
Q,1.155
V,1.127
Y,0.8258
K,0.01331
P,0.1726
D,1.014
N,0.9101
R,1.593
V,0.3035
Y,0.0157
E,1.441
L,0.9324
A,0.5892
E,1.446
Q,2.277
A,1.58
L,0.9653
G,1.7
L,1.817
D,2.582
R,1.189
S,2.554
A,1.459
I,0.6172
L,0.8036
F,0.07146
V,0.4532
S,0.01977
S,0.1994
N,0.02501
A,0.7568
W,0.1524
D,0.02067
A,0.4706
T,0.8287
G,0.4337
A,0.07501
R,1.07
Y,0.852
F,0.9047
G,0.05653
F,0.6966
P,1.528
T,0.3968
C,0.6066
W,0.1067
I,0.581
N,0.1386
R,0.02122
T,1.814
G,1.501
N,1.544
V,0.9276
F,1.603
E,0.2783
E,0.9387
M,0.7502
G,0.8362
Q,1.798
T,2.579
P,0.234
D,1.504
W,1.991
E,1.202
V,0.7561
T,2.567
S,1.107
L,0.2277
R,2.021
A,1.576
V,0.6095
V,1.322
E,2.576
L,1.747
F,1.86
E,4.319
