"pdb_aa","rate"
P,2.002
K,0.5476
L,0.3982
V,0.4422
L,0.147
V,0.6974
R,0.00776
H,0.007058
G,0.01196
Q,0.3285
S,0.005649
E,1.434
W,0.02394
N,0.006319
E,0.9441
K,0.8072
N,0.0418
L,0.4133
F,0.03479
T,0.04052
G,0.01196
W,0.02394
V,0.2791
D,0.007631
V,0.08131
K,1.355
L,0.07864
S,0.4197
A,1.67
K,1.42
G,0.01196
Q,2.016
Q,2.766
E,0.1201
A,0.105
A,2.85
R,1.554
A,0.5702
G,0.2386
E,1.995
L,0.7939
L,0.7444
K,1.961
E,1.955
K,2.023
K,1.297
V,2.362
Y,2.125
P,0.1628
D,0.3119
V,1.148
L,0.924
Y,0.7865
T,0.06259
S,0.005649
K,0.8056
L,0.3049
S,0.4987
R,0.00776
A,0.01774
I,0.1395
Q,1.19
T,0.006081
A,0.1909
N,1.079
I,1.327
A,0.6783
L,0.2573
E,0.964
K,2.093
A,0.5625
D,0.3584
R,0.6801
L,1.164
W,0.555
I,0.6125
P,0.3792
V,0.185
N,2.035
R,0.4396
S,1.022
W,0.1658
R,0.1422
L,0.01162
N,0.01724
E,0.008387
R,0.00776
H,0.01952
Y,0.01274
G,0.01196
D,0.4498
L,0.01162
Q,0.1096
G,0.01196
K,0.3538
D,0.5135
K,0.008765
A,0.4902
E,0.857
T,0.501
L,0.5319
K,1.993
K,1.522
F,1.624
G,0.05753
E,1.202
E,0.8601
K,0.17
F,0.04304
N,0.5912
T,1.496
Y,0.1653
R,0.00776
R,0.00776
S,0.06945
F,0.5389
D,0.3162
V,0.7077
P,0.3984
P,0.01071
P,0.1944
P,2.034
I,0.5189
D,2.796
A,2.85
S,2.025
S,0.8511
P,1.707
F,1.324
S,0.9358
Q,0.3667
K,1.859
G,2.85
D,0.3437
E,2.03
R,0.1725
Y,0.0367
K,0.8145
Y,2.85
V,1.285
D,2.458
P,2.85
N,2.678
V,2.831
L,1.55
P,0.05193
E,2.045
T,0.3471
E,0.008387
S,0.4515
L,0.01162
A,0.9774
L,0.4492
V,0.02963
I,0.4206
D,2.027
R,0.00776
L,1.157
L,1.475
P,0.03042
Y,0.8682
W,0.9295
Q,1.97
D,1.729
V,2.108
I,0.3331
A,1.176
K,0.997
D,0.9252
L,0.6328
L,2.695
S,1.965
G,0.2483
K,1.271
T,0.7439
V,0.3047
M,1.024
I,0.6891
A,0.7108
A,0.006473
H,0.007058
G,0.01196
N,0.006319
S,0.005649
L,0.2931
R,0.00776
G,0.171
L,0.4061
V,0.1977
K,0.02462
H,0.7221
L,0.1238
E,0.2687
G,2.086
I,0.6465
S,0.3671
D,0.4496
A,2.849
D,1.25
I,0.07805
A,0.7436
K,2.028
L,0.4891
N,0.05495
I,0.1035
P,0.01071
T,0.0283
G,0.2425
I,0.5736
P,0.01071
L,0.1455
V,0.8727
F,0.08756
E,0.8239
L,0.5128
D,0.4376
E,1.168
N,2.444
L,1.124
K,2.179
P,0.1896
S,2.036
K,1.835
P,1.656
S,0.5786
Y,2.276
Y,0.06168
L,0.1246
D,0.1251
P,0.6327
E,1.471
A,0.3825
A,0.2475
A,1.321
A,1.127
G,0.3388
A,0.7517
A,1.016
A,0.2835
V,0.01816
