"pdb_aa","rate"
F,3.726
S,2.603
N,0.3592
I,0.5323
R,1.06
E,1.583
N,0.2003
P,0.3557
V,1.758
T,0.3917
P,0.7771
W,1.271
N,0.6198
P,1.627
E,3.599
P,1.361
S,2.165
A,2.339
P,0.06918
V,2.387
I,0.5112
D,0.9905
P,2.23
T,1.009
A,0.4243
Y,0.979
I,0.5984
D,0.2476
P,1.004
Q,0.663
A,0.1347
S,0.7636
V,0.6089
I,0.3229
G,0.03549
E,0.9976
V,0.1569
T,1.243
I,0.5036
G,1.363
A,1.481
N,1.116
V,0.5562
M,0.3665
V,0.4465
S,0.4284
P,0.4097
M,1.009
A,0.3686
S,0.2899
I,0.6212
R,0.03194
S,0.3193
D,0.03243
E,0.3985
G,0.4611
M,1.246
P,1.193
I,0.1758
F,1.787
V,0.3418
G,0.5711
D,1.576
R,1.012
S,0.4259
N,0.08462
V,0.5129
Q,0.03345
D,0.09909
G,0.6228
V,0.4146
V,0.2891
L,0.4892
H,0.03195
A,0.5444
L,0.4547
E,1.305
T,0.6657
I,1.026
N,1.558
E,1.433
E,1.333
G,1.008
E,1.454
P,1.795
I,1.184
E,2.148
D,1.588
N,1.536
I,1.78
V,1.112
E,2.232
V,0.4909
D,1.534
G,1.305
K,2.387
E,3.644
Y,1.407
A,0.7278
V,0.4345
Y,1.853
I,0.3768
G,0.2838
N,2.009
N,1.234
V,0.266
S,0.1587
L,0.5509
A,0.1316
H,0.032
Q,0.6468
S,0.292
Q,0.4542
V,0.4444
H,0.03221
G,0.2038
P,0.03663
A,0.487
A,1.335
V,0.675
G,0.6636
D,0.9525
D,1.041
T,0.6431
F,0.2225
I,0.4018
G,0.09342
M,0.1805
Q,0.5004
A,0.332
F,0.4357
V,0.4046
F,0.4792
K,0.3989
S,0.2521
K,1.757
V,0.5096
G,0.4808
N,1.702
N,0.8497
C,0.8097
V,0.6065
L,0.5576
E,0.3845
P,0.2177
R,0.5363
S,0.3129
A,0.6393
A,0.3534
I,0.4875
G,0.5993
V,0.5388
T,1.837
I,0.4394
P,0.6912
D,1.099
G,1.219
R,0.6439
Y,0.6777
I,0.3812
P,0.5213
A,0.4534
G,0.445
M,1.279
V,1.178
V,0.4477
T,0.9614
S,1.131
Q,0.5811
A,1.3
E,0.4411
A,0.2418
D,0.861
K,1.351
L,0.7509
P,0.5814
E,2.337
V,0.4727
T,0.9622
D,2.32
D,1.629
Y,0.9771
A,1.349
Y,1.376
S,1.284
H,1.579
T,1.343
N,0.6294
E,1.73
A,1.557
V,0.3315
V,0.4389
Y,2.056
V,0.9211
N,0.08441
V,0.8587
H,1.997
L,0.5214
A,0.6044
E,2.012
G,1.283
Y,0.6363
K,1.387
E,2.279
T,1.359
S,1.392
