"pdb_aa","rate"
F,4.062
S,2.447
N,-0.782
I,-0.533
R,0.2268
E,0.9792
N,-1.011
P,-0.787
V,1.231
T,-0.7352
P,-0.1809
W,0.53
N,-0.4071
P,1.042
E,3.88
P,0.6597
S,1.816
A,2.067
P,-1.199
V,2.136
I,-0.5634
D,0.1263
P,1.91
T,0.153
A,-0.6884
Y,0.1097
I,-0.4378
D,-0.9427
P,0.145
Q,-0.3449
A,-1.105
S,-0.2001
V,-0.4228
I,-0.8343
G,-1.248
E,0.1364
V,-1.073
T,0.489
I,-0.5743
G,0.662
A,0.8315
N,0.3072
V,-0.4986
M,-0.7715
V,-0.6565
S,-0.6826
P,-0.7095
M,0.1532
A,-0.7685
S,-0.8818
I,-0.4051
R,-1.253
S,-0.8395
D,-1.252
E,-0.7255
G,-0.6355
M,0.4941
P,0.4172
I,-1.046
F,1.273
V,-0.807
G,-0.4771
D,0.9692
R,0.1571
S,-0.6861
N,-1.177
V,-0.5609
Q,-1.251
D,-1.156
G,-0.4028
V,-0.7023
V,-0.883
L,-0.5951
H,-1.253
A,-0.5156
L,-0.6447
E,0.579
T,-0.3411
I,0.1768
N,0.9428
E,0.7627
E,0.6187
G,0.1507
E,0.7926
P,1.284
I,0.404
E,1.792
D,0.9858
N,0.9118
I,1.262
V,0.3006
E,1.913
V,-0.5926
D,0.9085
G,0.5784
K,2.136
E,3.944
Y,0.7254
A,-0.2517
V,-0.6737
Y,1.367
I,-0.7567
G,-0.8905
N,1.591
N,0.4767
V,-0.9161
S,-1.071
L,-0.5062
A,-1.11
H,-1.253
Q,-0.3683
S,-0.8787
Q,-0.6454
V,-0.6595
H,-1.253
G,-1.006
P,-1.246
A,-0.5982
A,0.6212
V,-0.3277
G,-0.3442
D,0.07159
D,0.1988
T,-0.3736
F,-0.9787
I,-0.7207
G,-1.164
M,-1.039
Q,-0.5788
A,-0.8212
F,-0.672
V,-0.7168
F,-0.6094
K,-0.725
S,-0.9362
K,1.229
V,-0.5657
G,-0.6072
N,1.15
N,-0.07635
C,-0.1339
V,-0.4262
L,-0.4966
E,-0.7456
P,-0.9856
R,-0.5272
S,-0.8487
A,-0.379
A,-0.7904
I,-0.5974
G,-0.4367
V,-0.5237
T,1.344
I,-0.6667
P,-0.3043
D,0.2822
G,0.4557
R,-0.3725
Y,-0.3238
I,-0.7505
P,-0.5488
A,-0.6465
G,-0.6587
M,0.542
V,0.396
V,-0.6547
T,0.08441
S,0.3281
Q,-0.4627
A,0.5718
E,-0.6642
A,-0.951
D,-0.06001
K,0.6447
L,-0.2185
P,-0.4624
E,2.064
V,-0.6188
T,0.08556
D,2.039
D,1.045
Y,0.1069
A,0.6422
Y,0.6815
S,0.5478
H,0.9735
T,0.6328
N,-0.3933
E,1.19
A,0.9415
V,-0.822
V,-0.6674
Y,1.659
V,0.02637
N,-1.177
V,-0.06344
H,1.574
L,-0.5487
A,-0.4292
E,1.595
G,0.5469
Y,-0.3834
K,0.6968
E,1.98
T,0.656
S,0.7034
