"pdb_aa","rate"
D,-0.01887
K,-0.01887
V,-0.01887
Y,-0.6684
Q,0.2845
M,-1.17
K,0.9005
S,-0.07469
K,0.6238
P,-0.03626
R,0.3157
G,-0.9418
Y,1.59
C,-0.9182
L,0.443
I,-0.7316
I,-0.7316
N,-1.236
N,-1.236
H,-0.03868
N,-1.236
F,-1
A,0.3207
K,1.701
A,1.822
R,-0.4768
E,-0.01887
K,-0.01887
V,-0.01887
P,-0.01887
K,-0.01887
L,-0.01887
H,-0.01887
S,0.7917
I,-0.03604
R,0.6708
D,1.125
R,-1.159
N,-0.7698
G,-1.008
T,-1.241
H,0.2688
L,2.68
D,-1.153
A,-0.6945
G,1.36
A,1.496
L,0.02447
T,2.507
T,0.2318
T,1.986
F,-1
E,1.193
E,1.532
L,-1
H,0.7454
F,-0.2687
E,1.824
I,-0.6036
K,1.394
P,1.132
H,-0.5822
D,-0.7161
D,-0.6453
C,-0.07489
T,-0.7451
V,0.5373
E,-0.4512
Q,0.2206
I,-0.6315
Y,1.849
E,1.441
I,0.09537
L,-0.2397
K,-0.4509
I,2.595
Y,0.9226
Q,0.4011
L,1.814
M,0.8214
D,-1.153
H,-1.208
S,-1.26
N,-0.7502
M,2.043
D,0.4244
C,-0.3567
F,-1
I,0.4027
C,0.01588
C,0.6711
I,-0.3742
L,-1
S,-1.26
H,-1.208
G,-1.008
D,0.5893
K,1.206
G,-1.008
I,1.24
I,0.2127
Y,1.066
G,-1.008
T,-0.5888
D,-1.153
G,-1.008
Q,0.3189
E,0.4988
A,0.2412
P,1.774
I,-0.5311
Y,0.7494
E,2.103
L,0.5585
T,-0.2614
S,-0.5049
Q,0.9654
F,-1
T,0.9686
G,-0.3611
L,1.073
K,0.747
C,-0.9736
P,0.714
S,-1.26
L,-1
A,0.4009
G,-1.008
K,-1.11
P,-1.056
K,-1.11
V,-0.1347
F,-1
F,-1
I,-1.208
Q,-1.177
A,-1.215
C,-0.9736
Q,-0.5798
G,-1.008
D,1.089
N,0.6775
Y,1.046
Q,0.2875
K,1.383
G,-0.8302
I,-0.1588
P,-0.8858
V,-1.011
E,-0.932
T,-0.3613
D,-0.9746
