"pdb_aa","rate"
M,0.1193
K,0.3084
Y,1.684
I,0.6313
G,0.01351
A,0.1023
H,0.008637
V,0.1391
S,0.04973
A,0.3847
A,0.7325
G,0.07193
G,0.03083
L,0.2992
A,1.085
N,0.6362
A,0.1663
A,0.4422
I,2.689
R,0.2376
A,0.09207
A,2.651
E,2.636
I,0.3938
D,0.8698
A,0.07348
T,0.8965
A,0.156
F,0.1754
A,0.0914
L,0.5076
F,0.03112
T,0.1814
K,0.2682
N,0.06769
Q,0.09541
R,0.1403
Q,0.2437
W,0.064
R,2.378
A,0.3502
A,0.8161
P,0.9163
L,0.4146
T,1.584
T,4.697
Q,2.699
T,1.619
I,0.1663
D,4.618
E,1.968
F,0.07304
K,1.025
A,2.701
A,0.8912
C,0.5476
E,2.705
K,2.7
Y,2.69
H,1.386
Y,1.236
T,4.694
S,1.965
A,2.701
Q,1.014
I,0.2965
L,0.1254
P,0.1393
H,0.008586
D,0.2833
S,0.07142
Y,0.07595
L,0.02965
I,0.1012
N,0.007924
L,0.08816
G,0.1493
H,0.3785
P,0.1402
V,1.16
T,4.659
E,1.027
A,1.189
L,0.415
E,2.367
K,0.1831
S,0.02334
R,0.3257
D,2.701
A,0.2472
F,0.1974
I,1.264
D,0.2718
E,0.02044
M,0.8461
Q,2.013
R,0.049
C,0.4474
E,1.742
Q,0.8823
L,0.04965
G,0.2373
L,0.3191
S,1.891
L,1.162
L,0.2233
N,0.01479
F,0.262
H,0.008583
P,0.04674
G,0.03054
S,0.09605
H,0.2477
L,0.1699
M,1.501
Q,1.279
I,0.5008
S,0.9153
E,1.161
E,2.701
D,2.699
C,0.3185
L,0.4234
A,2.408
R,1.556
I,0.2217
A,0.3184
E,1.051
S,0.1768
I,0.3577
N,0.08954
I,2.69
A,0.6013
L,0.5241
D,2.171
K,1.989
T,0.2434
Q,2.701
G,1.884
V,0.2229
T,1.082
A,0.2978
V,0.07038
I,0.2452
E,0.009844
N,0.1114
T,0.02574
A,0.04712
G,0.05148
Q,0.05763
G,0.01341
S,0.4571
N,0.07786
L,0.7383
G,0.01341
F,1.439
K,1.69
F,0.1125
E,0.3017
H,0.6416
L,0.3403
A,0.4293
A,2.409
I,0.2032
I,0.07979
D,1.944
G,1.755
V,0.3652
E,1.148
D,0.2716
K,0.3646
S,1.005
R,0.01873
V,0.4418
G,0.03051
V,0.1893
C,0.03543
I,0.6874
D,0.00912
T,0.01363
C,0.1441
H,0.008583
A,0.7216
F,0.404
A,0.4506
A,0.3257
G,0.01341
Y,0.05484
D,0.1751
L,0.5548
R,0.8451
T,0.7832
P,4.549
A,2.187
E,1.386
C,0.9834
E,2.699
K,2.742
T,0.4355
F,0.5818
A,2.699
D,1.767
F,0.3617
A,1.503
R,2.698
T,1.441
V,0.3334
G,0.0307
F,0.9746
K,2.702
Y,0.5952
L,0.02978
R,1.095
G,0.6242
M,0.3989
H,0.008604
L,0.4612
N,0.007941
D,0.05763
A,0.3103
K,0.2855
S,0.9791
T,2.701
F,1.244
G,1.136
S,0.2906
R,0.6465
V,0.3618
D,0.01829
R,0.01871
H,0.01675
H,1.152
S,0.331
L,0.4569
G,0.2378
E,1.947
G,0.03072
N,1.698
I,0.3183
G,0.181
H,2.258
D,2.002
A,1.171
F,0.094
R,1.975
W,2.04
I,0.5759
M,0.3085
Q,1.277
D,0.2856
D,4.655
R,0.3554
F,0.6929
D,0.904
G,1.936
I,0.3681
P,0.0122
L,0.8399
I,0.4353
L,0.06945
E,0.02066
T,0.02552
I,0.7453
N,0.8822
P,1.41
D,1.96
I,1.364
W,0.1027
A,1.801
E,2.028
E,0.05069
I,0.07929
A,2.232
W,1.961
L,0.1489
K,0.9632
A,1.966
Q,1.781
Q,2.368
