"pdb_aa","rate"
V,-0.3822
K,-0.7279
L,-0.6634
K,2.733
T,0.8072
D,-0.3775
F,-0.6802
D,-0.3837
N,-0.8139
P,-0.7099
R,0.2126
W,-0.512
I,-0.07973
K,1.09
R,-0.7751
H,-0.7953
K,-0.7497
H,-0.3537
M,-0.8021
F,-0.6802
D,0.7338
F,-0.1287
L,-0.6879
D,-0.7766
I,0.003267
N,-0.8139
G,2.436
N,-0.4708
G,-0.6841
K,1.503
I,-0.8097
T,0.01495
L,-0.6879
D,0.447
E,-0.7574
I,-0.05009
V,-0.805
S,0.15
K,-0.7497
A,-0.8083
S,-0.8317
D,0.1272
D,-0.2596
I,-0.414
C,1.197
A,2.183
K,0.07148
L,-0.6879
E,-0.1338
A,-0.8083
T,-0.8198
P,0.7145
E,-0.326
Q,-0.7799
T,-0.0822
K,0.7586
R,-0.7751
H,-0.7953
Q,-0.3335
V,2.974
C,0.2669
V,-0.805
E,-0.7574
A,-0.4201
F,-0.6802
F,-0.6802
R,0.8935
G,0.4723
C,1.06
G,-0.1523
M,0.3816
E,0.8366
Y,-0.6688
G,1.159
K,0.2693
E,-0.314
I,0.08274
A,2.467
F,0.1696
P,-0.7099
Q,0.7111
F,0.5025
L,0.1478
D,0.2776
G,-0.6841
W,-0.512
K,-0.7497
Q,2.919
L,-0.6879
A,-0.4654
T,2.385
S,2.951
E,-0.2169
L,-0.6879
K,2.491
K,1.375
W,2.827
A,0.7083
R,0.5731
N,-0.8139
E,0.5912
P,3.172
T,-0.4925
L,-0.6879
I,-0.4625
R,-0.7751
E,2.412
W,-0.512
G,-0.6841
D,-0.3671
A,-0.8083
V,-0.2532
F,-0.6802
D,-0.7766
I,-0.8097
F,0.8151
D,-0.7766
G,-0.6841
T,0.2442
I,-0.4517
T,0.6422
L,-0.6879
D,-0.7766
E,-0.7574
W,-0.512
K,-0.221
A,0.7621
Y,-0.6688
G,-0.2337
K,1.296
I,1.164
S,-0.1249
G,-0.6841
I,-0.8097
S,1.001
P,0.6347
S,-0.5244
Q,2.56
E,-0.2836
D,-0.2464
C,-0.1075
E,-0.7574
A,2.345
T,-0.8198
F,-0.6802
R,2.07
H,-0.3669
C,-0.6567
D,-0.7766
L,-0.2184
D,-0.7766
N,1.058
A,-0.08956
G,-0.6841
D,2.705
L,-0.6879
D,-0.3903
V,-0.4567
D,-0.7766
E,-0.7574
M,-0.8021
T,-0.8198
R,-0.7751
Q,-0.7799
H,-0.7953
L,-0.1489
G,-0.6841
F,-0.6802
W,-0.512
Y,-0.6688
T,-0.143
L,0.3025
D,-0.7562
P,-0.1571
E,1.714
A,-0.1378
D,-0.2946
G,0.6818
L,-0.06887
Y,-0.6439
G,-0.6598
N,-0.1853
G,0.4575
V,-0.7861
P,-0.6867
