"pdb_aa","rate"
I,0.4508
V,1.793
P,1.182
T,0.279
R,1.264
E,0.6134
L,0.5512
E,1.071
N,1.105
V,0.2266
F,0.7064
L,0.5634
G,0.5097
R,0.1767
C,0.2558
K,1.535
D,1.129
Y,0.6304
E,1.124
I,1.358
T,1.163
R,1.028
Y,1.405
L,1.67
D,1.208
I,1.455
L,1.307
P,0.9509
R,1.826
V,1.443
R,2.022
S,0.9705
D,0.2473
C,0.1009
S,0.6709
A,0.8038
L,0.277
W,0.7306
K,0.816
D,0.559
F,0.2099
F,0.7872
K,1.026
A,0.2434
F,0.2853
S,0.5055
F,0.6239
K,0.2862
N,0.5418
P,0.341
C,0.09701
D,0.6039
L,0.3224
D,0.4602
L,0.6872
G,0.5334
S,0.2518
Y,0.1725
K,0.9103
D,0.7396
F,0.3106
F,0.7215
T,1.125
S,0.5446
A,0.5241
Q,1.109
Q,0.3569
Q,0.7082
L,0.4952
P,0.2643
K,0.4924
N,0.4281
K,0.4301
V,0.4116
M,0.28
F,0.2538
W,0.1024
S,0.08963
G,0.2473
V,0.2229
Y,0.5295
D,0.7635
E,0.4576
A,0.2524
H,0.2815
D,0.7106
Y,0.5641
A,0.4286
N,0.9787
T,0.7709
G,0.8115
R,0.8879
K,0.6866
Y,0.7327
I,0.5374
T,0.1792
L,0.2037
E,0.2358
D,0.1691
T,0.09028
L,0.2165
P,0.3983
G,0.09003
Y,0.5588
M,0.6991
L,0.5396
N,0.1144
S,0.8907
L,0.2387
V,0.7067
W,0.2453
C,0.09075
G,0.09678
Q,0.4809
R,1.401
A,0.6173
N,0.6437
P,0.5723
G,0.3248
F,0.5924
N,0.2402
E,0.4838
K,0.7535
V,0.2034
C,0.09329
P,0.1107
D,0.8597
F,0.7109
K,0.9539
T,0.708
C,0.1114
P,0.8539
V,0.6117
Q,0.2123
A,0.5479
R,0.5536
E,0.3676
S,0.1964
F,0.3711
W,0.1025
G,0.6437
M,1.002
A,0.2038
S,0.08913
S,0.6939
S,0.5791
Y,0.1682
A,0.09297
H,0.5461
S,0.4067
A,0.09155
E,0.314
G,0.167
E,0.5665
V,0.2172
T,0.765
Y,0.1699
M,0.3104
V,0.1098
D,0.1078
G,0.1073
S,0.1122
N,0.7253
P,1.062
K,0.9118
V,1.472
P,0.4363
A,0.1866
Y,0.2411
R,0.6002
P,0.8856
D,0.7763
S,0.09009
F,0.3937
F,0.1965
G,0.2713
K,0.2549
Y,0.4238
E,0.08975
L,0.4968
P,0.6398
N,0.3879
L,0.3814
T,0.559
N,0.4192
K,1.033
V,0.2818
T,0.4831
R,0.8795
V,0.3633
K,0.7505
V,0.2337
I,0.4601
V,0.2434
L,0.3739
H,0.4134
R,0.6866
L,0.6908
G,0.8837
E,0.7923
K,0.7053
I,1.141
I,0.8725
E,0.3414
K,0.2573
C,0.09126
G,0.601
A,1.03
G,0.6023
S,0.09079
L,0.3
L,1.369
D,0.9737
L,0.1358
E,0.7447
K,1.199
L,0.5904
V,0.3971
K,1.17
A,1.543
K,0.4471
H,0.4409
F,0.4837
A,1.346
F,0.7714
D,0.6961
C,0.09395
V,0.7686
E,0.5265
N,0.4233
P,0.7103
R,1.026
A,0.7943
V,0.4793
L,0.9413
F,0.5722
L,0.5088
L,0.7074
C,0.4109
S,0.8249
D,0.9251
N,0.7526
P,0.4171
N,0.9943
A,0.4898
R,1.329
E,0.5867
C,0.1184
R,1.096
L,0.9709
A,1.284
