"pdb_aa","rate"
M,-0.2289
E,0.3389
I,1.577
G,0.1036
F,-0.8403
T,-0.4581
F,0.1838
L,0.1241
D,0.4622
E,0.8762
I,2.426
V,0.141
H,-0.2343
G,0.5648
V,-0.2303
R,0.6638
W,0.8048
D,-0.4704
A,-0.3797
K,-0.8912
Y,-1.164
A,0.008343
T,-0.2495
W,0.993
D,0.01566
N,-1.151
F,-1.146
T,-0.457
G,-1.078
K,0.8235
P,-0.006924
V,-0.7035
D,0.1712
G,-1.101
Y,-1.164
E,1.604
V,0.06076
N,-0.2003
R,0.5229
I,-0.4808
V,-0.4619
G,-0.1324
T,-0.7347
Y,1.586
E,0.9053
L,-0.7048
A,-0.8418
E,2.417
S,-0.9793
L,-0.9684
L,0.6331
K,1.598
A,-0.6254
K,-0.2539
E,2.552
L,1.823
A,-0.6352
A,1.66
T,1.63
Q,1.546
G,-0.7787
Y,-0.1755
G,0.1389
L,-0.7306
L,-0.3448
L,-0.4895
W,0.08055
D,-1.169
G,-0.5436
Y,-1.071
R,-1.169
P,-1.166
K,-0.6863
R,-0.007135
A,-1.057
V,-1.115
N,-0.08029
C,0.02333
F,-1.164
M,0.4639
Q,0.4126
W,-1.151
A,-0.6129
A,1.561
Q,0.1092
P,0.7353
E,0.9805
N,-0.9144
N,-0.06733
L,0.3549
T,-0.4938
K,-0.9243
E,1.564
S,1.077
Y,-0.5005
Y,-1.024
P,-1.166
N,1.123
I,-0.2318
D,1.077
R,-1.061
T,1.452
E,1.045
M,-0.6577
I,-0.3154
S,1.569
K,1.477
G,-0.8714
Y,-0.9735
V,-0.9945
A,-0.8788
S,0.5369
K,0.5598
S,-1.171
S,-0.5431
H,-1.17
S,-0.9785
R,-1.073
G,-1.056
S,-0.929
A,-0.9641
I,-0.4055
D,-1.169
L,-0.5518
T,-1.039
L,-0.4327
Y,0.1477
R,0.7057
L,0.785
D,1.529
T,0.04098
G,0.4157
E,1.165
L,0.2825
V,-0.1892
P,-0.5112
M,-1.124
G,-1.146
S,-0.6446
R,1.525
F,-0.4092
D,-1.169
F,0.2989
M,-1.008
D,-0.8098
E,1.18
R,1.593
S,-1.133
H,-0.4051
H,-0.4372
A,0.9811
A,0.2098
N,2.576
G,1.555
I,0.2477
S,0.3511
C,2.578
N,2.197
E,-0.7169
A,0.4354
Q,1.461
N,-0.8749
R,-1.169
R,1.518
R,1.533
L,-1.148
R,-0.03144
S,1.589
I,0.3176
M,-1.163
E,1.582
N,1.455
S,0.688
G,-0.9911
F,-1.005
E,1.381
A,0.2162
Y,-0.5781
S,1.78
L,0.9445
E,-1.169
W,-1.151
W,-1.151
H,-1.17
Y,-0.6932
V,-0.8597
L,-0.5989
R,1.895
D,0.4416
E,-1.109
P,-0.9101
Y,0.3941
P,-0.6108
N,0.6908
S,-0.557
Y,-0.5369
F,-1.006
D,-0.6378
F,-0.6399
P,0.04666
V,-0.429
K,1.043
