"pdb_aa","rate"
M,0.6841
E,1.092
I,1.983
G,0.9231
F,0.2444
T,0.5192
F,0.9808
L,0.9378
D,1.181
E,1.479
I,2.593
V,0.95
H,0.6801
G,1.255
V,0.683
R,1.326
W,1.427
D,0.5104
A,0.5756
K,0.2079
Y,0.01183
A,0.8546
T,0.6692
W,1.563
D,0.8599
N,0.02095
F,0.02478
T,0.52
G,0.07337
K,1.441
P,0.8436
V,0.3428
D,0.9717
G,0.05724
Y,0.01183
E,2.002
V,0.8923
N,0.7046
R,1.225
I,0.5029
V,0.5165
G,0.7534
T,0.3203
Y,1.989
E,1.5
L,0.3419
A,0.2433
E,2.587
S,0.1445
L,0.1523
L,1.304
K,1.998
A,0.3989
K,0.6661
E,2.683
L,2.16
A,0.3919
A,2.042
T,2.021
Q,1.96
G,0.2887
Y,0.7224
G,0.9485
L,0.3233
L,0.6007
L,0.4966
W,0.9065
D,0.007871
G,0.4577
Y,0.07828
R,0.007961
P,0.01019
K,0.3551
R,0.8435
A,0.08866
V,0.04693
N,0.7909
C,0.8654
F,0.01135
M,1.182
Q,1.145
W,0.02119
A,0.4079
A,1.971
Q,0.9271
P,1.377
E,1.554
N,0.1912
N,0.8002
L,1.104
T,0.4936
K,0.184
E,1.973
S,1.623
Y,0.4888
Y,0.1124
P,0.01019
N,1.656
I,0.6819
D,1.623
R,0.08601
T,1.893
E,1.6
M,0.3757
I,0.6219
S,1.977
K,1.91
G,0.2221
Y,0.1487
V,0.1335
A,0.2167
S,1.235
K,1.251
S,0.00664
S,0.4581
H,0.00748
S,0.1451
R,0.0773
G,0.08915
S,0.1807
A,0.1554
I,0.5571
D,0.007871
L,0.4519
T,0.1017
L,0.5375
Y,0.9548
R,1.356
L,1.413
D,1.948
T,0.8781
G,1.148
E,1.687
L,1.052
V,0.7126
P,0.4811
M,0.04021
G,0.02432
S,0.3851
R,1.945
F,0.5544
D,0.007871
F,1.064
M,0.1239
D,0.2664
E,1.697
R,1.994
S,0.034
H,0.5573
H,0.5343
A,1.554
A,0.9995
N,2.701
G,1.967
I,1.027
S,1.101
C,2.702
N,2.428
E,0.3331
A,1.162
Q,1.899
N,0.2196
R,0.007961
R,1.94
R,1.951
L,0.0235
R,0.826
S,1.991
I,1.077
M,0.01238
E,1.986
N,1.895
S,1.343
G,0.136
F,0.1261
E,1.842
A,1.004
Y,0.433
S,2.129
L,1.528
E,0.008414
W,0.02119
W,0.02119
H,0.00748
Y,0.3502
V,0.2305
L,0.418
R,2.211
D,1.166
E,0.05144
P,0.1942
Y,1.132
P,0.4095
N,1.345
S,0.4481
Y,0.4625
F,0.1254
D,0.39
F,0.3885
P,0.8822
V,0.5401
K,1.598
