"pdb_aa","rate"
H,0.7664
N,0.4458
P,0.1959
V,0.3418
V,0.2001
M,0.6498
V,0.1232
H,0.06918
G,0.1111
I,0.7959
G,0.8522
G,0.206
A,0.8674
S,1.421
F,1.525
N,0.3862
F,0.3795
A,3.257
G,1.268
I,0.1202
K,0.9444
S,1.216
Y,0.6918
L,0.215
V,2.484
S,0.9047
Q,0.7007
G,0.1111
W,0.3688
S,0.9806
R,1.808
D,1.413
K,1.196
L,0.7036
Y,1.01
A,0.4474
V,0.586
D,0.8092
F,0.9229
W,3.676
D,0.6168
K,0.3865
T,1.008
G,0.3414
T,0.5973
N,0.2472
Y,3.468
N,1.175
N,0.1199
G,0.5634
P,1.075
V,0.6162
L,0.3986
S,1.067
R,2.328
F,1.465
V,0.6925
Q,0.8154
K,1.313
V,0.1134
L,0.2059
D,1.648
E,1.653
T,0.112
G,0.3569
A,0.5212
K,1.927
K,0.2397
V,0.06386
D,0.2755
I,0.1776
V,0.6426
A,0.2595
H,0.06753
S,0.05639
M,0.255
G,0.108
G,0.2041
A,0.5766
N,0.1719
T,0.3473
L,0.4008
Y,0.5818
Y,0.3371
I,0.2658
K,0.8354
N,0.4882
L,0.4981
D,1.214
G,0.108
G,1.263
N,1.626
K,0.3311
V,0.4061
A,1.189
N,0.4809
V,0.2269
V,0.2621
T,0.1056
L,0.4275
G,0.3128
G,0.3779
A,0.2129
N,0.1136
R,0.7605
L,0.617
T,0.6924
T,0.5034
G,1.049
K,1.422
A,0.1772
L,0.6025
P,2.248
G,0.3451
T,0.571
D,0.5695
P,0.9357
N,0.8509
Q,1.577
K,0.3371
I,0.3993
L,1.733
Y,0.6746
T,0.1065
S,0.09871
I,0.29
Y,0.3952
S,0.05639
S,1.013
A,0.8291
D,0.1337
M,3.185
I,0.6149
V,0.1156
M,1.937
N,0.9558
Y,1.946
L,0.6165
S,0.05641
R,1.854
L,0.5683
D,2.295
G,0.1081
A,0.1855
R,0.8682
N,0.113
V,0.4311
Q,1.138
I,0.3368
H,1.026
G,0.6927
V,0.5721
G,1.943
H,0.06756
I,0.827
G,0.9979
L,0.4132
L,0.6952
Y,3.671
S,0.6793
S,0.6456
Q,1.686
V,0.06388
N,0.8003
S,2.286
L,0.9384
I,0.2979
K,0.6412
E,1.602
G,0.5788
L,0.3129
N,1.289
G,1.246
G,0.9143
G,0.1943
Q,3.017
N,0.3361
T,0.3702
N,0.1168
