"pdb_aa","rate"
H,-0.02716
N,-0.4644
P,-0.8054
V,-0.6063
V,-0.7995
M,-0.1862
V,-0.9044
H,-0.9782
G,-0.921
I,0.01306
G,0.08993
G,-0.7915
A,0.1106
S,0.8663
F,1.007
N,-0.5458
F,-0.5549
A,3.369
G,0.6565
I,-0.9085
K,0.2157
S,0.5856
Y,-0.1289
L,-0.7793
V,2.315
S,0.1615
Q,-0.1168
G,-0.921
W,-0.5695
S,0.265
R,1.393
D,0.8542
K,0.5587
L,-0.1128
Y,0.3054
A,-0.4623
V,-0.2732
D,0.03121
F,0.1864
W,3.941
D,-0.2311
K,-0.5453
T,0.3027
G,-0.6068
T,-0.2577
N,-0.7353
Y,3.657
N,0.5295
N,-0.909
G,-0.3041
P,0.3932
V,-0.2321
L,-0.5289
S,0.3835
R,2.103
F,0.9256
V,-0.128
Q,0.03968
K,0.7178
V,-0.9179
L,-0.7917
D,1.175
E,1.182
T,-0.9198
G,-0.5857
A,-0.3616
K,1.556
K,-0.7455
V,-0.9854
D,-0.6968
I,-0.8302
V,-0.1961
A,-0.7186
H,-0.9804
S,-0.9956
M,-0.7247
G,-0.9252
G,-0.7941
A,-0.286
N,-0.8381
T,-0.5988
L,-0.5258
Y,-0.2789
Y,-0.6127
I,-0.71
K,0.06702
N,-0.4066
L,-0.3931
D,0.584
G,-0.9252
G,0.6503
N,1.145
K,-0.621
V,-0.5185
A,0.5495
N,-0.4166
V,-0.763
V,-0.7151
T,-0.9285
L,-0.4894
G,-0.6458
G,-0.5571
A,-0.7821
N,-0.9175
R,-0.03524
L,-0.231
T,-0.128
T,-0.3859
G,0.3587
K,0.8666
A,-0.8308
L,-0.2508
P,1.994
G,-0.6018
T,-0.2936
D,-0.2958
P,0.2038
N,0.0881
Q,1.079
K,-0.6128
I,-0.5278
L,1.292
Y,-0.1524
T,-0.9272
S,-0.9379
I,-0.6769
Y,-0.5335
S,-0.9956
S,0.3089
A,0.05834
D,-0.8901
M,3.272
I,-0.2338
V,-0.9148
M,1.57
N,0.2311
Y,1.582
L,-0.2315
S,-0.9956
R,1.457
L,-0.2974
D,2.058
G,-0.9251
A,-0.8196
R,0.1116
N,-0.9183
V,-0.4845
Q,0.4799
I,-0.6132
H,0.3272
G,-0.1277
V,-0.2922
G,1.578
H,-0.9804
I,0.05549
G,0.2887
L,-0.5089
L,-0.1242
Y,3.935
S,-0.1459
S,-0.1919
Q,1.227
V,-0.9854
N,0.01913
S,2.045
L,0.2075
I,-0.6662
K,-0.1979
E,1.113
G,-0.283
L,-0.6457
N,0.6862
G,0.6268
G,0.1746
G,-0.8074
Q,3.043
N,-0.6141
T,-0.5675
N,-0.9132
