"pdb_aa","rate"
K,1.406
E,1.493
T,2.064
A,0.9228
A,0.6376
A,2.214
K,1.293
F,0.09825
E,1.307
R,1.244
Q,0.5074
H,0.09431
M,0.9072
D,0.3509
S,1.535
S,3.052
T,2.108
S,1.629
A,1.691
A,1.449
S,1.254
S,1.627
S,1.744
N,2.105
Y,0.137
C,0.1015
N,0.6642
Q,2.275
M,0.4968
M,0.09815
K,2.34
S,1.661
R,0.3156
N,2.085
L,0.5655
T,0.3211
K,2.815
D,2.154
R,3.045
C,0.1434
K,0.1019
P,2.011
V,1.617
N,0.09025
T,0.1095
F,0.09769
V,0.5939
H,0.09402
E,0.5319
S,1.422
L,1.381
A,2.581
D,1.583
V,0.3617
Q,1.789
A,0.9389
V,0.6664
C,0.1157
S,2.113
Q,0.891
K,3.09
N,1.088
V,0.6487
A,3.069
C,0.6199
K,1.09
N,1.04
G,0.794
Q,2.523
T,1.819
N,0.4727
C,0.6994
Y,0.4008
Q,1.495
S,0.1067
Y,2.059
S,1.073
T,2.024
M,0.5177
S,1.441
I,0.944
T,0.09111
D,1.079
C,0.1009
R,1.752
E,1.781
T,1.448
G,1.249
S,1.491
S,0.3779
K,1.93
Y,1.469
P,0.3588
N,0.8482
C,0.102
A,1.942
Y,0.1112
K,1.21
T,0.5384
T,2.128
Q,1.997
A,2.032
N,1.588
K,0.5613
H,1.879
I,0.4632
I,0.6595
V,0.6999
A,0.3811
C,0.1156
E,1.605
G,0.8655
N,1.636
P,1.024
Y,3.06
V,1.361
P,0.1207
V,0.1528
H,0.1021
F,1.475
D,0.4523
A,1.959
S,0.7597
V,1.53
