"pdb_aa","rate"
M,1.559
L,2.176
K,1.135
Q,2.036
V,0.4078
E,1.151
I,0.3978
F,1.134
T,0.04013
D,0.006086
G,0.009488
S,0.04968
C,0.01078
L,0.1943
G,0.009488
N,0.005056
P,0.008507
G,0.009488
P,0.1867
G,0.009488
G,0.04522
Y,0.2301
G,0.2887
A,0.5306
I,0.842
L,0.4838
R,0.6523
Y,1.574
R,1.658
G,2.754
R,2.003
E,0.5832
K,0.3421
T,0.8049
F,0.6914
S,0.9278
A,0.691
G,0.2884
Y,0.4946
T,2.687
R,2.82
T,0.02197
T,0.004867
N,0.005054
N,0.005054
R,0.08734
M,0.005432
E,0.006678
L,0.3772
M,0.6668
A,0.1015
A,0.2745
I,0.1217
V,1.992
A,0.4716
L,0.06364
E,1.123
A,1.043
L,0.09749
K,1.208
E,1.093
H,0.908
C,0.468
E,5.222
V,0.3979
I,2.079
L,0.4687
S,0.9599
T,0.09369
D,0.006084
S,0.004527
Q,0.5682
Y,0.0101
V,0.2847
R,0.6469
Q,0.621
G,0.02655
I,0.2409
T,0.5328
Q,1.216
W,0.01893
I,0.5773
H,1.455
N,0.7654
W,0.01893
K,0.2894
K,0.9271
R,0.6162
G,0.665
W,0.01893
K,1.148
T,0.1045
A,0.4012
D,1.082
K,0.7673
K,0.7497
P,0.4062
V,0.0237
K,0.07302
N,0.01344
V,1.088
D,0.3676
L,0.06194
W,0.05583
Q,1.07
R,0.8451
L,0.04399
D,0.3912
A,2.031
A,0.6967
L,1.788
G,2.05
Q,1.926
H,0.0155
Q,2.844
I,0.7619
K,2.849
W,0.1999
E,1.518
W,0.01896
V,0.1532
K,0.3041
G,0.09831
H,0.005641
A,0.6229
G,0.02673
H,0.2194
P,1.755
E,0.4913
N,0.00506
E,0.1226
R,0.3843
C,0.289
D,0.006092
E,2.007
L,0.09739
A,0.005181
R,0.2757
A,2.85
A,0.3509
A,0.3042
M,2.197
N,1.954
P,1.941
T,2.012
L,2.972
E,2.844
D,0.8783
T,2.839
G,1.151
Y,0.9119
Q,3.041
V,5.212
E,2.85
V,5.126
