"pdb_aa","rate"
S,1.981
R,1.501
V,1.305
D,3.153
K,2.853
F,3.474
S,1.286
K,3.027
S,1.903
D,0.5977
I,1.181
I,0.7804
V,0.2603
S,0.1901
P,0.0216
S,0.004156
I,0.09243
L,0.008486
S,0.1052
A,0.06539
N,0.2691
F,0.02545
S,0.7067
K,1.117
L,0.02373
G,0.7368
E,1.36
Q,0.4195
V,0.5011
K,1.799
A,0.8552
I,0.4745
E,0.3778
Q,2.85
A,0.4209
G,0.07653
C,0.1627
D,0.198
W,1.054
I,0.2921
H,0.005163
V,0.6305
D,0.005573
V,0.06576
M,0.004959
D,0.005549
G,0.008628
R,0.4118
F,0.1604
V,0.004748
P,0.007739
N,0.03098
I,0.2498
T,0.1012
I,0.5397
G,0.008625
P,0.3868
L,1.267
V,0.5618
V,0.2864
D,1.54
S,0.2867
L,0.7202
R,0.2349
P,0.7904
I,1.515
T,0.2386
D,2.844
L,0.4771
P,0.6778
L,0.4724
D,0.01486
V,0.1303
H,0.00514
L,0.008384
M,0.004958
I,0.1251
V,0.5826
E,0.9145
P,0.1831
D,0.3512
Q,1.977
R,0.5111
V,0.4908
P,1.766
D,1.283
F,0.09253
I,0.5252
K,1.531
A,0.07368
G,0.008625
A,0.1298
D,0.1959
I,0.9217
V,0.2908
S,0.4348
V,0.1669
H,0.03291
C,0.7916
E,0.01659
Q,1.266
S,1.362
S,0.2753
T,0.8652
I,1.972
H,0.00514
L,0.38
H,0.08086
R,0.03646
T,0.317
I,0.9222
N,0.743
Q,1.496
I,0.04636
K,0.4638
S,1.102
L,1.989
G,0.2306
A,1.035
K,0.4796
A,0.236
G,0.1722
V,0.2679
V,0.2899
L,0.4747
N,0.06384
P,0.007737
G,0.7221
T,0.06896
P,0.3741
L,1.112
T,1.78
A,2.007
I,0.6564
E,1.379
Y,1.092
V,0.6948
L,0.8074
D,2.026
A,1.106
V,1.068
D,0.09895
L,0.7718
V,0.3822
L,0.08879
I,0.8542
M,0.004958
S,0.2365
V,0.01253
N,0.004615
P,0.007737
G,0.008625
F,0.02459
G,0.02421
G,0.02417
Q,0.005548
S,0.9895
F,0.09361
I,0.04709
E,2.454
S,1.157
Q,0.7075
V,1.035
K,2.36
K,0.04153
I,0.2342
S,2.041
D,2.121
L,0.7618
R,0.8704
K,2.85
I,1.208
C,0.8778
A,2.126
E,2.016
R,2.207
G,1.127
L,1.629
N,2.089
P,1.155
W,1.403
I,0.2159
E,0.358
V,0.3091
D,0.005554
G,0.008636
G,0.008636
V,0.47
G,0.6928
P,2.838
K,2.025
N,0.19
A,0.3976
Y,2.026
K,2.842
V,0.5281
I,1.516
E,2.013
A,0.1491
G,0.02416
A,0.1215
N,0.7727
A,0.3907
L,0.5189
V,0.02146
A,0.11
G,0.04097
S,0.1188
A,0.3024
V,0.5397
F,0.5324
G,1.182
A,1.457
P,5.124
D,0.7115
Y,0.2799
A,1.532
E,2.847
A,0.2597
I,0.2229
K,2.596
G,2.027
I,0.5522
K,0.685
T,2.85
S,1.937
K,2.127
R,2.847
P,2.742
E,2.629
