"pdb_aa","rate"
K,1.411
I,0.8434
E,1.027
A,0.2977
V,0.3724
I,0.2687
F,0.7253
D,0.01717
W,0.08024
A,0.03241
G,0.01806
T,0.01711
T,0.389
V,0.2421
D,0.01635
Y,0.5169
G,0.03732
C,0.214
F,0.6967
A,0.07298
P,0.02094
L,0.2331
E,0.9599
V,0.2187
F,0.08494
M,0.9766
E,1.017
I,0.4805
F,0.1163
H,1.73
K,1.852
R,1.29
G,0.5983
V,0.5578
A,2.52
I,0.606
T,0.5728
A,1.243
E,1.181
E,0.2705
A,0.2163
R,0.04615
K,1.387
P,0.1634
M,0.0162
G,0.01804
L,0.6669
L,0.511
K,0.02357
I,0.7299
D,0.4571
H,0.01885
V,0.1927
R,0.9626
A,0.6381
L,0.4298
T,0.6419
E,2.153
M,0.9522
P,1.232
R,1.346
I,0.4328
A,1.338
S,2.121
E,1.085
W,0.3592
N,2.5
R,1.99
V,1.868
F,1.105
R,0.4602
Q,1.126
L,4.155
P,0.8723
T,1.541
E,1.096
A,2.405
D,0.1354
I,0.5253
Q,0.8085
E,1.778
M,0.5707
Y,0.3078
E,1.95
E,1.47
F,0.1897
E,0.3863
E,0.8269
I,1.093
L,0.1341
F,0.8634
A,1.333
I,0.7998
L,0.2751
P,1.248
R,1.831
Y,0.6264
A,0.4928
S,1.82
P,0.5562
I,0.1938
N,0.7764
A,0.6167
V,0.409
K,1.73
E,1.636
V,0.8426
I,0.8259
A,2.29
S,4.001
L,0.4192
R,0.3321
E,2.532
R,1.927
G,0.4237
I,0.7934
K,0.744
I,0.2698
G,0.03618
S,0.1788
T,0.1335
T,0.0667
G,0.01804
Y,0.07493
T,0.1556
R,0.9482
E,1.633
M,0.07387
M,0.227
D,1.313
I,1.1
V,0.2068
A,1.156
K,1.276
E,1.802
A,0.067
A,0.9898
L,2.364
Q,1.424
G,0.03627
Y,0.344
K,2.523
P,0.2638
D,0.1367
F,1.627
L,1.13
V,0.4466
T,0.2443
P,0.4395
D,0.3864
D,0.8221
V,0.4738
P,1.307
A,0.8807
G,0.1445
R,0.01637
P,0.0174
Y,1.002
P,0.06374
W,0.8232
M,0.06553
C,0.4402
Y,0.5126
K,1.174
N,0.2556
A,0.353
M,1.005
E,1.434
L,0.1555
G,1.58
V,0.7956
Y,1.92
P,0.7996
M,0.5444
N,1.575
H,1.076
M,0.4283
I,0.5838
K,0.02371
V,0.3264
G,0.02729
D,0.01634
T,0.08932
V,1.16
S,0.4992
D,0.02415
M,0.2472
K,1.536
E,0.05049
G,0.1666
R,0.9448
N,0.4691
A,0.06328
G,0.09834
M,0.297
W,0.8017
T,0.3948
V,0.2709
G,0.2469
V,0.3894
I,0.7374
L,0.9956
G,0.1839
S,0.08108
S,0.06086
E,0.7476
L,0.7277
G,0.1542
L,0.499
T,0.5941
E,2.334
E,1.697
E,0.791
V,1.547
E,2.306
N,1.292
M,0.6172
D,1.26
S,2.6
V,2.568
E,1.225
L,1.068
R,2.277
E,4.17
K,1.411
I,1.234
E,2.528
V,2.482
V,0.4215
R,1.738
N,3.819
R,1.421
F,0.663
V,2.534
E,2.416
N,0.4344
G,0.373
A,0.06833
H,0.1824
F,1.009
T,0.3356
I,0.3753
E,1.016
T,0.7081
M,0.5994
Q,1.094
E,0.8261
L,0.5093
E,0.9615
S,2.529
V,0.6985
M,0.8754
E,1.899
H,2.503
I,0.2806
E,1.079
K,2.567
