"pdb_aa","rate"
M,0.9788
N,1.918
I,2.266
I,2.702
Q,0.2478
G,0.1446
N,1.456
L,0.6067
V,1.581
G,0.8812
T,2.025
G,2.01
L,1.169
K,0.6486
I,1.552
G,0.519
I,0.3037
V,0.2435
V,0.6189
G,0.988
R,0.01005
F,0.01497
N,0.008525
D,0.3365
F,0.1679
I,0.06361
T,0.4431
S,0.9989
K,0.3684
L,0.01436
L,1.068
S,1.971
G,0.05719
A,0.1616
E,2.701
D,0.03613
A,1.131
L,0.4504
L,2.506
R,0.03659
H,0.05825
G,1.063
V,0.6538
D,4.7
T,1.87
N,2.71
D,1.563
I,0.511
D,1.868
V,1.48
A,0.6084
W,0.6692
V,0.08893
P,0.03032
G,0.01475
A,0.2292
F,0.2836
E,0.01073
I,0.257
P,0.07027
F,1.248
A,1.441
A,0.2191
K,1.229
K,0.5919
M,0.5035
A,0.2446
E,2.703
T,0.7127
K,2.695
K,1.334
Y,0.2519
D,0.1616
A,0.2078
I,0.5974
I,0.3413
T,0.5046
L,0.2678
G,0.01475
T,0.4438
V,0.06492
I,0.008561
R,0.181
G,0.01475
A,0.75
T,0.008285
T,0.7302
H,0.009293
Y,0.3623
D,0.1929
Y,0.5601
V,0.0304
C,0.4997
N,1.093
E,0.0397
A,0.5269
A,0.4855
K,0.04175
G,0.01475
I,0.6843
A,0.3393
Q,2.164
A,1.073
A,0.9747
N,0.9899
T,2.696
T,1.114
G,1.762
V,1.245
P,0.01333
V,0.3788
I,0.583
F,0.05822
G,0.07769
I,0.4257
V,0.7674
T,0.01559
T,0.1174
E,0.5682
N,0.7611
I,0.1228
E,0.08515
Q,0.04944
A,0.0303
I,0.3024
E,0.1001
R,0.01005
A,0.06455
G,0.01475
T,0.1156
K,0.01115
A,0.3022
G,0.01475
N,0.008525
K,0.01115
G,0.01475
V,1.644
D,0.6704
C,0.6014
A,0.1119
V,1.858
S,1.246
A,0.0889
I,0.2307
E,0.01073
M,0.08108
A,0.6147
N,0.2011
L,0.3164
N,2.695
R,1.936
S,4.698
F,2.678
E,4.7
