"pdb_aa","rate"
A,1.339
Q,1.495
T,0.8808
V,0.8321
P,0.2272
Y,2.136
G,0.2455
I,0.8422
P,1.946
L,1.301
I,0.495
K,0.9647
A,0.1872
D,0.8426
K,2.366
V,1.878
Q,0.455
A,3.063
Q,2.182
G,0.8132
F,3.748
K,0.9942
G,0.07044
A,1.573
N,0.914
V,0.8071
K,0.5842
V,0.5735
A,0.05339
V,0.4685
L,0.5483
D,0.03639
T,0.1156
G,0.04597
I,0.2445
Q,0.6395
A,2.367
S,1.701
H,0.0421
P,0.3693
D,0.06502
L,0.06852
N,0.7721
V,0.2216
V,0.8206
G,0.7604
G,0.3945
A,1.076
S,0.1591
F,0.3819
V,0.2887
A,2.316
G,0.5225
E,0.6891
A,2.373
Y,1.556
N,2.047
T,2.479
D,0.06827
G,1.013
N,0.347
G,0.1936
H,0.03534
G,0.04597
T,0.03393
H,0.04218
V,0.08054
A,0.3059
G,0.04597
T,0.07187
V,0.2717
A,0.1742
A,0.1695
L,2.072
D,1.865
N,0.4183
T,2.31
T,3.764
G,0.07364
V,0.2746
L,0.8428
G,0.04597
V,0.2851
A,0.07797
P,0.106
S,0.9753
V,0.5942
S,1.61
L,0.2821
Y,0.3387
A,0.3849
V,0.8135
K,0.1676
V,0.2105
L,0.1483
N,1.267
S,1.847
S,2.02
G,0.1647
S,0.6179
G,0.2223
S,1.287
Y,0.9736
S,1.361
G,1.494
I,0.2081
V,0.4267
S,1.832
G,0.3255
I,0.2126
E,1.777
W,0.4099
A,0.1071
T,0.9726
T,1.768
N,0.3848
G,1.185
M,0.5736
D,0.237
V,0.385
I,0.1466
N,0.1788
M,0.1528
S,0.03341
L,0.1911
G,0.1873
G,0.5544
A,1.088
S,2.844
G,0.4891
S,0.8914
T,1.451
A,1.431
M,0.41
K,0.4514
Q,1.782
A,0.426
V,0.4925
D,1.072
N,2.29
A,0.03447
Y,0.7592
A,2.963
R,2.04
G,1.113
V,0.551
V,0.7581
V,0.2926
V,0.1866
A,0.1756
A,0.03954
A,0.08363
G,0.04597
N,0.03889
S,0.9768
G,0.1877
N,1.497
S,1.978
G,2.227
S,2.37
T,0.465
N,1.535
T,0.4747
I,2.047
G,1.168
Y,0.437
P,0.04292
A,0.355
K,1.682
Y,0.217
D,0.7169
S,0.2229
V,0.1694
I,0.3404
A,0.4698
V,0.05322
G,0.3237
A,0.2255
V,0.7583
D,0.7496
S,1.423
N,2.161
S,0.9425
N,2.174
R,0.7211
A,0.2288
S,3.743
F,0.1292
S,0.3896
S,0.2015
V,0.6214
G,0.126
A,0.9936
E,0.6758
L,0.8521
E,0.185
V,0.7916
M,0.336
A,0.07631
P,0.04292
G,0.046
A,0.3615
G,1.429
V,0.2269
Y,1.969
S,0.03657
T,0.07322
Y,1.031
P,1.188
T,1.686
N,0.9896
T,1.572
Y,0.3261
A,0.3835
T,1.423
L,0.3989
N,0.3356
G,0.046
T,0.03394
S,0.03342
M,0.04115
A,0.1642
S,0.4051
P,0.09668
H,0.1441
V,0.3697
A,0.5427
G,0.07028
A,0.4108
A,0.8481
A,0.05373
L,0.2626
I,0.845
L,0.4617
S,1.699
K,2.308
H,1.503
P,0.8999
N,2.552
L,0.535
S,0.5746
A,0.4933
S,2.146
Q,0.4474
V,0.8299
R,0.5517
N,0.7196
R,0.6583
L,0.3362
S,0.9106
S,0.8614
T,0.456
A,0.174
T,1.518
Y,1.155
L,0.3066
G,2.216
S,1.149
S,0.7821
F,1.858
Y,1.444
Y,0.692
G,0.1165
K,0.278
G,0.04764
L,0.9839
I,1.087
N,1.064
V,0.4676
E,1.385
A,1.131
A,1.623
A,2.367
Q,2.042
