"pdb_aa","rate"
E,1.794
V,1.664
P,1.975
L,1.953
P,1.818
Q,1.901
L,1.03
R,2.048
A,1.645
Y,1.087
T,1.283
V,1.819
D,1.82
A,1.529
S,1.564
W,0.1734
L,0.5878
Q,1.212
P,0.5086
M,0.8586
A,1.386
P,0.08991
L,0.7605
Q,0.9358
I,0.531
A,1.086
D,0.5607
H,0.4599
T,0.4514
W,0.5528
Q,0.4229
I,0.08912
G,0.08916
T,0.2877
E,1.371
D,0.3941
L,0.4086
T,0.5139
A,0.4694
L,0.615
L,0.1383
V,0.5186
Q,0.5301
T,0.339
P,1.361
D,1.684
G,0.1704
A,0.3994
V,0.5216
L,0.1194
L,0.4861
D,0.08946
G,0.637
G,0.4281
M,0.7199
P,1.105
Q,1.033
M,0.4285
A,0.405
S,1.367
H,1.414
L,0.2633
L,0.921
D,0.9664
N,0.2068
M,0.2749
K,1.313
A,1.388
R,0.3565
G,0.09107
V,0.3393
T,1.516
P,1.146
R,2.05
D,0.2731
L,0.4085
R,0.4515
L,1.166
I,0.3239
L,0.4344
L,0.6587
S,0.2125
H,0.08916
A,0.2051
H,0.08912
A,2.007
D,0.08912
H,0.08912
A,0.4732
G,0.2103
P,0.3455
V,0.773
A,0.2034
E,1.028
L,0.6305
K,0.4647
R,1.013
R,0.9642
T,0.2512
G,0.3511
A,0.08913
K,1.512
V,0.6761
A,1.109
A,0.4885
N,0.3436
A,1.209
E,1.156
S,0.3349
A,0.5935
V,2.001
L,0.7444
L,0.5001
A,0.8207
R,1.081
G,0.08993
G,0.9898
S,1.109
D,0.5671
D,0.4048
L,0.3764
H,1.704
F,1.413
G,1.463
D,1.371
G,2.949
I,2.077
T,1.758
Y,0.9082
P,1.096
P,1.14
A,0.4266
N,1.442
A,0.9976
D,0.439
R,0.8592
I,1.432
V,0.8696
M,1.58
D,0.3803
G,0.5544
E,0.9045
V,1.398
I,0.7367
T,1.783
V,0.7122
G,0.2353
G,1.824
I,1.223
V,1.413
F,0.9485
T,0.4722
A,0.3701
H,0.6511
F,0.9507
M,0.0893
A,0.1607
G,0.0967
H,0.08912
T,0.1263
P,0.7877
G,0.08929
S,0.3574
T,0.3928
A,0.2126
W,0.3698
T,0.5739
W,0.7656
T,1.643
D,0.3082
T,0.413
R,1.139
N,1.746
G,1.487
K,1.266
P,1.037
V,1.384
R,1.333
I,0.5246
A,0.3862
Y,0.3652
A,0.5152
D,0.2271
S,0.08913
L,0.8326
S,0.4855
A,0.4691
P,0.4224
G,0.7822
Y,0.4032
Q,0.5965
L,0.6209
Q,0.8627
G,0.926
N,0.5297
P,1.339
R,1.069
Y,0.4934
P,0.4356
H,1.741
L,0.55
I,0.6562
E,1.188
D,0.5619
Y,0.7461
R,0.679
R,1.914
S,0.5263
F,0.7537
A,1.11
T,1.422
V,0.6888
R,0.9222
A,1.145
L,0.7644
P,1.393
C,0.2473
D,0.1141
V,0.6324
L,0.4461
L,0.7104
T,0.43
P,0.5262
H,0.08912
P,0.3324
G,1.007
A,0.9695
S,0.3864
N,1.625
W,0.9685
D,1.77
Y,1.988
A,0.3588
A,1.185
G,1.208
A,2.086
R,1.31
A,0.5784
G,0.8372
A,1.145
K,0.5563
A,1.238
L,2.095
T,0.6086
C,0.231
K,1.266
A,1.753
Y,0.8924
A,0.4224
D,1.544
A,2.114
A,0.9258
E,1.331
Q,2.843
K,1.759
F,0.378
D,1.341
G,2.112
Q,0.6938
L,0.4659
A,0.8961
K,1.974
E,0.3286
T,1.434
A,1.895
G,2.291
