"pdb_aa","rate"
S,2.101
I,0.8997
D,1.377
N,0.9572
C,0.6637
A,1.086
V,1.687
G,0.7282
C,0.7612
P,0.147
T,0.8346
G,0.9348
G,0.8695
S,0.7528
S,0.7887
N,0.9449
V,1.015
S,0.7119
I,0.4986
V,0.9822
R,0.1892
H,1.302
A,0.5563
Y,0.2614
T,0.2947
L,0.4142
N,0.2169
N,0.2107
N,0.2028
S,1.019
T,1.795
T,0.5225
K,0.2693
F,0.4335
A,0.1584
N,0.4065
W,0.0425
V,0.09763
A,0.1906
Y,0.1193
H,1.011
I,0.2875
T,0.4738
K,1.272
D,1.891
T,0.7246
P,1.074
A,0.7629
S,1.107
G,0.9709
K,0.547
T,0.7962
R,0.3503
N,1.531
W,0.05455
K,1.22
T,1.029
D,0.07151
P,0.6305
A,1.031
L,0.5182
N,1.272
P,0.9419
A,1.478
D,0.8434
T,0.2416
L,0.2519
A,0.7191
P,0.6193
A,1.116
D,0.176
Y,0.06305
T,1.208
G,1.24
A,0.0979
N,0.5399
A,1.328
A,1.152
L,0.487
K,1.285
V,0.5178
D,0.03301
R,0.07526
G,0.0331
H,0.03198
Q,0.2169
A,0.1295
P,0.07852
L,0.1042
A,0.2402
S,0.2235
L,0.3087
A,0.532
G,0.6278
V,0.5797
S,2.234
D,0.4367
W,0.2777
E,1.78
S,0.6461
L,0.1777
N,0.033
Y,0.5713
L,0.2799
S,0.1005
N,0.03195
I,0.1545
T,0.1698
P,0.03411
Q,0.03202
K,1.009
S,0.505
D,1.16
L,0.1832
N,0.03195
Q,0.2932
G,0.3253
A,0.6545
W,0.04243
A,0.4709
R,1.104
L,0.1132
E,0.03211
D,0.8203
Q,0.6243
E,0.4409
R,0.03355
K,1.782
L,0.624
I,0.3388
D,1.147
R,1.263
A,1.658
D,1.326
I,1.226
S,1.402
S,1.182
V,0.5272
Y,0.6122
T,0.1727
V,0.4272
T,0.1777
G,0.03549
P,0.2009
L,0.467
Y,0.6267
E,0.936
R,1.203
D,1.392
M,0.5792
G,1.317
K,1.273
L,0.6583
P,0.824
G,1.34
T,0.7753
Q,1.113
K,0.6057
A,1.296
H,0.2867
T,1.094
I,0.2241
P,0.03263
S,0.6143
A,0.6453
Y,0.2726
W,0.4823
K,0.0495
V,0.3892
I,0.5328
F,0.8886
I,0.7903
N,1.209
N,1.422
S,1.172
P,0.6543
A,1.243
V,2.769
N,0.9964
H,0.928
Y,0.5337
A,0.2885
A,0.193
F,0.1692
L,0.5167
F,0.5752
D,0.7158
Q,0.1237
N,1.626
T,0.8713
P,1.012
K,0.9215
G,1.588
A,0.8729
D,1.047
F,0.6537
C,0.9676
Q,1.464
F,0.6745
R,0.7402
V,0.3628
T,0.4329
V,0.4793
D,0.801
E,0.8952
I,0.4278
E,0.1327
K,1.446
R,0.6699
T,0.276
G,0.5446
L,0.3421
I,0.5853
I,0.3743
W,0.3835
A,0.6886
G,2.171
L,0.3393
P,0.7337
D,1.063
D,2.184
V,1.61
Q,0.5333
A,1.93
S,2.131
L,0.7563
K,0.2176
S,0.8965
K,1.789
P,2.221
G,1.242
V,1.737
L,1.243
P,1.321
E,1.089
L,1.697
M,1.043
G,0.7829
C,0.6687
K,2.667
N,2.219
