"pdb_aa","rate"
D,2.998
E,2.592
I,-0.183
T,0.4066
F,1.484
S,0.3987
D,-0.3326
Y,0.3533
L,0.4108
G,0.3122
L,0.0753
M,0.1652
T,0.2714
C,-0.1424
V,0.3664
Y,-0.2197
E,-0.4494
W,-0.9166
A,-1.001
D,-0.5232
S,-1.005
Y,-0.6796
D,-1.211
S,0.06045
K,-1.129
D,-1.01
W,-0.6102
D,2.502
R,-0.909
L,-1.163
R,0.6147
K,1.243
V,-0.372
I,-0.2598
A,-1.092
P,-1.015
T,-0.05278
L,-0.4894
R,0.2713
I,-0.6496
D,-1.068
Y,-1.143
R,-0.3241
S,0.7459
F,-0.6511
L,-0.09068
D,0.1401
K,1.08
L,1.602
W,0.446
E,-0.04625
A,0.1515
M,-0.9065
P,-0.01105
A,-0.8372
E,0.7218
E,0.1766
F,-0.4151
V,0.09575
G,0.5426
M,-0.6685
V,-0.1099
S,-0.8799
S,0.2577
K,0.8109
Q,1.478
V,-0.3848
L,-0.9206
G,-1.216
D,-0.7205
P,0.5255
T,0.466
L,-0.4301
R,0.01266
T,-1.194
Q,-1.213
H,-1.22
F,-0.273
I,-0.04437
G,-1.097
G,-0.3935
T,-0.2195
R,0.03432
W,0.2159
E,0.08885
K,0.4159
V,0.2813
S,-0.6276
E,0.6177
D,0.7636
E,0.5985
V,-0.6852
I,0.2007
G,-0.7871
Y,1.072
H,-0.7749
Q,-1.22
L,-0.715
R,-1.148
V,-1.176
P,-0.8745
H,-1.218
Q,-0.7312
R,-0.5948
Y,-0.2355
K,0.3857
D,-0.6891
T,1.348
T,0.8742
M,0.8722
K,1.455
E,1.879
V,-1.004
T,0.9625
M,0.4971
K,-0.2942
G,-0.9275
H,-1.039
A,-0.3255
H,-1.006
S,-0.853
A,0.5455
N,-0.6803
L,0.07604
H,-0.3937
W,1.023
Y,-0.7489
K,1.023
K,-0.4421
I,-0.1221
D,-0.09214
G,-0.9325
V,0.4446
W,-1.187
K,-0.999
F,-0.5824
A,-0.9721
G,-0.9136
L,-0.6329
K,1.147
P,-1.063
D,2.149
I,-0.6079
R,-0.2098
W,0.2528
G,0.9325
E,-1.1
F,0.986
D,-0.4359
F,-0.1076
D,0.5563
R,0.423
I,-0.535
F,-0.8546
E,1.142
D,1.538
G,0.9265
R,0.8745
E,2.62
T,4.675
F,3.028
G,1.729
