"pdb_aa","rate"
D,2.033
E,1.842
I,0.5381
T,0.8151
F,1.321
S,0.8114
D,0.4678
Y,0.79
L,0.817
G,0.7707
L,0.6594
M,0.7017
T,0.7516
C,0.5571
V,0.7962
Y,0.5208
E,0.4129
W,0.1934
A,0.1538
D,0.3782
S,0.1517
Y,0.3047
D,0.05526
S,0.6524
K,0.09352
D,0.1496
W,0.3373
D,1.8
R,0.1969
L,0.0774
R,0.9128
K,1.208
V,0.4492
I,0.502
A,0.1109
P,0.1472
T,0.5992
L,0.3941
R,0.7515
I,0.3188
D,0.1221
Y,0.08692
R,0.4717
S,0.9745
F,0.3181
L,0.5814
D,0.6899
K,1.131
L,1.377
W,0.8336
E,0.6023
A,0.6952
M,0.1981
P,0.6189
A,0.2307
E,0.9632
E,0.707
F,0.429
V,0.669
G,0.879
M,0.3099
V,0.5724
S,0.2106
S,0.7451
K,1.005
Q,1.318
V,0.4432
L,0.1915
G,0.05252
D,0.2855
P,0.8709
T,0.843
L,0.4219
R,0.63
T,0.06319
Q,0.05426
H,0.05073
F,0.4958
I,0.6032
G,0.1086
G,0.4392
T,0.5209
R,0.6402
W,0.7255
E,0.6658
K,0.8195
V,0.7562
S,0.3291
E,0.9143
D,0.9828
E,0.9053
V,0.3021
I,0.7183
G,0.2542
Y,1.128
H,0.2599
Q,0.05081
L,0.2881
R,0.08469
V,0.07169
P,0.2131
H,0.05153
Q,0.2805
R,0.3446
Y,0.5134
K,0.8053
D,0.3003
T,1.257
T,1.035
M,1.034
K,1.308
E,1.507
V,0.1525
T,1.076
M,0.8576
K,0.4858
G,0.1882
H,0.1361
A,0.4711
H,0.1513
S,0.2233
A,0.8803
N,0.3044
L,0.6598
H,0.4391
W,1.105
Y,0.2722
K,1.105
K,0.4163
I,0.5667
D,0.5807
G,0.1859
V,0.8329
W,0.0665
K,0.1547
F,0.3504
A,0.1673
G,0.1948
L,0.3267
K,1.163
P,0.1245
D,1.634
I,0.3384
R,0.5255
W,0.7428
G,1.062
E,0.1073
F,1.087
D,0.4192
F,0.5735
D,0.8854
R,0.8228
I,0.3727
F,0.2225
E,1.161
D,1.347
G,1.059
R,1.035
E,1.855
T,2.821
F,2.047
G,1.436
