"pdb_aa","rate"
S,0.8907
R,0.2013
G,0.02724
E,0.01862
R,0.0299
S,0.6102
F,0.6859
D,0.006172
I,0.01375
Y,0.2894
S,0.004592
R,0.01719
L,0.06289
L,0.04465
K,0.1275
E,0.2466
R,0.02921
V,0.3821
I,0.5132
F,0.1571
L,0.8795
T,0.3841
G,0.365
Q,1.148
V,0.2865
E,0.4383
D,0.1101
H,1.368
M,0.5694
A,0.05305
N,0.1371
L,0.7144
I,0.644
V,0.3401
A,0.014
Q,0.006164
M,0.8219
L,0.07887
F,0.06623
L,0.00934
E,0.1215
A,0.3136
E,0.2138
N,0.1742
P,0.1894
E,0.6409
K,0.08711
D,0.08753
I,0.05199
Y,1.19
L,0.8626
Y,0.01024
I,0.03291
N,0.005119
S,0.004585
P,0.008617
G,0.009611
G,0.009611
V,0.3171
I,0.1927
T,0.1706
A,0.2117
G,0.02714
M,0.6898
S,0.3636
I,0.08135
Y,0.2292
D,0.006163
T,0.01312
M,0.0459
Q,0.3759
F,0.338
I,0.2612
K,0.3818
P,0.418
D,0.7247
V,0.1839
S,0.2834
T,0.00493
I,0.5418
C,0.03095
M,0.886
G,0.009611
Q,0.311
A,0.005241
A,0.1825
S,0.004585
M,0.05699
G,0.1665
A,0.2708
F,0.8444
L,0.04412
L,0.00934
T,0.9838
A,0.5493
G,0.009611
A,0.675
K,1.277
G,0.1808
K,0.03343
R,0.006266
F,2.016
C,0.6858
L,0.1003
P,0.1246
N,0.3073
S,0.4776
R,0.1655
V,0.7158
M,0.01479
I,0.1108
H,0.005707
Q,0.006164
P,0.07586
L,0.526
G,0.009611
G,0.09973
Y,0.8429
Q,0.4968
G,0.009611
Q,0.02852
A,0.09243
T,0.4765
D,0.09865
I,0.1139
E,0.7643
I,0.01373
H,0.2779
A,0.173
R,1.343
E,0.164
I,0.1133
L,0.6708
K,1.583
V,1.128
K,0.4137
G,2.789
R,1.506
M,0.4537
N,0.09011
E,2.85
L,0.7807
M,0.6922
A,0.5561
L,2.072
H,0.2837
T,0.2778
G,0.2464
Q,0.5657
S,2.029
L,2.65
E,1.131
Q,1.856
I,0.5078
E,1.555
R,2.049
D,0.07531
T,0.1266
E,0.4881
R,0.01728
D,0.01689
R,0.7697
F,0.142
L,0.4402
S,0.7602
A,0.4164
P,2.849
E,1.327
A,0.2006
V,2.07
E,2.728
Y,0.06926
G,0.0275
L,0.5632
V,0.6501
D,0.006192
S,2.849
I,0.306
L,1.346
T,2.655
H,2.785
R,0.4481
N,5.223
