"pdb_aa","rate"
S,0.4699
R,-0.4386
G,-0.668
E,-0.6793
R,-0.6644
S,0.1002
F,0.2
D,-0.6957
I,-0.6857
Y,-0.3225
S,-0.6978
R,-0.6812
L,-0.621
L,-0.645
K,-0.5358
E,-0.3789
R,-0.6654
V,-0.2004
I,-0.02763
F,-0.4968
L,0.4551
T,-0.1977
G,-0.2229
Q,0.8092
V,-0.3263
E,-0.1263
D,-0.5587
H,1.099
M,0.04641
A,-0.6339
N,-0.5232
L,0.2376
I,0.1448
V,-0.2557
A,-0.6854
Q,-0.6957
M,0.3792
L,-0.5999
F,-0.6166
L,-0.6915
E,-0.5437
A,-0.2906
E,-0.4222
N,-0.4742
P,-0.4543
E,0.1407
K,-0.5891
D,-0.5885
I,-0.6353
Y,0.8637
L,0.4328
Y,-0.6904
I,-0.6605
N,-0.6971
S,-0.6978
P,-0.6925
G,-0.6912
G,-0.6912
V,-0.286
I,-0.45
T,-0.4791
A,-0.4248
G,-0.6681
M,0.2051
S,-0.2248
I,-0.5967
Y,-0.4018
D,-0.6957
T,-0.6866
M,-0.6434
Q,-0.2085
F,-0.2585
I,-0.3596
K,-0.2008
P,-0.153
D,0.2511
V,-0.4615
S,-0.3305
T,-0.6974
I,0.01013
C,-0.6631
M,0.4637
G,-0.6912
Q,-0.294
A,-0.6969
A,-0.4634
S,-0.6978
M,-0.6288
G,-0.4844
A,-0.347
F,0.4088
L,-0.6457
L,-0.6915
T,0.5925
A,0.01999
G,-0.6912
A,0.1856
K,0.9785
G,-0.4656
K,-0.6598
R,-0.6956
F,1.952
C,0.1999
L,-0.5717
P,-0.5396
N,-0.2989
S,-0.07448
R,-0.4858
V,0.2394
M,-0.6844
I,-0.5578
H,-0.6963
Q,-0.6957
P,-0.6039
L,-0.01068
G,-0.6912
G,-0.5724
Y,0.4069
Q,-0.04921
G,-0.6912
Q,-0.6663
A,-0.582
T,-0.07599
D,-0.5739
I,-0.5537
E,0.3033
I,-0.6858
H,-0.3376
A,-0.4759
R,1.066
E,-0.4877
I,-0.5545
L,0.18
K,1.382
V,0.7826
K,-0.1587
G,2.972
R,1.281
M,-0.106
N,-0.5851
E,3.051
L,0.3249
M,0.2082
A,0.02894
L,2.027
H,-0.33
T,-0.3378
G,-0.3792
Q,0.04165
S,1.97
L,2.788
E,0.7866
Q,1.742
I,-0.03476
E,1.346
R,1.996
D,-0.6046
T,-0.537
E,-0.06071
R,-0.6811
D,-0.6816
R,0.3104
F,-0.5167
L,-0.1238
S,0.2978
A,-0.1551
P,3.051
E,1.045
A,-0.4394
V,2.024
E,2.891
Y,-0.6126
G,-0.6676
L,0.03827
V,0.1528
D,-0.6957
S,3.05
I,-0.3007
L,1.069
T,2.794
H,2.966
R,-0.1134
N,6.178
