"pdb_aa","rate"
M,0.7006
D,1.177
K,0.07414
N,1.238
A,1.667
L,0.9515
R,0.0523
K,0.8367
Q,2.107
I,1.003
L,0.9707
Q,1.872
K,0.9568
R,0.06288
M,1.283
A,1.44
L,0.7263
S,0.8323
T,3.399
I,1.623
E,1.274
K,1.366
S,3.454
H,3.222
L,1.709
D,0.4332
Q,2.061
K,1.666
I,0.2891
N,2.041
Q,2.404
K,1.698
L,0.9766
V,1.514
A,3.405
F,1.288
L,1.354
T,2.727
P,1.651
K,2.397
P,1.961
C,0.877
I,0.8308
K,1.087
T,1.111
I,0.492
A,0.5146
L,1.166
Y,0.2882
E,1.313
P,0.3968
I,0.8454
K,1.24
N,0.8248
E,0.05148
V,0.309
T,0.9954
F,0.3086
V,3.099
D,3.068
F,1.041
F,0.67
F,2.397
E,2.472
F,1.164
L,1.543
K,2.53
I,2.928
N,1.029
Q,0.3403
I,1.879
R,1.708
A,0.6875
V,1.521
Y,0.8412
P,0.08565
K,0.7936
V,0.6091
I,1.92
S,1.951
D,1.419
T,1.751
E,2.212
I,0.4698
I,2.046
F,0.71
I,1.448
D,2.413
Q,0.5963
E,2.009
T,1.913
N,1.852
T,1.511
F,1.796
E,0.06633
P,0.0858
N,1.96
Q,2.313
I,0.4326
D,0.3702
C,1.398
F,0.707
L,0.8392
I,0.4143
P,0.05306
L,0.5132
V,0.3621
G,0.4261
F,0.3782
N,0.3406
K,1.562
D,2.31
N,0.9709
Y,0.9299
R,0.05118
L,0.7038
G,0.0543
F,0.4562
G,0.0543
K,0.5733
G,0.07441
Y,0.603
Y,0.1088
D,0.05114
R,0.4634
Y,0.8413
L,0.2928
M,2.283
Q,1.999
L,1.826
T,1.587
R,3.435
Q,1.891
Q,1.435
P,1.936
K,0.5126
I,0.5271
G,0.1955
I,0.806
A,0.4402
Y,0.6728
S,0.8382
F,0.8653
Q,0.2413
K,0.8474
G,1.352
D,1.143
F,0.8009
L,1.386
A,1.858
D,1.062
P,1.773
W,1.016
D,0.05114
V,0.7977
Q,1.326
L,0.583
D,0.2462
L,3.347
I,0.4562
I,0.4289
N,0.3114
D,0.7561
E,1.428
