"pdb_aa","rate"
M,-0.5759
D,-0.008744
K,-1.323
N,0.06408
A,0.5754
L,-0.277
R,-1.349
K,-0.4138
Q,1.1
I,-0.215
L,-0.254
Q,0.8205
K,-0.2706
R,-1.336
M,0.1185
A,0.3049
L,-0.5453
S,-0.4191
T,2.641
I,0.5236
E,0.108
K,0.217
S,2.705
H,2.429
L,0.6262
D,-0.8947
Q,1.046
K,0.5748
I,-1.066
N,1.021
Q,1.454
K,0.613
L,-0.247
V,0.3933
A,2.647
F,0.1243
L,0.2022
T,1.839
P,0.5562
K,1.445
P,0.9258
C,-0.3657
I,-0.4208
K,-0.116
T,-0.08649
I,-0.8246
A,-0.7976
L,-0.02184
Y,-1.067
E,0.1534
P,-0.9381
I,-0.4034
K,0.06645
N,-0.428
E,-1.35
V,-1.043
T,-0.2246
F,-1.043
V,2.282
D,2.245
F,-0.1708
F,-0.6124
F,1.445
E,1.536
F,-0.02326
L,0.4285
K,1.604
I,2.079
N,-0.1848
Q,-1.005
I,0.8283
R,0.6244
A,-0.5916
V,0.4017
Y,-0.4084
P,-1.309
K,-0.4652
V,-0.6851
I,0.8771
S,0.9143
D,0.2801
T,0.6758
E,1.226
I,-0.851
I,1.027
F,-0.5648
I,0.3151
D,1.465
Q,-0.7003
E,0.9833
T,0.8691
N,0.7959
T,0.3901
F,0.729
E,-1.332
P,-1.309
N,0.9256
Q,1.346
I,-0.8953
D,-0.9697
C,0.2548
F,-0.5683
L,-0.4107
I,-0.9172
P,-1.348
L,-0.7993
V,-0.9794
G,-0.9031
F,-0.9603
N,-1.005
K,0.4507
D,1.342
N,-0.2538
Y,-0.3027
R,-1.35
L,-0.5722
G,-1.346
F,-0.8672
G,-1.346
K,-0.7278
G,-1.322
Y,-0.6923
Y,-1.281
D,-1.35
R,-0.8587
Y,-0.4083
L,-1.062
M,1.31
Q,0.9715
L,0.7655
T,0.4801
R,2.683
Q,0.8426
Q,0.2993
P,0.8965
K,-0.8001
I,-0.7827
G,-1.178
I,-0.4504
A,-0.8864
Y,-0.6091
S,-0.412
F,-0.3797
Q,-1.123
K,-0.401
G,0.2005
D,-0.04886
F,-0.4564
L,0.2408
A,0.8029
D,-0.1451
P,0.7023
W,-0.2002
D,-1.35
V,-0.4602
Q,0.1698
L,-0.7161
D,-1.118
L,2.578
I,-0.8673
I,-0.8998
N,-1.04
D,-0.5098
E,0.291
