"pdb_aa","rate"
S,2.677
H,2.472
M,0.3219
W,1.33
I,0.7573
G,0.3853
V,0.5076
I,0.5823
S,0.4607
L,0.2725
F,0.1356
P,0.05532
E,0.5447
M,0.1294
F,0.378
K,2.702
A,0.4746
I,0.905
T,0.9293
E,2.645
F,1.969
G,0.02038
V,0.3187
T,0.5028
G,0.7218
R,0.1741
A,0.05907
V,1.282
K,1.071
H,1.287
N,1.453
L,1.467
L,1.203
K,2.704
V,1.417
E,2.699
C,1.926
W,1.447
N,0.1575
P,0.08447
R,0.01508
D,0.6565
F,1.122
T,0.5168
F,2.379
D,0.2351
K,0.8089
H,0.2664
K,1.018
T,0.3942
V,0.1226
D,0.008038
D,0.1344
R,0.2321
P,0.1425
Y,0.4039
G,0.0115
G,0.0115
G,0.02519
P,0.1574
G,0.0115
M,0.02385
L,0.1987
M,0.06486
M,0.6905
V,0.7771
Q,0.8148
P,0.03815
L,0.237
R,1.221
D,1.575
A,0.193
I,0.355
H,2.701
T,1.469
A,0.342
K,1.177
A,2.701
A,2.09
A,1.43
G,1.344
E,2.693
G,4.683
A,1.016
K,1.021
V,0.3044
I,0.6645
Y,0.3484
L,0.3852
S,0.07238
P,0.01046
Q,0.09089
G,0.0115
R,1.162
K,1.536
L,0.5816
D,0.9533
Q,0.2576
G,2.689
G,1.305
V,0.4205
T,2.486
E,1.47
L,0.5428
A,0.7953
Q,2.702
N,2.622
Q,2.525
K,1.087
L,0.7672
I,0.5134
L,0.4933
V,0.7361
C,0.2411
G,0.07366
R,0.01472
Y,0.01216
E,0.07649
G,0.02477
I,0.4732
D,0.008038
E,0.09791
R,0.008132
L,0.759
I,0.4353
Q,1.534
T,1.749
E,1.664
I,0.4193
D,0.06573
E,0.4059
E,0.07546
W,0.8432
S,0.01899
I,0.4523
G,0.0115
D,0.02703
Y,0.4038
V,0.1014
L,0.1621
T,0.05858
G,0.02538
G,0.0115
E,0.008607
L,0.2495
P,0.5443
A,0.1005
M,0.1186
T,0.4885
L,0.9987
I,0.6483
D,0.008038
A,0.3752
V,0.618
A,0.9711
R,0.008132
F,0.7479
I,0.7283
P,0.1164
G,0.4052
V,0.2916
L,0.05798
G,0.2675
K,0.4242
Q,1.959
A,0.2057
E,2.213
E,0.7561
D,0.03785
S,0.009914
F,0.2106
A,0.8251
D,1.555
G,0.1276
L,0.1716
L,0.01122
D,0.05822
C,0.5445
P,0.06829
H,0.1508
Y,0.1522
T,0.02075
R,0.07128
P,0.0222
E,0.5734
V,1.894
L,1.168
E,1.546
G,0.6849
L,1.997
T,2.7
V,0.06697
P,0.01046
P,2.563
V,0.3442
L,0.01122
M,0.9835
S,0.2059
G,0.0115
H,0.5087
H,0.007626
E,1.064
E,1.896
I,0.06577
R,1.318
K,0.9383
W,0.02184
R,0.01506
L,0.9501
K,0.8712
Q,0.3069
S,0.4707
L,0.1901
Q,1.162
R,0.2579
T,0.006984
W,1.97
L,1.993
R,0.3323
R,0.05893
P,0.2572
E,0.3865
L,0.2178
L,0.4086
E,1.584
G,2.701
L,1.269
A,2.217
L,0.2056
T,0.7247
D,2.219
E,1.01
Q,0.5407
R,1.9
K,2.696
L,0.5228
L,0.1735
K,2.281
E,1.034
A,1.419
Q,1.77
A,2.688
E,0.8341
H,2.699
N,4.017
S,4.7
L,4.7
E,4.7
H,4.031
H,4.692
