"pdb_aa","rate"
S,3.02
K,2.354
W,3.684
D,0.4097
Q,1.828
K,3.293
G,0.2658
M,-0.1666
D,1.367
I,0.07269
A,-0.9126
Y,0.8143
E,0.8269
E,-0.4557
A,-0.9204
A,0.7276
L,1.338
G,-0.4913
Y,1.122
K,1.828
E,-0.4016
G,-0.7367
G,-0.8821
V,-0.5305
P,-0.8889
I,-0.8459
G,-0.9051
G,-0.7389
C,-0.5145
L,-0.5409
I,-0.5928
N,1.135
N,0.6806
K,0.8076
D,0.629
G,-0.1921
S,1.847
V,-0.5422
L,-0.3658
G,-0.4286
R,0.03378
G,-0.8826
H,-0.5035
N,-0.9229
M,-0.09479
R,-0.9172
F,-0.5177
Q,-0.9221
K,0.896
G,0.7648
S,-0.8166
A,-0.2102
T,-0.4758
L,0.2811
H,-0.9192
G,-0.3991
E,-0.9215
I,-0.688
S,-0.433
T,-0.6217
L,-0.5909
E,-0.4805
N,-0.2111
C,-0.6765
G,-0.8417
R,-0.8878
L,-0.1721
E,0.2897
G,-0.3349
K,0.7571
V,-0.1776
Y,-0.8271
K,0.1547
D,0.65
T,-0.1648
T,-0.4198
L,-0.5678
Y,-0.7797
T,-0.8717
T,-0.8709
L,-0.8841
S,-0.8738
P,-0.9091
C,-0.9164
D,0.2942
M,-0.8759
C,-0.9164
T,-0.556
G,-0.9053
A,-0.7157
I,-0.5086
I,-0.1784
M,-0.7789
Y,-0.7695
G,-0.09868
I,-0.8023
P,-0.1202
R,-0.2483
C,-0.6691
V,-0.5128
V,-0.03761
G,-0.8613
E,-0.8837
N,-0.5935
V,1.845
N,-0.4337
F,-0.7141
K,1.26
S,-0.6862
K,0.813
G,-0.1491
E,-0.6023
K,1.342
Y,0.08044
L,-0.7755
Q,0.1497
T,0.4299
R,0.0496
G,-0.69
H,-0.5504
E,0.655
V,-0.3473
V,0.4197
V,-0.1427
V,0.2879
D,0.1733
D,-0.05767
E,3.734
R,1.114
C,-0.6997
K,0.906
K,1.862
I,0.2549
M,-0.7524
K,1.85
Q,1.852
F,-0.6044
I,-0.5806
D,1.851
E,1.8
R,0.9222
P,-0.6553
Q,1.852
D,-0.1703
W,-0.8682
F,0.1501
E,-0.7818
D,-0.9054
I,-0.8749
G,-0.6873
E,0.6935
