"pdb_aa","rate"
S,3.658
K,3.043
W,4.272
D,1.245
Q,2.556
K,3.911
G,1.112
M,0.7122
D,2.131
I,0.9335
A,0.02239
Y,1.619
E,1.631
E,0.4449
A,0.01518
A,1.539
L,2.104
G,0.4119
Y,1.903
K,2.557
E,0.4949
G,0.1851
G,0.05066
V,0.3758
P,0.04433
I,0.08406
G,0.02935
G,0.183
C,0.3905
L,0.3661
I,0.3181
N,1.916
N,1.496
K,1.613
D,1.448
G,0.6886
S,2.574
V,0.3649
L,0.5281
G,0.47
R,0.8975
G,0.05011
H,0.4007
N,0.01292
M,0.7786
R,0.01816
F,0.3876
Q,0.01366
K,1.695
G,1.573
S,0.1111
A,0.6719
T,0.4263
L,1.126
H,0.01632
G,0.4972
E,0.01417
I,0.2301
S,0.4659
T,0.2914
L,0.3199
E,0.422
N,0.6711
C,0.2407
G,0.08797
R,0.04532
L,0.7072
E,1.134
G,0.5566
K,1.566
V,0.702
Y,0.1015
K,1.009
D,1.467
T,0.7139
T,0.4781
L,0.3412
Y,0.1453
T,0.06025
T,0.06093
L,0.04879
S,0.05828
P,0.02564
C,0.0189
D,1.138
M,0.05632
C,0.0189
T,0.3522
G,0.0292
A,0.2045
I,0.396
I,0.7013
M,0.146
Y,0.1547
G,0.775
I,0.1244
P,0.7552
R,0.6366
C,0.2475
V,0.3921
V,0.8315
G,0.06984
E,0.04917
N,0.3175
V,2.572
N,0.4652
F,0.206
K,2.031
S,0.2317
K,1.618
G,0.7284
E,0.3093
K,2.108
Y,0.9406
L,0.1492
Q,1.005
T,1.264
R,0.9121
G,0.2283
H,0.3574
E,1.472
V,0.5451
V,1.254
V,0.7343
V,1.132
D,1.026
D,0.8129
E,4.319
R,1.896
C,0.2193
K,1.704
K,2.588
I,1.102
M,0.1705
K,2.577
Q,2.579
F,0.3074
I,0.3294
D,2.578
E,2.531
R,1.719
P,0.2603
Q,2.579
D,0.7088
W,0.0635
F,1.005
E,0.1434
D,0.02907
I,0.05729
G,0.2307
E,1.508
