"pdb_aa","rate"
P,1.195
V,1.124
D,0.7329
V,0.6702
A,0.5279
F,0.1966
G,1.154
R,0.8881
N,0.3884
Y,0.5282
V,0.8488
P,0.6355
T,0.2808
W,0.188
A,0.1877
F,0.9164
D,0.6366
H,0.09103
I,0.4305
K,0.6949
Y,0.4614
F,1.074
N,0.7822
G,0.5374
G,0.09934
N,1.191
E,0.8715
I,0.428
Q,0.3741
L,0.09503
H,0.6713
L,0.05753
D,0.03054
K,0.7112
Y,1.205
T,0.07552
G,0.03331
T,0.1052
G,0.05906
F,0.07394
Q,0.4649
S,0.05028
K,0.3795
G,0.8028
S,0.4669
Y,0.1971
L,0.3442
F,0.2891
G,0.07413
H,0.3839
F,0.1917
S,0.2281
M,0.2169
Q,0.4061
M,0.4128
K,0.04238
L,0.1182
V,0.1333
P,0.485
G,0.1118
D,0.06358
S,0.01299
A,0.006489
G,0.009485
T,0.03482
V,0.006502
T,0.04856
A,0.224
F,0.3667
Y,0.06414
L,0.1632
S,0.1967
S,0.0297
Q,0.7875
N,0.1452
S,1.049
E,0.7877
H,0.1228
D,0.02048
E,0.007379
I,0.09383
D,0.006995
F,0.1815
E,0.007379
F,0.009606
L,0.009273
G,0.009485
N,0.00643
R,0.4926
T,0.1883
G,0.03402
Q,0.4823
P,0.00871
Y,0.06418
I,0.3755
L,0.4202
Q,0.01965
T,0.01486
N,0.008623
V,0.3573
F,0.4868
T,0.4312
G,0.2628
G,0.009485
K,0.4004
G,0.04658
D,0.6093
R,0.1229
E,0.007379
Q,0.07962
R,0.03073
I,0.1948
Y,0.5955
L,0.09591
W,0.01751
F,0.04743
D,0.02082
P,0.00871
T,0.1216
K,0.7318
E,0.5404
F,0.2516
H,0.006729
Y,0.2638
Y,0.02082
S,0.1432
V,0.3917
L,0.5194
W,0.01751
N,0.09765
M,0.6492
Y,0.8363
M,0.5074
I,0.1842
V,0.369
F,0.2604
L,0.7942
V,0.07351
D,0.01096
D,0.6282
V,0.4531
P,0.05273
I,0.1212
R,0.007057
V,0.2533
F,0.3062
K,0.4082
N,0.03178
C,0.9945
K,0.3288
D,0.7912
L,1.751
G,0.0984
V,0.4874
K,0.894
F,0.5449
P,0.05261
F,0.5555
N,1.158
Q,0.07918
P,0.514
M,0.009464
K,0.4088
I,0.5457
Y,0.359
S,0.1496
S,0.08021
L,0.205
W,0.01751
N,0.1825
A,0.06463
D,0.139
D,0.3023
W,0.01751
A,0.006489
T,0.006346
R,0.2243
G,0.03442
G,0.01931
L,0.4065
E,0.1813
K,0.02473
T,0.1427
D,0.1508
W,0.04171
S,0.527
K,0.8645
A,0.129
P,0.00871
F,0.009606
I,0.6686
A,0.0789
S,0.3006
Y,0.285
R,0.4772
S,0.4169
F,0.2378
H,0.7705
I,0.3476
D,0.7407
G,0.2942
C,0.1026
E,1.108
A,1.375
S,0.4579
V,0.8749
E,0.9558
A,1.186
K,0.757
F,0.6772
C,0.9174
A,0.8469
T,0.7197
Q,0.9684
G,0.9933
A,1.287
R,1.396
W,0.2695
W,1.004
D,0.646
Q,0.7832
K,1.097
E,1.019
F,1.041
Q,0.7072
D,0.8927
L,0.2153
D,0.3984
A,1.151
F,1.364
Q,0.6346
Y,0.6854
R,0.8377
R,0.5858
L,0.4371
S,0.9886
W,0.3664
V,0.08587
R,0.2351
Q,1.084
K,0.354
Y,0.5731
T,0.1956
I,0.3193
Y,0.009997
N,0.1283
Y,0.009997
C,0.01055
T,0.7861
D,0.01098
R,1.23
S,0.8457
R,0.01123
Y,0.492
P,0.3653
S,0.694
M,1.358
P,0.1812
P,1.553
E,0.03328
C,0.03886
K,1.756
R,1.286
D,1.01
R,0.7158
D,0.8088
I,1.74
