"pdb_aa","rate"
M,0.7925
K,1.119
K,1.411
I,0.5683
L,0.1213
L,0.4117
L,0.4676
N,0.1206
G,0.008638
P,0.05142
N,0.004622
L,0.08828
N,0.004622
M,0.3077
L,0.008361
G,0.008603
K,0.9728
R,0.005624
E,0.02805
P,0.03653
H,2.013
I,0.8621
Y,0.00916
G,0.008603
S,1.472
Q,1.316
T,0.1962
L,0.02341
S,2.003
D,0.9745
I,0.1622
E,0.7844
Q,2.848
H,2.847
L,0.4188
Q,2.821
Q,2.85
S,1.996
A,0.2243
Q,5.087
A,2.85
Q,1.531
G,1.225
Y,1.166
E,2.85
L,0.8091
D,2.834
Y,1.193
F,1.253
Q,0.005534
A,0.09356
N,0.004604
G,0.3545
E,0.006069
E,0.7548
S,1.171
L,0.2824
I,0.4064
N,0.9995
R,0.6189
I,0.3333
H,0.2707
Q,1.141
A,0.2402
F,1.154
Q,2.848
N,1.641
T,0.9393
D,0.7341
F,1.08
I,0.207
I,0.6185
I,0.1547
N,0.004604
P,0.1055
G,0.2284
A,0.1112
F,0.7533
T,0.0363
H,0.005127
T,0.01981
S,0.004129
V,0.285
A,0.06484
I,0.6929
R,0.005624
D,0.005533
A,0.01242
L,0.2662
L,0.509
A,0.6308
V,0.1945
S,1.329
I,0.3614
P,0.06737
F,0.1431
I,0.3207
E,0.006069
V,0.3523
H,0.005127
L,0.4153
S,0.06366
N,0.004604
V,0.3996
H,0.2583
A,0.6208
R,0.005624
E,0.02804
P,1.636
F,0.05904
R,0.005624
H,0.6134
H,0.1831
S,0.004129
Y,0.2924
L,0.6922
S,0.08651
D,0.06776
V,1.046
A,0.02119
K,2.011
G,0.2366
V,0.1302
I,0.1421
C,0.7362
G,0.008603
L,0.5364
G,0.0241
A,0.6654
K,1.996
G,0.176
Y,0.02579
D,1.972
Y,1.197
A,0.03888
L,0.3859
D,1.81
F,0.6726
A,0.4007
I,1.505
S,2.849
E,2.031
L,1.311
Q,2.846
K,2.856
I,2.879
