"pdb_aa","rate"
M,0.04478
K,0.3995
K,0.7174
I,-0.1989
L,-0.6847
L,-0.3691
L,-0.3084
N,-0.6854
G,-0.8071
P,-0.7606
N,-0.8115
L,-0.7206
N,-0.8115
M,-0.4821
L,-0.8074
G,-0.8072
K,0.2407
R,-0.8104
E,-0.786
P,-0.7768
H,1.371
I,0.1205
Y,-0.8066
G,-0.8072
S,0.7836
Q,0.6134
T,-0.6033
L,-0.7911
S,1.36
D,0.2426
I,-0.6403
E,0.036
Q,2.279
H,2.278
L,-0.3613
Q,2.25
Q,2.281
S,1.352
A,-0.5727
Q,4.712
A,2.281
Q,0.8478
G,0.5146
Y,0.451
E,2.281
L,0.06287
D,2.263
Y,0.4796
F,0.5455
Q,-0.8105
A,-0.7148
N,-0.8115
G,-0.4313
E,-0.8099
E,0.003856
S,0.4564
L,-0.5096
I,-0.3748
N,0.2698
R,-0.1439
I,-0.4543
H,-0.5224
Q,0.4235
A,-0.5555
F,0.4372
Q,2.279
N,0.9673
T,0.2043
D,-0.01865
F,0.3571
I,-0.5916
I,-0.1443
I,-0.6484
N,-0.8115
P,-0.7018
G,-0.5683
A,-0.6957
F,0.002144
T,-0.7771
H,-0.811
T,-0.795
S,-0.812
V,-0.5068
A,-0.7461
I,-0.06351
R,-0.8104
D,-0.8105
A,-0.803
L,-0.5272
L,-0.2634
A,-0.1309
V,-0.6051
S,0.6277
I,-0.4237
P,-0.7433
F,-0.661
I,-0.468
E,-0.8099
V,-0.4336
H,-0.811
L,-0.3652
S,-0.7473
N,-0.8115
V,-0.3823
H,-0.5358
A,-0.1418
R,-0.8104
E,-0.7861
P,0.9611
F,-0.7524
R,-0.8104
H,-0.1499
H,-0.6175
S,-0.812
Y,-0.4988
L,-0.06423
S,-0.7225
D,-0.7429
V,0.3206
A,-0.7935
K,1.369
G,-0.5594
V,-0.675
I,-0.6621
C,-0.01643
G,-0.8072
L,-0.2335
G,-0.7903
A,-0.09336
K,1.353
G,-0.6253
Y,-0.7885
D,1.326
Y,0.4841
A,-0.7743
L,-0.3972
D,1.15
F,-0.08552
A,-0.381
I,0.8193
S,2.28
E,1.391
L,0.6084
Q,2.276
K,2.287
I,2.312
