"pdb_aa","rate"
T,0.5703
K,-0.5383
E,-0.9398
Q,0.5728
R,-0.08393
I,-0.4352
L,-0.1517
R,1.745
Y,0.6252
V,-1.118
Q,1.431
Q,1.18
N,0.3039
A,-0.86
K,0.6773
P,0.8357
G,-0.9296
D,-0.6562
P,-0.3075
Q,0.3283
S,-0.7602
V,-0.6999
L,0.06114
E,1.109
A,-0.2016
I,-0.6168
D,-1.16
T,1.802
Y,0.01643
C,-0.4315
T,1.491
Q,1.683
K,1.749
E,0.06473
W,1.808
A,-0.578
M,-0.8551
N,-0.7834
V,-0.4465
G,-1.146
D,-0.08188
A,0.2776
K,-1.317
G,-1.061
Q,3.392
I,-0.2922
M,-0.2748
D,-0.608
A,0.3905
V,-0.2465
I,-0.5224
R,1.481
E,-0.2515
Y,0.7572
S,1.101
P,-1.098
S,1.548
L,0.4941
V,-0.1938
L,-0.7601
E,-1.34
L,-0.7372
G,-1.34
A,-0.7643
Y,-0.8325
C,-0.2782
G,-1.34
Y,-1.308
S,-1.323
A,-1.162
V,-0.5919
R,-0.8402
M,-0.5564
A,-0.9036
R,-0.5256
L,-0.1051
L,-0.7369
Q,-0.01318
P,0.7121
G,1.62
A,-0.4664
R,-0.1236
L,-0.3809
L,1.579
T,-1.144
M,-0.06521
E,-1.338
M,1.414
N,-0.5823
P,0.381
D,1.176
Y,-0.04459
A,-1.163
A,0.7541
I,-0.6554
T,-1.108
Q,-0.08047
Q,0.5368
M,-0.273
L,-0.5846
N,0.7464
F,-0.6011
A,-1.341
G,-1.339
L,-0.8802
Q,-0.1117
D,-0.5154
K,-0.1016
V,-0.7345
T,0.07691
I,-0.6178
L,-0.2243
N,-0.03396
G,-0.936
A,0.2804
S,-0.7268
Q,0.2209
D,0.05263
L,0.1474
I,-0.6647
P,0.531
Q,-0.1048
L,-0.4199
K,0.9076
K,2.85
K,2.137
Y,1.166
D,1.986
V,-0.3434
D,-0.7518
T,0.143
L,0.4214
D,-1.274
M,0.09369
V,-0.521
F,-1.246
L,-0.1943
D,-1.34
H,-1.34
W,1.436
K,-0.9223
D,0.805
R,0.8047
Y,-1.335
L,-0.1453
P,0.5206
D,-1.341
T,-0.9282
L,0.883
L,-0.08777
L,-0.31
E,-0.4665
K,1.055
C,-0.105
G,0.2116
L,-0.4117
L,-0.7973
R,0.2786
K,1.199
G,-1.328
T,-0.5569
V,-0.3438
L,-0.61
L,-0.4091
A,-1.243
D,-1.262
N,-1.31
V,-0.7708
I,0.3539
V,3.425
P,-0.9027
G,-0.8295
T,-0.416
P,-0.8808
D,1.633
F,-0.7852
L,-0.04938
A,1.274
Y,-0.3196
V,-0.6429
R,-0.07813
G,1.145
S,0.07922
S,0.1244
S,1.194
F,-0.08647
E,1.303
C,-0.8246
T,0.638
H,0.3615
Y,-0.2215
S,1.543
S,-0.2299
Y,0.8723
L,0.7519
E,-0.7914
Y,-0.1541
M,1.201
K,2.07
V,1.976
V,1.627
D,-1.131
G,-0.09093
L,-0.2235
E,-0.8195
K,-0.4801
A,-0.9991
I,0.3944
Y,1.052
Q,1.574
G,0.9761
P,2.158
S,2.768
