"pdb_aa","rate"
T,1.269
K,0.5848
E,0.3371
Q,1.27
R,0.8652
I,0.6485
L,0.8234
R,1.994
Y,1.303
V,0.2269
Q,1.8
Q,1.645
N,1.105
A,0.3863
K,1.335
P,1.433
G,0.3434
D,0.5121
P,0.7273
Q,1.12
S,0.4479
V,0.4851
L,0.9548
E,1.601
A,0.7926
I,0.5364
D,0.2013
T,2.029
Y,0.9272
C,0.6508
T,1.837
Q,1.955
K,1.997
E,0.957
W,2.033
A,0.5604
M,0.3893
N,0.4336
V,0.6415
G,0.2098
D,0.8665
A,1.088
K,0.1043
G,0.262
Q,3.01
I,0.7367
M,0.7475
D,0.5419
A,1.158
V,0.7649
I,0.5947
R,1.831
E,0.7618
Y,1.384
S,1.596
P,0.2397
S,1.872
L,1.222
V,0.7974
L,0.448
E,0.09008
L,0.4621
G,0.09044
A,0.4454
Y,0.4033
C,0.7454
G,0.09044
Y,0.1096
S,0.1008
A,0.1998
V,0.5518
R,0.3986
M,0.5737
A,0.3594
R,0.5927
L,0.8522
L,0.4623
Q,0.9089
P,1.356
G,1.917
A,0.6292
R,0.8407
L,0.682
L,1.892
T,0.2111
M,0.8768
E,0.09129
M,1.79
N,0.5577
P,1.152
D,1.642
Y,0.8895
A,0.1995
A,1.382
I,0.5126
T,0.2335
Q,0.8674
Q,1.248
M,0.7486
L,0.5563
N,1.378
F,0.5461
A,0.0897
G,0.09045
L,0.3739
Q,0.8481
D,0.599
K,0.8543
V,0.4638
T,0.9645
I,0.5358
L,0.7786
N,0.8961
G,0.3395
A,1.09
S,0.4685
Q,1.053
D,0.9495
L,1.008
I,0.5069
P,1.245
Q,0.8524
L,0.6579
K,1.477
K,2.676
K,2.236
Y,1.637
D,2.142
V,0.7051
D,0.4531
T,1.005
L,1.177
D,0.1309
M,0.9749
V,0.5955
F,0.148
L,0.7972
D,0.09028
H,0.09038
W,1.803
K,0.3479
D,1.414
R,1.414
Y,0.09338
L,0.8274
P,1.238
D,0.08922
T,0.3442
L,1.462
L,0.8629
L,0.7258
E,0.6292
K,1.568
C,0.8523
G,1.048
L,0.663
L,0.425
R,1.089
K,1.657
G,0.09727
T,0.5734
V,0.7048
L,0.5406
L,0.6646
A,0.1501
D,0.1385
N,0.1085
V,0.4414
I,1.135
V,3.031
P,0.36
G,0.4052
T,0.6603
P,0.3735
D,1.925
F,0.4325
L,0.8866
A,1.703
Y,0.7198
V,0.5203
R,0.8688
G,1.623
S,0.9659
S,0.9938
S,1.654
F,0.8637
E,1.721
C,0.4082
T,1.311
H,1.14
Y,0.7803
S,1.87
S,0.7752
Y,1.455
L,1.381
E,0.4286
Y,0.822
M,1.658
K,2.194
V,2.137
V,1.921
D,0.2193
G,0.8609
L,0.7791
E,0.4113
K,0.6208
A,0.3005
I,1.16
Y,1.566
Q,1.888
G,1.519
P,2.249
S,2.625
