"pdb_aa","rate"
R,0.6583
K,0.9809
I,0.9519
W,1.848
S,1.431
L,0.9766
I,0.9626
R,1.937
D,2.578
C,0.5867
S,1.527
G,2.032
K,1.981
L,0.3342
E,2.06
G,2.528
V,1.28
T,1.101
E,1.545
T,1.027
S,0.9239
V,1.138
L,1.012
E,0.437
V,0.3269
L,0.6601
L,1.273
I,0.3397
V,0.5682
S,0.9932
R,1.101
V,0.9963
L,0.612
G,1.508
I,1.732
R,1.382
K,0.5742
E,1.256
D,2.034
L,0.7128
F,1.247
L,1.228
K,1.697
D,1.99
L,0.9579
G,3.666
V,1.675
S,2.58
P,3.237
T,2.109
E,1.585
E,2.313
K,2.577
R,2.191
I,1.227
L,2.526
E,2.384
L,1.614
V,0.8673
E,1.941
K,0.701
R,0.1181
A,1.751
S,1.997
G,0.7331
Y,0.8602
P,0.01452
L,0.6404
H,0.282
Y,0.2499
I,0.3447
L,1.016
G,0.5032
E,2.564
K,0.8026
E,0.4842
F,0.01325
G,0.4314
L,0.6137
S,1.872
F,0.3708
L,4.316
V,0.1126
E,0.8547
E,1.107
G,1.01
V,0.1525
F,0.05878
V,0.1524
P,0.01285
R,0.01896
P,0.4377
E,0.2473
T,0.05503
E,0.013
E,0.9885
L,0.2285
V,0.1485
E,0.3256
L,1.581
A,0.6208
L,0.6909
E,1.946
L,2.704
I,2.54
R,2.577
K,2.587
Y,2.725
G,4.236
I,2.576
K,2.572
T,1.897
V,0.7228
A,0.5954
D,0.06772
I,0.6464
G,0.1515
T,0.1759
G,0.01319
S,0.1109
G,0.02449
A,0.3597
I,0.1647
G,0.4231
V,0.7063
S,0.3862
V,0.8556
A,0.2598
K,1.744
F,1.586
S,0.8359
D,2.519
A,0.8895
I,2.578
V,0.5378
F,2.094
A,0.42
T,0.9742
D,0.05285
V,0.7462
S,0.1036
S,1.994
K,1.905
A,0.08332
V,0.4521
E,1.597
I,0.525
A,0.1214
R,1.528
K,2.572
N,0.01236
A,0.4235
E,2.571
R,1.906
H,0.8411
G,1.475
V,0.6413
S,2.573
D,1.565
R,0.7036
F,0.8153
F,3.465
V,1.199
R,1.91
K,1.686
G,0.4775
E,0.5011
F,0.7475
L,1.055
E,1.888
P,1.099
F,1.224
K,2.897
E,2.835
K,2.635
F,2.284
A,2.576
S,1.793
I,0.9313
E,0.3256
I,0.3648
L,0.4318
S,0.1243
N,0.01228
P,0.05523
P,0.01285
Y,0.01345
V,0.1732
K,1.304
S,1.81
S,2.578
A,1.793
H,1.949
L,0.4187
F,1.401
E,0.05956
P,0.04836
P,2.075
E,1.888
A,0.01279
L,0.02344
F,0.7189
G,0.365
G,0.3569
E,2.082
D,0.2631
G,0.01319
L,0.2228
D,1.09
F,0.9141
Y,0.3502
R,0.353
E,1.432
F,0.3726
F,1.353
G,2.571
R,1.916
Y,0.775
D,2.578
T,4.316
S,1.59
G,0.3799
K,2.576
I,0.8117
V,1.052
L,1.212
E,0.01243
I,0.3731
G,0.1516
E,1.6
D,0.9744
Q,0.08744
V,1.148
E,2.246
E,1.513
L,0.3204
K,2.009
K,2.579
I,1.123
V,2.022
S,1.83
D,2.323
T,0.9128
V,2.578
F,0.9245
L,2.227
K,1.115
D,0.01236
S,0.8832
A,0.6634
G,0.6001
K,0.9453
Y,0.8505
R,0.01237
F,0.5047
L,0.4673
L,1.926
L,0.9228
N,1.939
R,2.575
R,3.207
S,4.319
S,4.309
