"pdb_aa","rate"
K,1.168
S,0.7091
L,0.4643
G,0.03023
R,0.5234
H,0.05886
L,0.4667
V,0.3069
A,0.5229
E,0.1133
F,0.6585
Y,0.5527
E,0.7243
C,0.17
D,0.8073
R,2.217
E,1.801
V,1.185
L,0.2861
D,0.429
N,0.6386
V,1.363
Q,2.248
L,2.572
I,0.4742
E,0.6953
Q,1.97
E,1.021
K,0.8387
Q,1.449
A,0.1037
A,0.1049
Y,1.235
E,1.646
S,0.4138
G,0.5929
A,0.08109
T,0.1729
I,0.4572
V,0.2674
T,0.6234
S,0.4939
T,0.7662
F,0.401
H,0.1909
R,0.6416
F,0.03021
L,0.5632
P,0.05322
Y,0.6811
G,0.01374
V,0.2013
S,0.05335
G,0.09479
V,0.1448
V,0.2163
V,0.3434
I,0.1269
S,0.2305
E,0.02816
S,0.01228
H,0.01239
L,0.2556
T,0.182
I,0.1109
H,0.01239
T,0.05471
W,0.09488
P,0.01325
E,0.01365
Y,0.7189
G,0.4844
Y,0.1408
A,0.111
A,0.07797
I,0.4099
D,0.01317
L,0.4045
F,0.1374
T,0.06304
C,0.02041
G,0.07894
E,1.242
D,0.9775
V,0.5989
D,0.6959
P,0.2213
W,1.24
K,1.328
A,0.133
F,0.8186
E,1.838
H,1.184
L,0.2671
K,1.318
K,1.918
A,1.997
L,0.4344
K,1.683
A,0.3552
K,1.976
R,1.557
V,1.406
H,1.137
V,0.8729
V,1.521
E,0.6256
H,1.298
E,1.45
R,0.0132
G,0.07805
R,1.866
Y,1.273
D,1.785
E,1.879
I,1.769
G,1.63
I,2.59
P,2.564
