"pdb_aa","rate"
K,0.6408
S,-0.02461
L,-0.3792
G,-1.008
R,-0.2936
H,-0.9669
L,-0.3758
V,-0.6074
A,-0.2944
E,-0.888
F,-0.09794
Y,-0.2513
E,-0.002589
C,-0.8059
D,0.1178
R,2.16
E,1.558
V,0.6658
L,-0.6376
D,-0.4304
N,-0.1267
V,0.9234
Q,2.206
L,2.676
I,-0.365
E,-0.04455
Q,1.802
E,0.4269
K,0.1633
Q,1.048
A,-0.9018
A,-0.9002
Y,0.737
E,1.333
S,-0.4525
G,-0.193
A,-0.9346
T,-0.8015
I,-0.3897
V,-0.6646
T,-0.1488
S,-0.3364
T,0.05822
F,-0.471
H,-0.7755
R,-0.1224
F,-1.008
L,-0.236
P,-0.975
Y,-0.06512
G,-1.032
V,-0.7604
S,-0.9749
G,-0.9148
V,-0.8424
V,-0.7388
V,-0.5545
I,-0.8683
S,-0.7181
E,-1.011
S,-1.034
H,-1.034
L,-0.6818
T,-0.7885
I,-0.8915
H,-1.034
T,-0.9729
W,-0.9147
P,-1.033
E,-1.032
Y,-0.01035
G,-0.3501
Y,-0.8481
A,-0.8913
A,-0.9392
I,-0.4581
D,-1.033
L,-0.466
F,-0.8531
T,-0.9608
C,-1.023
G,-0.9378
E,0.7472
D,0.3644
V,-0.1843
D,-0.0437
P,-0.7314
W,0.7453
K,0.8727
A,-0.8595
F,0.1341
E,1.612
H,0.6629
L,-0.6651
K,0.8584
K,1.727
A,1.841
L,-0.4227
K,1.387
A,-0.5374
K,1.811
R,1.204
V,0.9859
H,0.5953
V,0.2128
V,1.151
E,-0.1456
H,0.8294
E,1.05
R,-1.033
G,-0.9391
R,1.652
Y,0.7933
D,1.535
E,1.671
I,1.511
G,1.309
I,2.701
P,2.664
