"pdb_aa","rate"
A,1.939
D,3.846
S,0.1812
Y,3.395
Y,0.3024
D,0.8836
Y,-0.4384
I,0.1694
C,-0.5478
I,-0.8734
I,-0.5357
D,-1.227
F,-0.9274
E,-1.225
A,-1.103
T,-1.224
C,-1.155
E,0.4575
E,0.5796
G,1.181
N,1.987
P,0.5338
P,1.049
E,1.36
F,0.5761
V,1.905
H,-0.501
E,-1.229
I,-1.206
I,-1.23
E,-1.226
F,-0.9915
P,-1.137
V,-0.8722
V,-0.5753
L,-0.1886
L,0.2159
N,-0.6116
T,0.1523
H,1.214
T,-0.4253
L,0.5727
E,0.3855
I,-0.2792
E,0.001832
D,-0.4458
T,-0.1086
F,-1.127
Q,-0.9498
Q,-0.1218
Y,-0.7307
V,-0.8566
R,-0.3224
P,-1.217
E,0.1073
I,0.3309
N,-0.4117
T,-0.8079
Q,1.843
L,-1.185
S,-0.835
D,1.22
F,-1.024
C,-1.201
I,-0.7133
S,0.3145
L,-1.224
T,-1.23
G,-1.056
I,-1.221
T,-0.08995
Q,-1.228
D,0.8722
Q,-0.2442
V,-1.102
D,-0.882
R,0.4268
A,-0.9013
D,0.1491
T,0.6915
F,-0.7838
P,0.5094
Q,0.5797
V,-0.8788
L,-0.4958
K,1.801
K,1.647
V,-0.5767
I,1.081
D,1.81
W,-0.9757
K,2.513
L,1.059
K,0.3921
E,0.6964
L,0.2241
G,1.282
T,1.411
K,1.382
Y,1.111
K,0.2863
Y,0.1986
S,-0.1646
L,-0.5261
L,-0.9044
T,-1.191
D,-1.052
G,-1.013
S,-0.6318
W,-0.3864
D,-1.221
S,-0.2248
K,0.06717
F,-0.94
L,-0.86
N,0.08949
I,1.305
Q,-1.132
C,-0.8662
Q,1.304
L,0.4288
S,-0.456
R,1.091
L,0.2972
K,1.619
Y,0.6242
P,-0.5794
P,1.577
F,0.1264
A,0.323
K,0.3973
K,0.05948
W,-0.9071
I,-0.9206
N,-1.079
I,-0.4878
R,-0.9857
K,0.2176
S,0.5486
Y,-0.3375
G,0.333
N,0.796
F,0.7922
Y,-0.3917
K,0.8607
V,0.9654
P,1.432
R,-0.1097
S,0.4658
Q,-0.08682
T,1.217
K,-0.1873
L,-0.5012
T,0.9108
I,-1.033
L,-0.8997
E,1.446
K,1.095
L,-0.2291
G,-0.2242
D,1.237
Y,-0.4658
D,0.6039
G,-1.222
R,-0.8402
P,-0.616
H,-1.223
C,-1.011
G,-1.208
L,-0.9563
D,-0.9767
D,-1.226
S,-0.6075
K,-0.04887
N,-1.227
I,-0.8873
A,-0.794
R,-0.2108
I,-0.8311
A,0.02937
V,0.655
R,1.11
L,0.1682
Q,1.076
D,0.5318
G,-0.353
C,1.124
E,2.218
L,0.3349
R,1.429
I,0.8272
N,-0.5524
E,0.423
K,1.479
