"pdb_aa","rate"
A,2.145
D,3.404
S,0.9837
Y,3.106
Y,1.064
D,1.448
Y,0.5745
I,0.9759
C,0.5022
I,0.2871
I,0.5102
D,0.05342
F,0.2514
E,0.05457
A,0.1356
T,0.05562
C,0.1011
E,1.166
E,1.247
G,1.644
N,2.177
P,1.217
P,1.557
E,1.762
F,1.245
V,2.122
H,0.5331
E,0.0521
I,0.06768
I,0.05158
E,0.05439
F,0.2091
P,0.1133
V,0.2879
V,0.484
L,0.7394
L,1.007
N,0.46
T,0.9646
H,1.666
T,0.5831
L,1.242
E,1.119
I,0.6796
E,0.8652
D,0.5696
T,0.7923
F,0.1195
Q,0.2367
Q,0.7836
Y,0.3814
V,0.2982
R,0.651
P,0.06002
E,0.9349
I,1.083
N,0.5921
T,0.3304
Q,2.082
L,0.08121
S,0.3125
D,1.67
F,0.1877
C,0.07041
I,0.3929
S,1.072
L,0.05544
T,0.0513
G,0.1664
I,0.05721
T,0.8046
Q,0.05293
D,1.44
Q,0.7027
V,0.1361
D,0.2814
R,1.146
A,0.2687
D,0.9625
T,1.321
F,0.3463
P,1.2
Q,1.247
V,0.2836
L,0.5365
K,2.054
K,1.952
V,0.4831
I,1.578
D,2.059
W,0.2195
K,2.524
L,1.563
K,1.123
E,1.324
L,1.012
G,1.711
T,1.796
K,1.777
Y,1.598
K,1.053
Y,0.9952
S,0.7553
L,0.5165
L,0.2666
T,0.0775
D,0.1689
G,0.1947
S,0.4467
W,0.6088
D,0.05745
S,0.7155
K,0.9084
F,0.2431
L,0.296
N,0.9231
I,1.726
Q,0.1165
C,0.2919
Q,1.725
L,1.147
S,0.5628
R,1.585
L,1.06
K,1.934
Y,1.276
P,0.4813
P,1.906
F,0.9475
A,1.077
K,1.126
K,0.9033
W,0.2648
I,0.2559
N,0.1513
I,0.5418
R,0.2129
K,1.008
S,1.226
Y,0.6411
G,1.084
N,1.39
F,1.387
Y,0.6053
K,1.433
V,1.502
P,1.81
R,0.7915
S,1.172
Q,0.8067
T,1.668
K,0.7403
L,0.533
T,1.466
I,0.1815
L,0.2698
E,1.819
K,1.588
L,0.7127
G,0.7159
D,1.681
Y,0.5564
D,1.263
G,0.05656
R,0.3091
P,0.4571
H,0.05609
C,0.1965
G,0.06618
L,0.2324
D,0.2189
D,0.05447
S,0.4628
K,0.8317
N,0.0535
I,0.2779
A,0.3396
R,0.7248
I,0.3151
A,0.8834
V,1.297
R,1.597
L,0.9752
Q,1.575
D,1.215
G,0.6309
C,1.606
E,2.329
L,1.085
R,1.808
I,1.41
N,0.4991
E,1.143
K,1.841
