"pdb_aa","rate"
G,2.085
H,3.793
M,2.892
V,3.279
D,0.538
T,0.8959
S,0.6828
G,1.612
V,1.355
K,0.6267
I,-0.4217
H,-0.9322
P,-0.8683
A,0.4494
V,-0.0459
D,-0.6442
N,0.6231
G,-0.7996
I,0.4007
K,1.754
P,1.38
A,0.3284
Q,1.782
P,1.777
G,1.567
F,-0.7415
A,1.386
G,-0.9381
G,-0.9111
T,-0.01465
L,-0.8084
H,1.04
C,-0.9357
K,0.9207
C,-0.9357
S,1.782
T,0.5582
N,0.8879
P,0.6151
V,-0.8901
R,0.3441
V,-0.7127
A,1.729
V,0.01886
R,1.784
A,0.2811
Q,-0.4559
T,-0.3076
A,-0.4824
H,-0.8673
N,-0.9353
H,-0.945
V,-0.6461
C,-0.9359
G,-0.9382
C,-0.9359
T,-0.78
K,-0.744
C,-0.9359
W,-0.7587
K,-0.9051
P,-0.9399
E,1.785
G,-0.3461
A,-0.672
I,0.9953
F,-0.8014
S,-0.7309
Q,-0.08074
V,-0.4874
A,-0.7082
V,-0.9458
V,-0.263
G,0.2909
R,0.1169
D,0.2467
A,0.7621
L,-0.1378
E,0.9963
V,-0.7733
L,0.468
E,-0.1704
G,-0.4928
A,1.079
E,0.5244
K,-0.9427
L,-0.9148
E,2.585
I,0.156
V,-0.5575
N,-0.7262
A,1.786
E,0.7238
A,-0.8589
P,0.2635
I,-0.946
Q,-0.3674
R,-0.9296
H,-0.1346
R,-0.8168
C,-0.9074
R,1.133
D,1.782
C,-0.9359
G,-0.8047
V,-0.4678
H,-0.945
M,-0.4093
Y,0.7387
G,-0.9136
R,-0.8715
I,-0.8632
E,-0.5231
N,-0.3084
R,0.9654
D,1.795
H,-0.9324
P,-0.1836
F,-0.8844
Y,0.1592
G,-0.9136
L,-0.8877
D,-0.8289
F,-0.9128
V,-0.3344
H,-0.9324
T,-0.5766
E,-0.8698
L,-0.8184
S,-0.8461
D,1.784
E,0.8464
D,1.785
G,-0.8008
W,-0.5351
S,-0.3566
A,-0.008591
P,-0.6918
E,-0.03218
F,-0.9379
A,-0.8907
A,-0.8447
F,-0.9379
V,-0.9186
S,-0.9
S,-0.9469
I,-0.2493
I,-0.8046
E,-0.927
S,-0.4372
G,-0.9381
V,-0.2405
D,0.98
P,-0.6017
S,1.711
R,1.769
M,-0.6685
E,1.783
A,1.069
I,-0.4617
R,-0.944
A,1.761
R,-0.1655
L,-0.4476
R,1.035
E,0.6812
L,0.4468
G,-0.3814
L,-0.8063
E,0.3334
P,-0.2748
Y,-0.7949
D,-0.9442
A,-0.08266
L,-0.9146
S,-0.7468
P,-0.8684
P,1.208
L,-0.8872
M,-0.9168
D,-0.8947
A,0.1022
I,-0.4499
A,-0.6421
T,-0.1677
H,-0.1207
I,0.2173
A,-0.723
K,0.152
R,0.548
S,0.6052
G,0.0796
A,0.8447
L,0.6671
A,1.579
A,0.5819
