"pdb_aa","rate"
G,2.997
H,4.681
M,3.793
V,4.174
D,1.472
T,1.825
S,1.615
G,2.531
V,2.278
K,1.56
I,0.5266
H,0.02347
P,0.08644
A,1.385
V,0.8969
D,0.3073
N,1.556
G,0.1541
I,1.337
K,2.671
P,2.303
A,1.266
Q,2.698
P,2.694
G,2.486
F,0.2114
A,2.308
G,0.01766
G,0.04421
T,0.9277
L,0.1455
H,1.967
C,0.01996
K,1.85
C,0.01996
S,2.698
T,1.492
N,1.817
P,1.548
V,0.06488
R,1.281
V,0.2398
A,2.647
V,0.9607
R,2.701
A,1.219
Q,0.4929
T,0.639
A,0.4667
H,0.08737
N,0.02041
H,0.01081
V,0.3054
C,0.01981
G,0.01754
C,0.01981
T,0.1735
K,0.209
C,0.01981
W,0.1944
K,0.05017
P,0.0158
E,2.701
G,0.601
A,0.2798
I,1.923
F,0.1523
S,0.2218
Q,0.8626
V,0.4618
A,0.2442
V,0.01008
V,0.6829
G,1.229
R,1.057
D,1.185
A,1.693
L,0.8063
E,1.924
V,0.18
L,1.403
E,0.7743
G,0.4565
A,2.006
E,1.459
K,0.01313
L,0.04056
E,3.49
I,1.096
V,0.3927
N,0.2264
A,2.702
E,1.655
A,0.09566
P,1.202
I,0.009882
Q,0.5801
R,0.02596
H,0.8095
R,0.1372
C,0.04789
R,2.059
D,2.699
C,0.01981
G,0.1491
V,0.4811
H,0.01081
M,0.5388
Y,1.67
G,0.04179
R,0.08324
I,0.09149
E,0.4266
N,0.6382
R,1.894
D,2.711
H,0.02325
P,0.7612
F,0.07051
Y,1.099
G,0.04178
L,0.06729
D,0.1252
F,0.04252
V,0.6126
H,0.02323
T,0.3739
E,0.08493
L,0.1356
S,0.1082
D,2.7
E,1.776
D,2.701
G,0.153
W,0.4148
S,0.5907
A,0.9337
P,0.2603
E,0.9104
F,0.0178
A,0.06437
A,0.1097
F,0.0178
V,0.03683
S,0.05519
S,0.008971
I,0.6964
I,0.1491
E,0.02857
S,0.5113
G,0.0176
V,0.7051
D,1.908
P,0.3492
S,2.628
R,2.685
M,0.2834
E,2.7
A,1.996
I,0.4872
R,0.01179
A,2.678
R,0.779
L,0.501
R,1.962
E,1.613
L,1.383
G,0.5662
L,0.1476
E,1.271
P,0.6713
Y,0.1588
D,0.01162
A,0.8607
L,0.04081
S,0.2061
P,0.08631
P,2.133
L,0.06778
M,0.03859
D,0.06039
A,1.043
I,0.4988
A,0.3094
T,0.7769
H,0.8232
I,1.156
A,0.2296
K,1.092
R,1.482
S,1.539
G,1.021
A,1.775
L,1.6
A,2.498
A,1.516
