"pdb_aa","rate"
N,-0.1383
D,0.9945
D,0.8759
K,0.5428
L,-0.6739
Y,-0.8721
R,-1.305
A,-0.7055
D,-1.296
S,1.218
R,-1.297
P,0.2746
P,-1.349
D,0.6944
E,-0.522
I,-1.207
K,-0.8251
Q,-0.1668
S,-0.9177
G,-1.268
G,-1.329
L,-1.15
M,0.1097
P,-1.052
R,-0.9252
G,-1.167
Q,1.205
S,-0.003611
E,0.5662
Y,0.8636
F,0.8924
D,0.7246
R,0.8691
G,2.644
T,0.1497
Q,0.3386
M,0.4526
N,-0.7979
I,0.3282
N,-0.9795
L,-0.6541
Y,-0.06772
D,-0.2071
H,-1.431
A,-0.8003
R,0.8296
G,-0.1309
T,0.1163
Q,0.9046
T,0.6174
G,-0.2705
F,1.497
V,-0.6383
R,-0.3336
H,-0.3646
D,-0.3352
D,-0.5277
G,0.182
Y,-1.142
V,-1.352
S,-1.451
T,-0.7629
S,-1.281
I,0.5992
S,-0.9812
L,0.07312
R,2.19
S,0.5259
A,-1.369
H,0.9258
L,1.106
V,1.584
G,-1.003
Q,0.802
T,1.042
I,1.025
L,0.07999
S,-0.1552
G,2.215
H,0.8217
S,1.193
T,-0.7919
Y,0.1478
Y,-0.8862
L,-0.6187
Y,-1.316
V,-0.05919
L,-0.8788
A,0.1518
T,-0.788
A,-1.256
P,-0.2774
N,-0.9808
M,-0.1059
F,-1.011
N,-0.7658
V,-1.202
N,-1.028
D,0.5884
V,-0.9513
L,-0.7957
G,-0.0666
A,0.1742
Y,-0.3218
S,-1.069
P,0.5028
H,-0.8283
P,1.493
D,-0.3208
E,-1.177
Q,1.472
E,-1.286
V,-0.395
S,-0.8472
A,-1.083
L,-0.9254
G,-1.062
G,0.03123
I,-1.075
P,0.01587
Y,0.8111
S,0.2373
Q,-0.9097
I,-1.255
Y,-0.4992
G,-0.9438
W,0.5026
Y,1.027
R,-0.06201
V,-0.8633
H,0.3964
F,0.9219
G,0.7692
V,1.024
L,-0.5812
D,0.9392
E,0.8335
Q,1.717
L,2.663
H,0.8019
R,0.6822
N,-1.1
R,2.139
G,1.156
Y,-0.4458
R,0.4679
D,1.287
R,1.51
Y,0.7237
Y,-0.6559
S,0.05559
N,1.409
L,1.216
D,0.3773
I,0.1119
A,-0.6501
P,-0.7244
A,-1.098
A,-0.1429
D,0.2283
G,0.1523
Y,-0.3281
G,2.633
L,-0.6902
A,-1.195
G,-1.089
F,-1.015
P,-1.319
P,-0.2448
E,0.2206
H,-1.279
R,1.653
A,-1.301
W,-1.027
R,0.07079
E,0.03621
E,-1.071
P,-1.109
W,-0.4104
I,0.6716
H,1.122
H,1.574
A,1.167
P,0.7729
P,1.019
G,1.492
C,1.199
G,1.822
N,0.403
A,1.195
P,2.088
R,1.436
