"pdb_aa","rate"
L,0.9617
Q,0.9422
L,0.2834
T,0.3333
L,0.1352
Y,0.1216
Q,0.0912
Y,0.1889
K,0.3367
T,0.1995
C,0.09762
P,0.09056
F,0.1289
C,0.09923
S,0.2955
K,0.09774
V,0.09481
R,0.2305
A,0.09002
F,0.4343
L,0.09934
D,0.1552
F,0.5235
H,0.7739
A,0.5282
L,0.2951
P,0.2967
Y,0.1462
Q,0.5103
V,0.5081
V,0.1052
E,0.09023
V,0.08914
N,0.09861
P,0.09881
V,0.379
L,0.4743
R,0.2379
A,0.3957
E,0.1371
I,0.2544
K,0.3813
F,0.4283
S,0.1079
S,0.7852
Y,0.2603
R,0.3293
K,0.09176
V,0.0892
P,0.09344
I,0.1809
L,0.5198
V,1.037
A,0.3543
Q,0.3759
E,0.5948
G,0.9142
E,1.209
S,1.108
S,0.8178
Q,0.5527
Q,0.3681
L,0.5906
N,0.3748
D,0.1324
S,0.08923
S,0.2399
V,0.6484
I,0.08933
I,0.2347
S,0.3569
A,1.133
L,0.191
K,1.339
T,0.8444
Y,0.8154
L,0.51
V,1.452
S,0.4112
G,1.255
Q,1.323
P,1.195
L,0.7792
E,1.437
E,0.8165
I,0.6374
I,1.177
T,1.275
Y,1.358
Y,0.2906
P,0.303
A,1.592
M,0.7321
K,0.7724
A,0.8636
V,1.395
N,0.4966
D,1.232
Q,0.9595
G,0.6068
K,0.6651
E,1.254
V,0.7303
T,1.13
E,0.6896
F,0.9173
G,1.294
N,0.3294
K,0.4979
Y,0.5595
W,0.7509
L,0.6825
M,0.3587
L,1.239
N,1.512
E,0.7838
K,1.309
E,1.483
A,1.174
Q,1.408
Q,1.379
V,1.656
Y,1.143
S,2.201
G,1.599
K,1.673
E,1.629
A,1.868
R,0.9802
T,1.001
E,0.3465
E,0.1647
M,0.8492
K,0.6071
W,0.1325
R,0.3538
Q,1.16
W,0.2316
A,0.2227
D,0.09075
D,0.6074
W,0.5666
L,0.2244
V,0.1604
H,0.2645
L,0.6785
I,0.3564
S,0.1954
P,0.1046
N,0.08928
V,0.1643
Y,0.1119
R,0.09038
T,0.3921
P,0.9468
T,0.8247
E,0.1074
A,0.2177
L,0.694
A,0.3689
S,0.1969
F,0.2055
D,0.4792
Y,0.2879
I,0.1878
V,0.3894
R,0.724
E,0.8158
G,0.3304
K,0.4056
F,0.1869
G,0.3299
A,1.351
V,1.126
E,0.4047
G,0.3811
A,1.491
V,0.6897
A,0.393
K,0.3153
Y,0.428
M,0.831
G,0.09013
A,0.17
A,0.9167
A,0.342
M,0.08971
Y,0.4821
L,1.337
I,0.2461
S,0.2887
K,0.3106
R,0.3831
L,0.2346
K,0.2128
S,0.3552
R,0.4878
H,0.3628
R,0.5105
L,0.2218
Q,0.6946
D,0.5169
N,0.1407
V,0.2717
R,0.09333
E,0.6904
D,0.4641
L,0.2124
Y,0.4579
E,0.8915
A,0.2742
A,0.6377
D,0.447
K,0.8324
W,0.5908
V,0.4537
A,1.054
A,0.2253
V,0.4979
G,0.9586
K,0.8905
D,0.9675
R,0.4882
P,1.482
F,0.2866
M,0.5491
G,0.0949
G,0.1472
Q,0.6275
K,1.151
P,0.1008
N,0.1982
L,0.4876
A,0.0964
D,0.09125
L,0.2991
A,0.2673
V,0.1931
Y,0.3952
G,0.1044
V,0.1983
L,0.3957
R,0.2146
V,0.1668
M,0.2691
E,0.4994
G,0.4791
L,0.2716
D,1.037
A,0.2361
F,0.4392
D,0.9908
D,0.2532
L,0.5893
M,0.5353
Q,1.159
H,0.6143
T,0.2359
H,1.137
I,0.2248
Q,0.8612
P,1.017
W,0.2311
Y,0.3208
L,1.131
R,0.2935
V,0.1928
E,0.7031
R,2.085
A,0.8182
I,0.2045
T,1.356
E,0.565
A,0.7236
