"pdb_aa","rate"
M,0.08205
N,0.6289
L,0.5637
V,0.6324
L,0.3488
M,0.2337
G,0.01492
L,0.1828
P,0.01348
G,0.01492
A,0.03064
G,0.01492
K,0.01127
G,0.01492
T,0.008359
Q,0.02101
A,0.06602
E,0.9671
K,2.404
I,0.1361
V,0.7167
A,1.918
A,1.614
Y,1.044
G,2.958
I,0.4214
P,0.3214
H,0.08534
I,0.1226
S,0.03696
T,0.008359
G,0.01492
D,0.02089
M,0.169
F,0.1735
R,0.01015
A,0.9689
A,0.0424
M,0.6113
K,0.6365
E,1.423
G,1.418
T,0.03939
P,1.819
L,0.4476
G,0.01492
L,2.411
Q,1.215
A,0.06572
K,0.1244
Q,1.781
Y,1.445
M,0.394
D,0.1059
R,1.493
G,0.01492
D,2.443
L,0.03432
V,0.008798
P,0.03081
D,0.01001
E,0.8142
V,0.3664
T,0.2045
I,0.7887
G,0.8
I,0.3175
V,0.1681
R,1.314
E,0.5463
R,0.05117
L,0.2922
S,2.074
K,1.698
D,2.702
D,0.06514
C,0.7054
Q,2.966
N,2.656
G,0.01492
F,0.4112
L,0.557
L,0.01453
D,0.01001
G,0.01492
F,0.36
P,0.01348
R,0.01015
T,0.1294
V,0.8118
A,1.833
Q,0.01001
A,0.04234
E,1.507
A,0.4201
L,0.03367
E,1.272
T,4.7
M,1.175
L,0.6555
A,4.7
D,2.693
I,2.111
G,2.642
R,2.022
K,2.702
L,0.9599
D,0.6908
Y,1.683
V,0.1873
I,0.9486
H,0.7553
I,0.3791
D,2.254
V,0.06622
R,1.567
Q,1.646
D,1.994
V,1.874
L,0.1214
M,1.256
E,2
R,0.01015
L,0.3501
T,0.5469
G,0.1476
R,0.01015
R,0.3737
I,0.452
C,0.06371
R,1.454
N,2.452
C,0.08919
G,0.0347
A,0.6634
T,0.388
Y,0.3025
H,0.09712
L,1.268
I,2.647
F,1.183
H,0.674
P,0.5143
P,0.9008
A,1.107
K,2.692
P,1.636
G,0.8646
V,1.578
C,0.04008
D,0.09405
K,2.501
C,0.282
G,0.5882
G,1.491
E,1.527
L,0.3906
Y,0.8545
Q,0.1254
R,0.01015
A,1.268
D,0.01001
D,0.0209
N,0.9317
E,0.9552
A,0.7872
T,0.2153
V,0.1271
A,2.248
N,0.9709
R,0.01015
L,0.2752
E,2.551
V,0.2187
N,0.1089
M,1.835
K,1.972
Q,0.431
M,0.3872
K,1.509
P,0.1522
L,0.1599
V,0.6438
D,1.717
F,1.022
Y,0.01583
E,4.686
Q,4.7
K,1.906
G,1.641
Y,1.758
L,0.5253
R,2.681
N,1.943
I,0.6059
N,0.9336
G,0.03483
E,1.398
Q,1.29
D,2.627
M,0.3843
E,2.627
K,2.717
V,0.09083
F,1.087
A,4.7
D,1.543
I,0.5876
R,2.701
E,4.7
L,1.511
L,0.5739
G,2.312
G,2.633
L,2.788
A,4.7
R,3.264
