"pdb_aa","rate"
M,-0.8418
N,-0.3463
L,-0.4054
V,-0.3432
L,-0.6001
M,-0.7044
G,-0.9026
L,-0.7506
P,-0.9039
G,-0.9026
A,-0.8884
G,-0.9026
K,-0.906
G,-0.9026
T,-0.9086
Q,-0.8971
A,-0.8563
E,-0.03983
K,1.262
I,-0.7929
V,-0.2667
A,0.8216
A,0.5465
Y,0.03015
G,1.764
I,-0.5343
P,-0.6249
H,-0.8388
I,-0.8051
S,-0.8827
T,-0.9086
G,-0.9026
D,-0.8972
M,-0.763
F,-0.759
R,-0.907
A,-0.03825
A,-0.8777
M,-0.3622
K,-0.3394
E,0.3729
G,0.3688
T,-0.8805
P,0.7324
L,-0.5106
G,-0.9026
L,1.269
Q,0.1852
A,-0.8566
K,-0.8035
Q,0.6976
Y,0.3932
M,-0.5591
D,-0.8202
R,0.4366
G,-0.9026
D,1.297
L,-0.8851
V,-0.9082
P,-0.8883
D,-0.9071
E,-0.1784
V,-0.5841
T,-0.7309
I,-0.2015
G,-0.1913
I,-0.6285
V,-0.7639
R,0.2749
E,-0.4211
R,-0.8698
L,-0.6514
S,0.9636
K,0.6228
D,1.532
D,-0.8571
C,-0.277
Q,1.772
N,1.491
G,-0.9026
F,-0.5435
L,-0.4115
L,-0.903
D,-0.9071
G,-0.9026
F,-0.59
P,-0.9039
R,-0.907
T,-0.7989
V,-0.1806
A,0.7445
Q,-0.9071
A,-0.8778
E,0.4498
A,-0.5355
L,-0.8857
E,0.2366
T,3.343
M,0.1484
L,-0.3222
A,3.343
D,1.524
I,0.9969
G,1.477
R,0.9163
K,1.532
L,-0.04635
D,-0.2902
Y,0.6089
V,-0.7464
I,-0.05661
H,-0.2318
I,-0.5726
D,1.126
V,-0.8562
R,0.5037
Q,0.5758
D,0.8905
V,0.7821
L,-0.8062
M,0.2218
E,0.8965
R,-0.907
L,-0.5989
T,-0.4206
G,-0.7825
R,-0.907
R,-0.5775
I,-0.5065
C,-0.8584
R,0.4012
N,1.305
C,-0.8354
G,-0.8847
A,-0.315
T,-0.5646
Y,-0.6421
H,-0.8282
L,0.2328
I,1.483
F,0.1557
H,-0.3055
P,-0.4502
P,-0.09995
A,0.08691
K,1.524
P,0.5663
G,-0.1327
V,0.5137
C,-0.8799
D,-0.8309
K,1.35
C,-0.6606
G,-0.3832
G,0.4348
E,0.4672
L,-0.5623
Y,-0.1419
Q,-0.8026
R,-0.907
A,0.2332
D,-0.9071
D,-0.8972
N,-0.0719
E,-0.05063
A,-0.2028
T,-0.721
V,-0.801
A,1.121
N,-0.03644
R,-0.907
L,-0.6668
E,1.395
V,-0.718
N,-0.8175
M,0.7462
K,0.8708
Q,-0.5256
M,-0.5653
K,0.4511
P,-0.7782
L,-0.7713
V,-0.3328
D,0.6394
F,0.01016
Y,-0.9018
E,3.33
Q,3.343
K,0.8106
G,0.5704
Y,0.6773
L,-0.4402
R,1.513
N,0.8443
I,-0.3672
N,-0.07024
G,-0.8846
E,0.3506
Q,0.253
D,1.464
M,-0.568
E,1.464
K,1.546
V,-0.8339
F,0.06854
A,3.343
D,0.4822
I,-0.3837
R,1.531
E,3.343
L,0.4532
L,-0.3961
G,1.178
G,1.47
L,1.61
A,3.343
R,2.042
