"pdb_aa","rate"
M,0.1007
N,0.6298
I,-0.3527
F,0.7514
E,0.5915
M,-0.5698
L,-0.836
R,-0.001842
I,0.665
D,-0.9834
E,-1.249
G,-1.223
L,-0.0542
R,-0.5555
L,0.05863
K,0.9843
I,0.0511
Y,-1.247
K,0.517
D,-1.095
T,-0.7622
E,-0.2108
G,-1.017
Y,-0.1512
Y,0.1356
T,-1.249
I,-0.8431
G,-1.238
I,-0.4882
G,-1.248
H,-1.046
L,-0.9089
L,-0.5428
T,-0.2007
K,-0.3993
S,0.2073
P,-0.2118
S,-0.3466
L,1.042
N,0.4725
A,0.2934
S,-0.5802
K,0.4102
S,2.142
E,0.7125
L,-0.756
D,-0.7451
K,0.2229
A,1.351
I,-0.04789
G,-0.1567
R,-0.4945
N,1.399
T,0.1012
N,0.5222
G,-0.4153
V,0.5298
I,-0.871
T,-0.6871
K,1.078
D,1.805
E,-0.906
A,-0.8481
E,0.06449
K,2.245
L,-0.5744
F,-0.9967
N,1.244
Q,0.4916
D,-0.9968
V,-0.3875
D,2.199
A,2.394
A,-0.1453
V,2.451
R,2.251
G,1.462
I,-0.7624
L,0.9635
R,2.071
N,0.0472
A,1.006
K,1.961
L,-0.06187
K,0.4582
P,0.5515
V,0.2545
Y,0.6087
D,0.7007
S,1.024
L,-0.6256
D,-0.4269
A,1.173
V,-0.1903
R,-1.243
R,-0.5667
A,-0.06153
A,-0.9926
L,-0.6565
I,0.3563
N,-1.024
M,-1.247
V,-0.6125
F,-1.115
Q,-1.239
M,-0.6731
G,-1.246
E,0.01325
T,1.589
G,-0.3382
V,-0.9749
A,-0.05882
G,0.5973
F,-1.243
T,0.3175
N,-0.4459
S,-0.8047
L,-0.5296
R,0.6133
M,-0.5048
L,-0.2466
Q,0.9476
Q,2.001
K,0.2687
R,0.1258
W,0.04665
D,1.423
E,2.41
A,-1.248
A,-0.9645
V,2.345
N,-0.5281
L,-0.9213
A,-0.3797
K,-0.2375
S,-1.249
R,0.2494
W,-1.213
Y,-0.9562
N,0.4175
Q,-1.248
T,-1.192
P,-0.8119
N,-0.1035
R,-1.249
A,-1.173
K,2.349
R,-0.9559
V,-1.06
I,-0.8067
T,1.238
T,-0.4409
F,-0.8269
R,-0.2087
T,-0.4345
G,-0.8542
T,0.8776
W,1.662
D,1.224
A,0.7678
Y,-0.2735
K,1.633
