"pdb_aa","rate"
M,-0.8096
L,-0.02017
A,-0.3459
K,-0.7123
R,-0.8196
I,-0.8
I,-0.7676
A,-0.7253
C,-0.7912
L,-0.7761
D,-0.8198
V,-0.624
K,0.1321
D,0.8161
G,-0.6893
R,-0.6416
V,-0.7887
V,-0.8208
K,-0.8187
G,-0.8159
T,-0.04629
N,-0.5392
F,-0.8157
E,-0.0291
N,0.3693
L,-0.5573
R,0.3864
D,-0.6413
S,-0.7431
G,-0.7534
D,-0.7023
P,-0.7423
V,-0.6249
E,-0.36
L,-0.04354
G,-0.5447
K,1.483
F,1.529
Y,-0.8152
S,-0.3358
E,1.529
I,0.4181
G,-0.3345
I,-0.7761
D,-0.8198
E,-0.8191
L,-0.3409
V,-0.5761
F,-0.7094
L,-0.7964
D,-0.8198
I,-0.8209
T,-0.6577
A,-0.8208
S,-0.6226
V,0.553
E,-0.3831
K,1.459
R,-0.8071
K,1.326
T,-0.4712
M,-0.06263
L,0.8174
E,0.8159
L,-0.2145
V,-0.6404
E,1.365
K,1.106
V,-0.4319
A,-0.7556
E,0.7924
Q,1.054
I,-0.3347
D,-0.4353
I,-0.712
P,-0.817
F,-0.4956
T,-0.7597
V,-0.7092
G,-0.7958
G,-0.8159
G,-0.8159
I,-0.6315
H,-0.1167
D,0.3543
F,0.3534
E,0.8367
T,-0.6872
A,-0.346
S,0.321
E,1.763
L,0.2995
I,-0.662
L,0.8482
R,-0.4133
G,-0.8159
A,-0.7984
D,-0.8198
K,-0.8187
V,-0.2947
S,-0.5613
I,0.09669
N,-0.8209
T,-0.6422
A,-0.3235
A,-0.7775
V,-0.2243
E,1.102
N,0.1453
P,-0.7412
S,3.324
L,-0.2783
I,-0.3245
T,1.523
Q,0.6306
I,-0.101
A,-0.3237
Q,1.574
T,0.8403
F,-0.5533
G,-0.8159
S,-0.3879
Q,-0.7535
A,-0.5182
V,-0.3175
V,-0.6974
V,-0.179
A,-0.8106
I,-0.4703
D,-0.8198
A,-0.6146
K,-0.03435
R,1.515
V,0.9022
D,1.529
G,2.985
E,1.529
F,0.6211
M,0.7855
V,-0.5723
F,-0.001785
T,-0.165
Y,-0.155
S,-0.7363
G,-0.8159
K,-0.4675
K,0.8503
N,0.7862
T,-0.5641
G,0.7019
I,0.9724
L,0.5869
L,-0.3619
R,0.8528
D,1.1
W,-0.8051
V,-0.4074
V,1.21
E,0.7508
V,0.1964
E,0.5218
K,3.491
R,-0.03647
G,-0.8159
A,-0.7547
G,-0.8159
E,-0.8191
I,-0.5845
L,-0.797
L,-0.6728
T,-0.8117
S,-0.803
I,-0.6795
D,-0.4385
R,0.6329
D,-0.8198
G,-0.8159
T,-0.5624
K,-0.5089
S,1.529
G,-0.8159
Y,-0.3069
D,-0.531
T,0.4499
E,1.528
M,-0.1822
I,-0.3981
R,0.8268
F,1.528
V,-0.1327
R,-0.0708
P,1.529
L,1.436
T,-0.2757
T,0.8466
L,-0.367
P,-0.817
I,-0.3867
I,-0.7675
A,-0.8208
S,-0.8215
G,-0.8159
G,-0.8159
A,-0.7316
G,-0.7958
K,1.431
M,0.9066
E,0.4284
H,-0.6734
F,-0.3672
L,1.587
E,0.4589
A,-0.09479
F,-0.174
L,1.527
A,3.491
G,-0.2981
A,-0.6427
D,-0.5148
A,-0.7655
A,-0.3307
L,-0.8162
A,-0.7771
A,-0.8208
S,-0.7548
V,-0.4698
F,-0.7952
H,-0.8203
F,-0.04847
R,0.3313
E,-0.3527
I,-0.04429
D,0.7781
V,-0.5226
R,3.463
E,1.412
L,-0.4131
K,-0.8187
E,3.491
Y,0.5655
L,-0.6156
K,3.489
K,3.491
H,1.529
G,0.4398
V,-0.159
N,1.533
V,-0.2425
R,-0.8196
L,1.541
E,3.485
