"pdb_aa","rate"
M,0.02058
L,0.9754
A,0.5814
K,0.1382
R,0.008402
I,0.03214
I,0.07138
A,0.1226
C,0.04286
L,0.06103
D,0.008262
V,0.245
K,1.16
D,1.987
G,0.166
R,0.2238
V,0.04584
V,0.007037
K,0.009495
G,0.01296
T,0.9438
N,0.3476
F,0.01317
E,0.9646
N,1.447
L,0.3258
R,1.467
D,0.2241
S,0.101
G,0.08854
D,0.1503
P,0.102
V,0.244
E,0.5644
L,0.9471
G,0.3409
K,2.794
F,2.85
Y,0.01382
S,0.5936
E,2.85
I,1.506
G,0.5952
I,0.06104
D,0.008262
E,0.009084
L,0.5874
V,0.303
F,0.1417
L,0.0365
D,0.008262
I,0.006873
T,0.2043
A,0.007002
S,0.2467
V,1.669
E,0.5365
K,2.764
R,0.02352
K,2.603
T,0.4298
M,0.9241
L,1.989
E,1.987
L,0.7404
V,0.2253
E,2.651
K,2.337
V,0.4774
A,0.08592
E,1.958
Q,2.275
I,0.595
D,0.4733
I,0.1387
P,0.01161
F,0.4004
T,0.08091
V,0.142
G,0.03725
G,0.01296
G,0.01296
I,0.236
H,0.8586
D,1.428
F,1.427
E,2.012
T,0.1686
A,0.5813
S,1.388
E,3.132
L,1.362
I,0.1991
L,2.026
R,0.4999
G,0.01296
A,0.03408
D,0.008262
K,0.009495
V,0.6434
S,0.3208
I,1.117
N,0.006835
T,0.2231
A,0.6086
A,0.05943
V,0.7285
E,2.333
N,1.176
P,0.1033
S,5.021
L,0.6632
I,0.6073
T,2.842
Q,1.763
I,0.8777
A,0.6083
Q,2.904
T,2.016
F,0.3305
G,0.01296
S,0.5306
Q,0.08846
A,0.373
V,0.6157
V,0.1562
V,0.7833
A,0.0193
I,0.4309
D,0.008262
A,0.2565
K,0.9583
R,2.833
V,2.091
D,2.849
G,4.61
E,2.85
F,1.751
M,1.95
V,0.3075
F,0.9977
T,0.8002
Y,0.8123
S,0.1092
G,0.01296
K,0.4343
K,2.028
N,1.951
T,0.3174
G,1.849
I,2.176
L,1.71
L,0.562
R,2.031
D,2.33
W,0.02597
V,0.507
V,2.463
E,1.908
V,1.237
E,1.631
K,5.223
R,0.9557
G,0.01296
A,0.08694
G,0.01296
E,0.009084
I,0.2929
L,0.0358
L,0.186
T,0.01805
S,0.02852
I,0.1779
D,0.4694
R,1.765
D,0.008262
G,0.01296
T,0.3195
K,0.3843
S,2.85
G,0.01296
Y,0.6286
D,0.3576
T,1.544
E,2.849
M,0.7794
I,0.5182
R,2
F,2.848
V,0.8393
R,0.9142
P,2.85
L,2.737
T,0.6664
T,2.024
L,0.5559
P,0.01161
I,0.5321
I,0.07148
A,0.007002
S,0.006106
G,0.01296
G,0.01296
A,0.1149
G,0.03723
K,2.73
M,2.096
E,1.518
H,0.1853
F,0.5557
L,2.92
E,1.555
A,0.8852
F,0.7894
L,2.847
A,5.223
G,0.6392
A,0.2224
D,0.3772
A,0.07385
A,0.5998
L,0.0126
A,0.05987
A,0.007002
S,0.08681
V,0.4315
F,0.03791
H,0.007639
F,0.9412
R,1.401
E,0.5732
I,0.9462
D,1.941
V,0.3677
R,5.189
E,2.707
L,0.5002
K,0.009495
E,5.223
Y,1.684
L,0.2552
K,5.22
K,5.223
H,2.85
G,1.532
V,0.8075
N,2.854
V,0.7065
R,0.008402
L,2.864
E,5.216
