"pdb_aa","rate"
M,-0.8021
N,-0.507
K,1.153
A,1.994
K,0.02541
R,-0.5025
L,1.994
E,1.166
I,-0.3576
L,-0.5543
T,1.835
R,-0.6941
L,-0.1884
R,0.54
E,1.08
N,1.076
N,-0.1936
P,-0.752
H,1.994
P,-0.8287
T,0.2845
T,-0.7668
E,-0.8125
L,-0.8278
N,1.154
F,0.3621
S,1.764
S,0.1745
P,0.223
F,-0.7168
E,-0.6268
L,-0.8278
L,-0.7755
I,-0.1683
A,-0.6907
V,-0.8325
L,0.5088
L,-0.802
S,-0.8332
A,-0.8325
Q,-0.798
A,-0.6176
T,-0.8066
D,-0.8314
V,-0.2968
S,0.0091
V,-0.8186
N,-0.8326
K,-0.5211
A,-0.7318
T,-0.78
A,0.523
K,0.975
L,-0.776
Y,0.441
P,0.3203
V,0.3128
A,-0.7615
N,-0.2389
T,-0.7257
P,-0.4905
A,1.065
A,0.9269
M,0.09578
L,1.069
E,1.022
L,-0.7494
G,-0.6896
V,0.5489
E,0.9568
G,0.6219
V,0.01813
K,0.1741
T,4.716
Y,0.1834
I,-0.6916
K,-0.004129
T,-0.5709
I,-0.7906
G,-0.8009
L,-0.8278
Y,0.8834
N,-0.4789
S,0.1974
K,-0.8304
A,-0.7328
E,0.6453
N,-0.6336
I,-0.04372
I,0.07046
K,0.2017
T,-0.3148
C,-0.5203
R,1.993
I,1.163
L,-0.7493
L,1.337
E,1.992
Q,1.994
H,-0.1284
N,1.994
G,0.05087
E,1.078
V,-0.7181
P,-0.8287
E,1.127
D,1.169
R,-0.7791
A,1.079
A,0.1311
L,-0.8278
E,-0.6012
A,-0.2678
L,-0.8278
P,-0.7101
G,-0.8275
V,-0.8325
G,-0.8275
R,-0.8313
K,-0.8304
T,-0.8328
A,-0.8325
N,-0.8326
V,-0.8325
V,-0.4723
L,-0.6433
N,-0.8326
T,-0.6814
A,-0.656
F,-0.689
G,-0.2516
W,0.4837
P,-0.07991
T,-0.4389
I,-0.1997
A,-0.8325
V,-0.8325
D,-0.8314
T,-0.8328
H,-0.832
I,-0.7769
F,-0.5126
R,-0.8313
V,-0.5413
C,0.2388
N,-0.8326
R,-0.8313
T,-0.6709
Q,0.627
F,0.1357
A,-0.8325
P,0.1804
G,-0.801
K,-0.4599
N,0.232
V,-0.654
E,1.082
Q,1.07
V,-0.8043
E,-0.8308
E,1.994
K,0.8978
L,-0.7491
L,1.562
K,0.1886
V,1.049
V,0.08545
P,-0.6594
A,1.993
E,0.5607
F,0.02427
K,0.9599
V,1.977
D,-0.3208
C,-0.6641
H,-0.832
H,-0.8167
W,-0.6574
L,-0.3714
I,-0.7487
L,-0.802
H,-0.7056
G,-0.8275
R,-0.8313
Y,-0.8268
T,-0.08151
C,-0.826
I,1.073
A,-0.8187
R,-0.7254
K,-0.05949
P,-0.8286
R,0.5586
C,-0.8261
G,1.858
S,1.07
C,-0.7956
I,1.987
I,-0.6607
E,0.5287
D,-0.4909
L,-0.4856
C,-0.7957
E,-0.1113
Y,1.971
K,1.867
E,1.994
K,-0.5893
V,0.4742
D,4.526
I,2.249
