"pdb_aa","rate"
M,0.03825
N,0.3522
K,2.117
A,3.013
K,0.9184
R,0.3569
L,3.013
E,2.132
I,0.511
L,0.3018
T,2.843
R,0.1532
L,0.691
R,1.466
E,2.04
N,2.036
N,0.6855
P,0.09158
H,3.012
P,0.009998
T,1.194
T,0.07583
E,0.02715
L,0.01087
N,2.119
F,1.277
S,2.767
S,1.077
P,1.129
F,0.1289
E,0.2247
L,0.01087
L,0.06653
I,0.7124
A,0.1567
V,0.005953
L,1.433
L,0.0383
S,0.005129
A,0.005923
Q,0.04266
A,0.2345
T,0.03347
D,0.007037
V,0.5757
S,0.9011
V,0.02065
N,0.005774
K,0.3371
A,0.1131
T,0.06176
A,1.448
K,1.928
L,0.06605
Y,1.361
P,1.232
V,1.224
A,0.08147
N,0.6373
T,0.1195
P,0.3697
A,2.024
A,1.877
M,0.9933
L,2.028
E,1.979
L,0.09425
G,0.1579
V,1.475
E,1.909
G,1.553
V,0.9107
K,1.077
T,5.907
Y,1.086
I,0.1558
K,0.887
T,0.2842
I,0.05044
G,0.03955
L,0.01087
Y,1.831
N,0.382
S,1.101
K,0.008126
A,0.112
E,1.578
N,0.2175
I,0.8449
I,0.9663
K,1.106
T,0.5566
C,0.338
R,3.012
I,2.129
L,0.09444
L,2.314
E,3.01
Q,3.012
H,0.7549
N,3.012
G,0.9455
E,2.038
V,0.1276
P,0.009996
E,2.091
D,2.135
R,0.06275
A,2.039
A,1.031
L,0.01087
E,0.2519
A,0.6066
L,0.01087
P,0.1361
G,0.01119
V,0.005952
G,0.01119
R,0.007159
K,0.008126
T,0.005545
A,0.005922
N,0.005774
V,0.005952
V,0.389
L,0.2071
N,0.005774
T,0.1666
A,0.1936
F,0.1585
G,0.6238
W,1.406
P,0.8064
T,0.4245
I,0.679
A,0.005922
V,0.005952
D,0.007035
T,0.005545
H,0.006485
I,0.06506
F,0.3462
R,0.007159
V,0.3156
C,1.145
N,0.005774
R,0.007159
T,0.1778
Q,1.558
F,1.036
A,0.005922
P,1.083
G,0.03945
K,0.4022
N,1.138
V,0.1958
E,2.042
Q,2.029
V,0.03595
E,0.007763
E,3.012
K,1.846
L,0.09466
L,2.553
K,1.092
V,2.008
V,0.9823
P,0.19
A,3.011
E,1.488
F,0.9172
K,1.912
V,2.995
D,0.5502
C,0.1851
H,0.006485
H,0.02272
W,0.1921
L,0.4964
I,0.09505
L,0.03836
H,0.1409
G,0.01121
R,0.00717
Y,0.01196
T,0.8047
C,0.01279
I,2.033
A,0.02059
R,0.1198
K,0.8281
P,0.01001
R,1.486
C,0.01277
G,2.867
S,2.029
C,0.04515
I,3.005
I,0.1886
E,1.454
D,0.3692
L,0.3749
C,0.0451
E,0.773
Y,2.988
K,2.877
E,3.012
K,0.2646
V,1.396
D,5.706
I,3.283
