"pdb_aa","rate"
A,1.687
E,1.818
G,2.071
D,3.54
T,2.385
L,1.304
I,1.679
S,0.7035
V,0.9366
D,0.9946
Y,0.6242
E,0.3926
I,0.4758
F,1.324
G,0.2183
K,1.119
V,0.164
Q,0.2197
G,0.3245
V,0.1763
F,1.085
F,0.319
R,0.1425
K,0.4103
Y,0.988
T,0.1616
Q,0.7198
A,1.55
E,0.9819
G,0.2268
K,1.547
K,1.423
L,0.4247
G,0.7582
L,0.6141
V,0.7061
G,0.0351
W,0.3232
V,0.2142
Q,0.6606
N,0.03255
T,0.2409
D,1.476
Q,1.775
G,0.2662
T,0.1103
V,0.03217
Q,1.077
G,0.09711
Q,0.8112
L,0.8923
Q,0.2063
G,0.09511
P,1.394
A,1.71
S,1.96
K,1.451
V,0.4864
R,1.202
H,1.593
M,0.2641
Q,0.6571
E,2.139
W,0.5811
L,0.3138
E,1.337
T,1.645
K,1.214
G,0.1635
S,0.1246
P,0.3007
K,1.302
S,0.2269
H,1.24
I,0.2003
D,1.152
R,0.8615
A,0.5776
S,1.555
F,0.4738
H,1.336
N,0.7567
E,0.7865
K,1.182
V,1.916
I,0.617
V,2.293
K,1.828
L,1.662
D,1.026
Y,1.246
T,1.745
D,1.725
F,0.1039
Q,1.725
I,0.36
V,1.029
K,0.8196
