"pdb_aa","rate"
Q,1.602
T,1.388
G,1.479
G,2.105
S,0.9228
F,0.8906
F,2.879
E,0.6874
P,1.503
F,0.6488
N,1.041
S,2.679
Y,1.704
N,0.7143
S,1.488
G,1.94
T,1.85
W,0.3773
E,1.175
K,0.7401
A,0.2993
D,0.631
G,0.3537
Y,0.7386
S,0.5894
N,0.2364
G,0.3912
G,1.669
V,0.8456
F,0.2473
N,0.3841
C,0.351
T,0.5477
W,0.4129
R,0.7864
A,0.7483
N,0.9552
N,0.3131
V,0.4845
N,1.649
F,0.6578
T,1.202
N,1.101
D,1.823
G,0.9283
K,1.418
L,0.6052
K,1.461
L,0.1842
G,0.9402
L,0.4691
T,0.5647
S,0.9132
S,0.9836
A,1.328
Y,1.682
N,0.7423
K,1.07
F,0.6867
D,0.6272
C,0.4365
A,0.5627
E,0.09115
Y,0.5554
R,0.2633
S,0.3056
T,1.222
N,1.26
I,0.8576
Y,0.6414
G,0.8323
Y,0.5679
G,0.08957
L,0.6625
Y,0.3818
E,0.3486
V,0.2635
S,0.678
M,0.2559
K,0.2596
P,0.3517
A,0.4108
K,0.459
N,0.2863
T,0.8731
G,0.09012
I,0.3795
V,0.1941
S,0.138
S,0.1741
F,0.2824
F,0.09556
T,0.1892
Y,0.227
T,0.24
G,0.4254
P,0.3544
A,0.7248
H,0.8768
G,0.5505
T,0.7479
Q,0.6863
W,0.2609
D,0.2095
E,0.08916
I,0.08916
D,0.08917
I,0.0996
E,0.08934
F,0.2012
L,0.1955
G,0.1751
K,0.3732
D,0.2035
T,0.1844
T,0.3367
K,0.6059
V,0.2928
Q,0.2067
F,0.303
N,0.08949
Y,0.6679
Y,0.8606
T,0.3574
N,0.5728
G,0.2254
V,0.7664
G,0.338
G,0.9507
H,0.3566
E,0.2646
K,1.087
V,1.175
I,0.4735
S,0.7287
L,0.1323
G,0.3347
F,0.255
D,0.1312
A,0.215
S,0.2359
K,1.032
G,1.078
F,0.375
H,0.09354
T,0.4662
Y,0.1044
A,0.3593
F,0.2137
D,0.7298
W,0.1081
Q,1.007
P,1.021
G,0.6802
Y,1.034
I,0.1558
K,0.6978
W,0.3217
Y,0.8046
V,0.2481
D,0.0944
G,0.276
V,1.015
L,0.7969
K,0.3588
H,0.3716
T,0.6546
A,0.6245
T,0.5582
A,1.595
N,0.7797
I,0.3586
P,0.09532
S,1.519
T,0.593
P,0.2898
G,0.2885
K,0.5855
I,0.2522
M,0.336
M,0.3633
N,0.09699
L,0.6758
W,0.09749
N,0.4883
G,0.2113
T,0.6424
G,0.5727
V,0.733
D,0.6061
D,1.152
W,0.1684
L,0.2485
G,0.3764
S,1.553
Y,0.422
N,0.7749
G,0.7511
A,1.137
N,0.6328
P,0.5256
L,0.8143
Y,1.137
A,0.2394
E,1.707
Y,0.3544
D,0.6895
W,0.8973
V,0.589
K,0.7439
Y,0.4093
T,0.454
S,0.8738
N,1.927
