"pdb_aa","rate"
Q,1.936
T,1.502
G,1.689
G,2.956
S,0.56
F,0.4947
F,4.527
E,0.08263
P,1.737
F,0.004342
N,0.7996
S,4.121
Y,2.143
N,0.1371
S,1.707
G,2.623
T,2.44
W,-0.5463
E,1.072
K,0.1893
A,-0.7043
D,-0.03172
G,-0.5941
Y,0.1863
S,-0.1162
N,-0.832
G,-0.518
G,2.072
V,0.4033
F,-0.8099
N,-0.5324
C,-0.5995
T,-0.2007
W,-0.474
R,0.2832
A,0.206
N,0.6257
N,-0.6764
V,-0.3288
N,2.033
F,0.02259
T,1.127
N,0.9214
D,2.385
G,0.571
K,1.564
L,-0.08404
K,1.652
L,-0.9378
G,0.5951
L,-0.3602
T,-0.1662
S,0.5404
S,0.6832
A,1.381
Y,2.1
N,0.194
K,0.8588
F,0.08105
D,-0.03956
C,-0.4263
A,-0.1703
E,-1.126
Y,-0.1851
R,-0.7773
S,-0.6916
T,1.166
N,1.243
I,0.4276
Y,-0.01076
G,0.3764
Y,-0.1598
G,-1.13
L,0.03202
Y,-0.537
E,-0.6045
V,-0.7769
S,0.06343
M,-0.7924
K,-0.7849
P,-0.5981
A,-0.4783
K,-0.3805
N,-0.7308
T,0.4592
G,-1.129
I,-0.5419
V,-0.9177
S,-1.031
S,-0.9584
F,-0.7387
F,-1.118
T,-0.9277
Y,-0.8511
T,-0.8246
G,-0.4488
P,-0.5926
A,0.1584
H,0.4667
G,-0.195
T,0.2053
Q,0.08034
W,-0.7822
D,-0.8865
E,-1.13
I,-1.13
D,-1.13
I,-1.109
E,-1.13
F,-0.9033
L,-0.9148
G,-0.9563
K,-0.5546
D,-0.8987
T,-0.9374
T,-0.6285
K,-0.08271
V,-0.7175
Q,-0.8922
F,-0.6968
N,-1.13
Y,0.04308
Y,0.4338
T,-0.5865
N,-0.1498
G,-0.8543
V,0.2428
G,-0.626
G,0.6164
H,-0.5882
E,-0.7747
K,0.8934
V,1.071
I,-0.3512
S,0.1664
L,-1.043
G,-0.6326
F,-0.7941
D,-1.045
A,-0.8753
S,-0.833
K,0.7808
G,0.8738
F,-0.5508
H,-1.122
T,-0.366
Y,-1.1
A,-0.5827
F,-0.878
D,0.1685
W,-1.092
Q,0.7315
P,0.7593
G,0.06799
Y,0.7864
I,-0.9955
K,0.1037
W,-0.6589
Y,0.3202
V,-0.8081
D,-1.12
G,-0.7516
V,0.7475
L,0.3046
K,-0.5837
H,-0.5579
T,0.01598
A,-0.04495
T,-0.1794
A,1.922
N,0.2696
I,-0.5841
P,-1.118
S,1.769
T,-0.1088
P,-0.7236
G,-0.7264
K,-0.1241
I,-0.7998
M,-0.6301
M,-0.5745
N,-1.115
L,0.05899
W,-1.114
N,-0.3212
G,-0.8829
T,-0.008656
G,-0.1499
V,0.1749
D,-0.08227
D,1.025
W,-0.9698
L,-0.8074
G,-0.548
S,1.838
Y,-0.4556
N,0.2599
G,0.2118
A,0.9943
N,-0.02809
P,-0.2455
L,0.3399
Y,0.9936
A,-0.8259
E,2.15
Y,-0.5926
D,0.08691
W,0.5082
V,-0.1169
K,0.1972
Y,-0.4814
T,-0.3907
S,0.4605
N,2.596
