"pdb_aa","rate"
T,0.5741
D,-0.4441
P,0.3955
R,1.11
A,-0.4192
K,0.9787
W,1.516
V,1.762
P,-1.073
Q,-1.258
D,0.9261
N,2.418
D,-0.4068
I,1.245
Q,0.1204
A,-0.4004
C,-1.049
D,-1.322
Y,-1.064
W,-0.7407
R,-0.7583
H,-0.5645
C,-1.049
S,-0.4022
I,-0.3928
D,-1.322
G,-1.101
N,0.8433
I,0.2065
C,-1.049
D,0.2839
C,-1.049
S,-0.4163
G,-1.101
G,-1.101
S,-0.08018
L,1.246
T,-0.9805
N,-1.032
C,-1.049
P,-1.169
P,-1.169
G,-1.101
T,-1.456
K,1.811
L,0.384
A,-1.013
T,1.141
A,0.7602
S,-0.6697
V,-0.5402
A,-0.5484
S,-0.9817
C,-1.049
Y,0.1721
N,-1.445
P,-1.169
T,2.918
D,-0.4913
G,1.057
Q,0.9815
S,1.002
Y,-0.03069
L,0.3512
I,0.137
A,-0.3898
Y,-0.3875
R,0.4215
D,-0.812
C,-0.4253
C,-0.1789
G,0.1625
Y,1.575
N,1.405
V,0.6246
S,1.048
G,-0.006634
R,0.5724
C,-0.8358
P,1.337
C,-0.7999
L,1.479
N,0.2567
T,-0.3112
E,0.01296
G,1.071
E,-0.968
L,1.825
P,-0.9043
V,0.1555
Y,-0.8003
R,-0.1435
P,0.06512
E,1.824
F,1.791
A,0.03704
N,-1.182
D,-1.026
I,-0.1653
I,0.03704
W,-0.5269
C,-0.7999
F,1.005
G,-0.154
A,0.356
E,1.493
D,0.54
D,1.317
A,0.02168
M,0.02168
T,0.9748
Y,-0.8003
H,-1.147
C,-0.7999
T,-0.324
I,-0.4176
S,-1.202
P,1.287
I,0.04652
V,1.535
G,-0.8334
K,1.415
A,-1.126
S,1.867
