"pdb_aa","rate"
M,0.3199
D,0.2119
P,0.6319
V,-0.1935
V,-0.8427
L,-1.031
S,-0.9866
Y,-0.5797
M,-0.3594
D,-1.065
S,-0.69
L,-0.6646
L,-1.045
R,-0.7782
Q,0.7411
S,-0.9746
D,-1.358
V,-0.6227
S,1.085
L,-0.8868
L,-1.314
D,0.543
P,0.03989
P,-0.6069
S,0.3583
W,-0.8561
L,-1.019
N,-1.285
D,-1.364
H,-0.4099
I,-0.7606
I,-1.173
G,-0.7144
F,-1.353
A,-0.7987
F,-0.574
E,-1.044
Y,-0.6178
F,-0.9766
A,-0.4409
N,0.07023
S,0.33
Q,0.9247
F,0.2654
H,1.177
D,1.062
S,1.434
S,0.4221
D,1.795
H,1.13
V,-0.2558
S,0.2252
F,-0.9972
I,-0.5591
S,-0.6745
P,-1.329
E,-0.9088
V,-0.9433
T,-0.6888
Q,-1.093
F,-0.7115
I,-0.7048
K,-0.566
C,0.05241
T,0.1617
S,-0.1562
N,1.639
P,1.245
A,0.764
E,-0.2006
I,0.04437
A,0.9213
M,0.9901
F,-0.5649
L,-0.4693
E,-0.1879
P,-0.8807
L,-0.6186
D,1.175
L,-0.5994
P,1.572
N,1.77
K,-0.3505
R,0.6714
V,-0.3246
V,-0.5376
F,-0.4909
L,-0.6407
A,-0.8563
I,-0.8505
N,-1.353
D,-1.086
N,-0.9457
S,1.063
N,-0.05961
Q,0.8284
A,1.928
A,-0.2868
G,-1.1
G,-1.307
S,-0.7801
H,-1.365
W,-1.333
S,-1.279
L,-1.16
L,-1.15
V,-0.8023
Y,-0.01305
L,0.3298
Q,-0.06673
D,1.689
K,0.6363
N,0.238
S,0.9221
F,-0.8584
F,0.5831
H,-1.182
Y,-0.549
D,-1.365
S,-1.365
H,0.07764
S,0.4174
R,0.6526
S,0.2893
N,-1.267
S,1.789
V,3.419
H,0.1667
A,-1.185
K,1.025
Q,1.164
V,-0.3863
A,-0.5684
E,1.792
K,-0.1818
L,-0.1002
E,0.606
A,1.806
F,0.297
L,-0.403
G,0.7651
R,1.596
K,1.06
G,1.633
D,1.794
K,1.547
L,1.637
A,1.639
F,0.1678
V,1.02
E,-0.4182
E,0.2057
K,0.8655
A,-0.4786
P,-0.8582
A,-0.7705
Q,-1.364
Q,0.7286
N,-1.361
S,-0.6746
Y,-0.3586
D,-1.365
C,-1.292
G,-1.362
M,-0.63
Y,-0.6271
V,-1.074
I,-0.6942
C,-0.7026
N,-0.416
T,-0.7404
E,-0.6959
A,0.08668
L,-0.6531
C,0.1002
Q,1.028
N,0.25
F,1.181
F,1.739
R,1.264
Q,1.189
Q,1.639
T,1.79
E,1.407
S,1.103
L,1.682
L,1.447
Q,0.5282
L,0.9331
L,-0.5302
T,-0.5456
P,-0.01806
A,1.29
Y,1.529
I,-0.8105
T,0.4694
K,1.155
K,-0.3634
R,-1.365
G,1.27
E,0.5705
W,-0.4665
K,0.07639
D,1.374
L,-0.3417
I,-1.081
A,1.666
T,1.544
L,-0.8349
A,-0.09329
K,1.117
K,1.45
