"pdb_aa","rate"
M,1.279
D,1.2
P,1.511
V,0.8994
V,0.4188
L,0.2796
S,0.3123
Y,0.6135
M,0.7766
D,0.254
S,0.5318
L,0.5507
L,0.2693
R,0.4665
Q,1.591
S,0.3211
D,0.03766
V,0.5817
S,1.846
L,0.3862
L,0.0701
D,1.445
P,1.072
P,0.5934
S,1.308
W,0.4089
L,0.2882
N,0.0916
D,0.03256
H,0.7393
I,0.4796
I,0.1741
G,0.5138
F,0.04066
A,0.4514
F,0.6177
E,0.2698
Y,0.5853
F,0.3197
A,0.7163
N,1.095
S,1.287
Q,1.727
F,1.239
H,1.914
D,1.829
S,2.104
S,1.355
D,2.372
H,1.88
V,0.8533
S,1.209
F,0.3044
I,0.6287
S,0.5433
P,0.05848
E,0.3698
V,0.3443
T,0.5328
Q,0.2338
F,0.5159
I,0.5209
K,0.6237
C,1.081
T,1.162
S,0.927
N,2.256
P,1.964
A,1.608
E,0.8942
I,1.076
A,1.725
M,1.776
F,0.6245
L,0.6952
E,0.9036
P,0.3907
L,0.5847
D,1.913
L,0.5989
P,2.207
N,2.353
K,0.7832
R,1.54
V,0.8024
V,0.6447
F,0.6792
L,0.5684
A,0.4088
I,0.413
N,0.04099
D,0.2385
N,0.3425
S,1.83
N,0.9986
Q,1.656
A,2.47
A,0.8304
G,0.2285
G,0.07489
S,0.4652
H,0.03222
W,0.0558
S,0.09574
L,0.1836
L,0.1914
V,0.4487
Y,1.033
L,1.287
Q,0.9933
D,2.293
K,1.514
N,1.219
S,1.725
F,0.4072
F,1.474
H,0.1678
Y,0.6362
D,0.03247
S,0.03204
H,1.1
S,1.352
R,1.526
S,1.257
N,0.1049
S,2.367
V,3.574
H,1.166
A,0.1656
K,1.802
Q,1.905
V,0.7567
A,0.6219
E,2.369
K,0.9081
L,0.9685
E,1.491
A,2.38
F,1.263
L,0.7443
G,1.609
R,2.224
K,1.827
G,2.251
D,2.371
K,2.188
L,2.254
A,2.256
F,1.167
V,1.798
E,0.7331
E,1.195
K,1.683
A,0.6884
P,0.4073
A,0.4723
Q,0.03252
Q,1.582
N,0.03545
S,0.5433
Y,0.7772
D,0.03244
C,0.08599
G,0.03451
M,0.5762
Y,0.5785
V,0.2473
I,0.5288
C,0.5225
N,0.7347
T,0.4945
E,0.5275
A,1.107
L,0.5592
C,1.117
Q,1.804
N,1.228
F,1.917
F,2.33
R,1.978
Q,1.923
Q,2.256
T,2.368
E,2.084
S,1.859
L,2.288
L,2.114
Q,1.434
L,1.734
L,0.6502
T,0.6388
P,1.029
A,1.998
Y,2.174
I,0.4426
T,1.39
K,1.898
K,0.7737
R,0.03217
G,1.983
E,1.465
W,0.6973
K,1.099
D,2.06
L,0.7897
I,0.2427
A,2.276
T,2.186
L,0.4246
A,0.9736
K,1.87
K,2.116
