"pdb_aa","rate"
S,2.253
V,1.762
K,1.495
I,1.92
S,0.5435
D,2.17
D,1.892
I,0.6591
S,2.178
I,0.6199
T,1.53
Q,1.116
L,0.8633
S,0.9438
D,1.687
K,0.9237
V,0.6888
Y,0.6612
T,1.032
Y,0.1775
V,0.8009
S,0.2139
L,1.441
A,1.392
E,2.261
I,0.9532
E,1.944
G,1.623
W,1.139
G,0.8561
M,1.591
V,0.707
P,1.142
S,0.4352
N,0.09172
G,0.2242
M,0.4854
I,0.5795
V,0.7008
I,1.11
N,0.8696
N,1.505
H,1.45
Q,0.8236
A,0.4914
A,0.8989
L,0.6749
L,0.5541
D,0.052
T,0.1477
P,0.2679
I,0.8468
N,0.7472
D,1.323
A,2.311
Q,0.7198
T,0.2221
E,1.752
M,1.293
L,0.1584
V,0.6558
N,2.065
W,1.124
V,0.6747
T,1.904
D,2.009
S,1.409
L,0.8035
H,1.768
A,1.235
K,1.454
V,0.5704
T,1.143
T,1.025
F,0.7012
I,0.5607
P,0.6184
N,0.1237
H,0.05065
W,0.4308
H,0.05066
G,1.723
D,0.05069
C,0.2975
I,0.7915
G,0.4528
G,0.07261
L,0.6318
G,1.911
Y,0.972
L,0.5523
Q,0.9636
R,1.631
K,1.762
G,0.9645
V,0.3446
Q,1.044
S,0.2924
Y,0.8321
A,0.3868
N,0.7084
Q,2.175
M,1.652
T,0.05075
I,0.4679
D,1.963
L,1.097
A,0.4607
K,1.285
E,2.255
K,2.102
G,1.546
L,1.634
P,1.82
V,2.075
P,0.2712
E,1.604
H,1.482
G,1.564
F,0.6341
T,2.244
D,2.161
S,1.619
L,0.8448
T,1.319
V,1.235
S,1.979
L,0.9943
D,0.9438
G,1.967
M,2.03
P,2.05
L,0.835
Q,1.44
C,1.098
Y,1.449
Y,0.663
L,0.7947
G,0.05116
G,0.927
G,0.1571
H,0.05071
A,0.3733
T,2.132
D,0.05114
N,0.05134
I,0.6573
V,0.3504
V,0.3228
W,0.594
L,0.8289
P,0.5517
T,1.821
E,1
N,1.408
I,0.7924
L,0.2998
F,0.5671
G,0.1385
G,0.09408
C,0.05855
M,0.5372
L,0.5346
K,0.1701
D,0.6503
N,1.833
Q,1.838
A,0.4204
T,1.648
S,0.7498
I,0.411
G,0.06156
N,0.2502
I,0.8518
S,1.096
D,0.178
A,0.1607
D,0.4883
V,1.095
T,3.397
A,1.453
W,0.1309
P,0.8303
K,2.399
T,0.2784
L,0.5783
D,2.207
K,1.115
V,0.9608
K,1.181
A,2.379
K,1.296
F,0.9441
P,0.9808
S,2.082
A,1.021
R,1.492
Y,1.58
V,0.3196
V,0.4663
P,0.2103
G,0.161
H,0.05066
G,0.3629
D,2.27
Y,2.278
G,0.4933
G,1.1
T,2.349
E,1.261
L,0.377
I,0.4617
E,1.493
H,0.3393
T,0.05069
K,1.006
Q,2.046
I,0.3215
V,1.059
N,2.109
Q,1.531
Y,1.675
I,0.4753
E,2.226
S,2.28
T,2.087
S,2.209
K,3.363
