"pdb_aa","rate"
M,1.324
Q,0.6021
D,0.02395
T,0.7858
I,0.1225
F,1.878
L,0.8053
K,1.266
G,1.226
M,0.4878
R,1.753
F,0.2856
Y,0.6484
G,0.2212
Y,0.8185
H,0.01486
G,0.01593
A,0.3427
L,1.352
S,1.938
A,0.269
E,0.01348
N,0.8278
E,1.815
I,0.3529
G,0.04345
Q,0.03815
I,0.5909
F,0.2312
K,2.365
V,0.4266
D,0.2791
V,1.221
T,1.263
L,0.8495
K,2.548
V,1.926
D,0.3857
L,0.3732
S,2.575
E,2.579
A,0.1552
G,0.4592
R,4.026
T,0.7817
D,0.01311
N,1.929
V,0.6533
I,2.578
D,1.951
T,0.2368
V,0.5362
H,0.4859
Y,0.01653
G,0.587
E,1.37
V,0.5945
F,0.6286
E,2.219
E,2.566
V,0.7113
K,0.9948
S,4.082
I,0.8416
M,0.5492
E,0.4463
G,1.195
K,2.205
A,1.282
V,2.501
N,1.545
L,0.01564
L,0.697
E,0.01348
H,0.6964
L,0.5332
A,0.2314
E,0.6833
R,2.041
I,0.2444
A,0.3142
N,2.522
R,4.315
I,1.064
N,0.5193
S,4.319
Q,2.563
Y,0.8243
N,2.544
R,2.578
V,0.7044
M,2.579
E,1.551
T,0.835
K,1.201
V,0.4262
R,1.03
I,0.4089
T,0.8102
K,0.01369
E,0.2138
N,0.7748
P,0.09911
P,0.03601
I,0.1774
P,1.617
G,0.3029
H,0.9204
Y,0.5576
D,1.963
G,0.6498
V,0.2549
G,0.4273
I,0.4538
E,0.5439
I,0.3757
V,1.874
R,0.05219
E,2.54
N,0.5222
K,2.579
