"pdb_aa","rate"
T,1.43
T,1.41
K,1.748
A,1.503
N,1.055
I,0.5725
K,1.212
L,0.7607
F,0.6243
S,0.8262
F,0.319
T,0.4743
E,0.148
V,0.16
N,0.09136
D,0.6121
T,0.8438
N,0.2521
P,0.4949
L,0.9534
N,0.1002
N,0.488
L,0.4124
N,0.7585
F,0.2038
T,1.205
L,0.285
K,0.8339
N,1.57
S,0.5038
G,0.5291
K,1.398
P,0.7183
L,0.4019
V,0.6596
D,0.1797
M,0.5877
V,0.3296
V,0.5467
L,0.321
F,0.1559
S,0.09489
A,0.2027
N,0.09124
I,0.09013
N,0.2054
Y,0.8164
D,0.5218
A,0.9801
A,1.789
N,0.9223
D,1.497
K,1.253
V,0.3378
F,1.542
V,0.3297
S,1.125
N,0.7766
N,0.09121
P,1.407
N,0.4355
V,0.2738
Q,0.6906
H,1.178
L,0.3186
L,0.1126
T,0.9707
N,0.4621
R,0.8844
A,1.498
K,0.2907
Y,0.6263
L,0.4452
K,0.6254
P,0.1788
L,0.2856
Q,0.1724
D,1.387
K,0.5784
G,0.1004
I,0.1202
K,0.09837
V,0.09171
I,1.094
L,0.1408
S,0.204
I,0.7643
L,0.09962
G,0.1166
N,0.1031
H,0.1132
D,0.413
R,0.3855
S,0.2878
G,0.1004
I,0.4991
A,0.3172
N,0.09551
L,0.3501
S,0.634
T,1.422
A,1.24
R,0.7624
A,0.3507
K,1.236
A,0.7639
F,0.1918
A,0.1191
Q,1.348
E,0.6203
L,0.6748
K,0.4752
N,1.073
T,0.9332
C,0.1522
D,1.662
L,1.852
Y,0.1645
N,0.4735
L,0.1112
D,0.0944
G,0.1004
V,0.2201
F,0.3107
F,0.3735
D,0.09148
D,0.101
E,0.09703
Y,0.5055
S,0.4403
A,1.645
Y,0.212
Q,0.5521
T,1.774
P,0.8953
P,0.9981
P,0.7399
S,0.3536
G,0.2894
F,0.4199
V,0.8091
T,0.5778
P,0.4082
S,0.1716
N,1.603
N,0.9894
A,0.1214
A,0.6252
A,0.5378
R,1.262
L,0.3739
A,0.6353
Y,1.179
E,0.3799
T,0.217
K,0.2902
Q,1.714
A,1.038
M,0.6475
P,0.3377
N,1.143
K,0.2015
L,0.7277
V,0.1434
T,0.3509
V,0.7221
Y,0.5127
V,1.34
Y,0.5887
S,0.3104
R,1.197
T,0.9881
S,0.8162
S,1.399
F,1.311
P,1.185
T,0.6516
A,0.8215
V,1.204
D,1.474
G,0.7084
V,1.236
N,1.161
A,0.7671
G,1.473
S,1.253
Y,2.29
V,0.8191
D,0.5335
Y,0.5775
A,0.4452
I,1.279
H,0.3602
D,0.8228
Y,0.9076
G,0.5578
G,0.5491
S,0.9248
Y,1.69
D,1.2
L,1.135
A,0.3987
T,2.416
N,1.27
Y,1.105
P,0.7742
G,0.9686
L,0.6705
A,1.18
K,0.7453
S,0.7216
G,1.262
M,0.8954
V,0.4771
M,0.7149
S,0.523
S,0.2056
Q,0.7912
E,0.929
F,0.9915
N,1.229
Q,1.633
G,0.6018
R,1.283
Y,1.15
A,1.141
T,0.8278
A,1.045
Q,1.801
A,1.283
L,0.3059
R,1.937
N,0.567
I,0.5181
V,0.8807
T,1.487
K,1.302
G,0.5214
Y,0.277
G,0.2088
G,0.5508
H,0.8121
M,0.4564
I,0.5481
F,0.4082
A,0.3565
M,0.4983
D,0.6397
P,0.6963
N,0.5752
R,0.7945
S,1.373
N,1.9
F,0.6627
T,1.429
S,0.8675
G,1.538
Q,0.966
L,0.6376
P,0.3167
A,1.208
L,0.9199
K,0.8824
L,0.708
I,0.2762
A,0.1632
K,1.424
E,1.793
L,0.5104
Y,0.6621
G,0.3619
D,1.296
E,0.9864
L,0.2677
V,1.019
Y,0.8582
S,1.098
N,1.264
T,0.7058
P,1.139
Y,0.7996
S,1.606
K,0.3674
D,0.3295
W,0.4533
