"pdb_aa","rate"
A,0.5964
D,0.8597
G,-0.7162
R,1.888
S,-1.131
T,-1.055
R,-0.9606
Y,-0.7279
W,-1.073
D,-1.175
C,-1.131
C,-1.124
K,-1.162
P,-0.5955
S,-1.097
C,-1.129
G,-0.02907
W,-0.9992
A,1.054
K,0.74
K,-0.691
A,-0.27
P,1.578
V,-0.1193
N,0.7604
Q,1.417
P,-0.5582
V,-0.7654
F,3.513
S,-0.3868
C,-1.162
N,0.2515
A,1.028
N,0.1138
F,-0.717
Q,0.9347
R,0.09276
I,1.299
T,1.191
D,0.1665
F,2.34
D,0.7716
A,0.7602
K,1.148
S,-1.152
G,-0.1984
C,-1.073
E,1.014
P,1.836
G,-0.2382
G,-0.9325
V,1.242
A,-0.6219
Y,0.2503
S,-0.0993
C,-1.165
A,-0.1526
D,-0.01042
Q,-0.2244
T,0.01768
P,-0.8255
W,1.302
A,-0.4423
V,-0.7102
N,-0.4401
D,-0.1561
D,0.1106
F,0.3721
A,-0.4796
L,-0.1874
G,-1.173
F,-0.6131
A,-0.8166
A,-1.022
T,-0.9164
S,-0.07709
I,-0.2518
A,0.5558
G,-0.658
S,0.8383
N,1.435
E,-0.85
A,0.8637
G,1.673
W,0.7531
C,-1.032
C,-1.092
A,0.2155
C,-1.14
Y,0.1631
E,-0.158
L,-0.7185
T,-0.3089
F,-1.099
T,-0.8279
S,-0.6141
G,0.4669
P,0.4252
V,-0.1476
A,0.6361
G,-0.8956
K,-0.9079
K,0.3311
M,-0.3852
V,0.1494
V,-1.172
Q,-1.17
S,-0.1026
T,-0.8723
S,-1.17
T,-0.8289
G,0.1029
S,0.8131
N,-0.6724
H,-0.2136
F,-0.7697
D,-0.8299
L,-0.05045
N,-0.4546
I,-0.1492
P,-1.183
G,-1.173
G,-1.076
G,-1.153
V,-0.9418
G,-1.15
I,0.2648
F,-0.1496
D,0.166
G,-0.8132
C,-1.164
T,0.03895
P,1.439
Q,-0.9868
F,0.3471
G,0.03879
G,0.3602
L,0.2359
P,1.134
G,-1.119
Q,0.6733
R,0.1824
Y,-0.4353
G,-0.8665
G,-1.173
I,-0.5536
S,0.1798
S,-0.4966
R,1.322
N,0.5874
E,1.023
C,-1.163
D,0.4943
R,0.9831
F,-0.6643
P,-1.178
D,1.229
A,1.302
L,-0.9627
K,-0.1552
P,1.413
G,-1.123
C,-1.134
Y,2.577
W,-0.1006
R,-1.135
F,-0.579
D,0.2375
W,-0.36
F,-0.1483
K,1.813
N,-0.3083
A,-0.5234
D,-0.2047
N,-0.9392
P,-0.924
S,1.904
F,-0.3774
S,1.357
F,-0.5288
R,2.285
Q,0.3493
V,-0.978
Q,1.379
C,-0.9495
P,-1.183
A,1.221
E,0.6092
L,0.1964
V,-0.03373
A,1.305
R,0.3674
T,-0.6887
G,-0.2558
C,-0.8334
R,3.097
R,-0.1098
N,2.86
D,1.407
D,0.8342
G,1.274
N,2.205
F,1.725
P,1.636
A,1.094
V,0.8037
