"pdb_aa","rate"
A,1.187
D,1.349
G,0.3791
R,1.982
S,0.1236
T,0.1704
R,0.2287
Y,0.3719
W,0.1594
D,0.09651
C,0.124
C,0.1281
K,0.1046
P,0.4534
S,0.1448
C,0.125
G,0.8021
W,0.2049
A,1.469
K,1.275
K,0.3946
A,0.6537
P,1.791
V,0.7465
N,1.288
Q,1.692
P,0.4764
V,0.3488
F,2.982
S,0.5819
C,0.1044
N,0.9748
A,1.453
N,0.89
F,0.3786
Q,1.395
R,0.8771
I,1.62
T,1.553
D,0.9225
F,2.26
D,1.295
A,1.288
K,1.527
S,0.1105
G,0.6979
C,0.1595
E,1.444
P,1.95
G,0.6733
G,0.2459
V,1.585
A,0.4371
Y,0.974
S,0.7588
C,0.103
A,0.726
D,0.8136
Q,0.6818
T,0.8308
P,0.3118
W,1.622
A,0.5477
V,0.3828
N,0.5491
D,0.7239
D,0.8881
F,1.049
A,0.5248
L,0.7046
G,0.09812
F,0.4425
A,0.3173
A,0.1908
T,0.2559
S,0.7725
I,0.665
A,1.162
G,0.415
S,1.336
N,1.703
E,0.2967
A,1.352
G,1.85
W,1.284
C,0.1846
C,0.1476
A,0.9526
C,0.1183
Y,0.9204
E,0.7227
L,0.3777
T,0.6298
F,0.1438
T,0.3103
S,0.4419
G,1.107
P,1.082
V,0.7291
A,1.212
G,0.2687
K,0.2611
K,1.024
M,0.5829
V,0.9119
V,0.0984
Q,0.09975
S,0.7568
T,0.283
S,0.09982
T,0.3097
G,0.8833
S,1.32
N,0.406
H,0.6885
F,0.3462
D,0.3091
L,0.7889
N,0.5401
I,0.7281
P,0.09168
G,0.09804
G,0.1579
G,0.11
V,0.2402
G,0.112
I,0.9829
F,0.7279
D,0.9222
G,0.3194
C,0.1033
T,0.8439
P,1.706
Q,0.2126
F,1.034
G,0.8438
G,1.042
L,0.9652
P,1.518
G,0.1312
Q,1.234
R,0.9322
Y,0.552
G,0.2866
G,0.09819
I,0.4792
S,0.9306
S,0.5143
R,1.633
N,1.182
E,1.449
C,0.104
D,1.124
R,1.425
F,0.4111
P,0.09491
D,1.576
A,1.621
L,0.2274
K,0.7245
P,1.69
G,0.1287
C,0.1219
Y,2.406
W,0.758
R,0.1211
F,0.4635
D,0.9662
W,0.5984
F,0.7287
K,1.936
N,0.6302
A,0.4978
D,0.6939
N,0.2418
P,0.2512
S,1.992
F,0.5876
S,1.656
F,0.4944
R,2.227
Q,1.035
V,0.218
Q,1.669
C,0.2355
P,0.09177
A,1.572
E,1.195
L,0.9409
V,0.7992
A,1.623
R,1.046
T,0.396
G,0.6625
C,0.307
R,2.727
R,0.7524
N,2.581
D,1.686
D,1.333
G,1.604
N,2.177
F,1.882
P,1.827
A,1.493
V,1.315
