"pdb_aa","rate"
A,1.018
D,1.325
N,1.712
R,0.9306
R,0.2043
P,0.1091
I,0.5538
W,0.5926
N,0.647
L,0.3144
A,0.4776
H,0.1007
M,0.05549
V,0.111
N,0.07563
A,0.8046
V,0.6108
A,3.206
Q,0.5216
I,0.3256
P,0.6771
D,1.315
F,0.7869
L,0.6492
D,1.598
L,1.539
G,0.0717
A,0.1681
N,0.05422
A,0.4307
L,0.3833
E,0.07418
A,1.054
D,0.05749
V,0.5
T,0.7053
F,0.1042
K,1.387
G,1.138
S,0.3795
V,1.065
P,0.3253
T,1.308
Y,1.214
T,0.5887
Y,0.9219
H,0.05585
G,0.1612
T,1.369
P,0.2063
C,0.07775
D,0.1575
F,0.3622
G,1.235
R,0.06973
D,1.535
C,0.07775
I,2.016
R,1.194
W,3.308
E,0.6866
Y,2.41
F,0.7411
N,1.697
V,1.612
F,0.4549
L,0.6382
K,1.525
T,1.027
L,0.6906
R,0.3591
E,1.564
Y,1.067
T,0.172
T,0.3133
P,0.423
G,0.6096
N,1.198
A,1.22
K,0.7576
Y,0.6579
R,1.039
D,1.665
G,1.1
F,0.5099
I,1.391
L,0.4587
F,0.6388
V,0.6139
L,0.7661
D,0.1729
L,0.3231
K,0.1115
T,0.5285
G,0.9881
S,1.277
L,0.8176
S,0.9174
N,1.46
D,1.909
Q,0.949
V,0.4202
R,1.588
P,2.269
A,0.236
G,0.1078
E,1.876
N,0.8313
V,0.9481
A,0.1054
K,1.933
E,1.026
L,0.4627
L,0.7778
Q,1.757
N,1.356
Y,0.2864
W,0.409
N,0.9856
N,0.9598
G,0.289
N,1.424
N,0.6202
G,1.535
G,0.6653
R,0.3507
A,0.3916
Y,0.3701
V,0.428
V,0.8468
L,0.7023
S,0.09189
L,0.5101
P,0.5304
D,1.363
I,0.7631
G,2.487
H,0.6123
Y,1.345
E,1.171
F,0.5716
V,0.6997
R,2.017
G,0.6368
F,0.132
K,1.291
E,1.657
V,1.15
L,1.035
K,1.814
K,2.972
E,1.748
G,1.2
H,0.9619
E,1.905
D,1.359
L,0.9751
L,1.341
E,1.786
K,0.4131
V,0.3357
G,0.1511
Y,1.37
D,0.09828
F,0.1675
S,0.2799
G,0.8869
P,0.3764
Y,0.8174
L,1.542
P,0.7865
S,1.364
L,0.8049
P,0.6633
T,1.03
L,0.5632
D,1.432
A,1.812
T,0.4481
H,1.305
E,2.965
A,0.5389
Y,1.06
K,2.118
K,1.323
A,0.5779
G,0.729
V,0.3624
D,2.35
G,1.31
H,0.193
I,0.3879
W,0.1199
L,0.2686
S,0.2346
D,0.1399
G,0.1026
L,0.4924
T,0.2214
N,0.07395
F,0.3638
S,1.723
P,1.47
L,3.178
G,0.3196
D,1.591
M,0.938
A,3.467
R,0.09719
L,0.4779
K,2.209
E,2.076
A,0.3978
I,0.5908
K,2.862
S,0.9597
R,0.09751
D,0.4102
S,0.8557
A,1.804
N,1.702
G,1.183
F,1.038
I,0.2789
N,0.6421
K,0.06181
I,0.2738
Y,0.1769
Y,1.022
W,0.1237
S,0.1324
V,0.7404
D,0.175
K,0.8594
V,2.17
S,1.699
T,0.6474
T,0.6565
K,0.5302
A,1.795
A,0.4673
L,0.2616
D,0.9068
V,0.5751
G,0.612
V,0.2368
D,0.05828
G,0.2648
I,0.5421
M,0.2564
T,0.134
N,0.05472
Y,1.511
P,0.1866
N,1.25
V,0.6536
L,0.8046
I,1.401
G,2.336
V,0.3371
L,0.3763
K,1.075
E,0.3117
S,2.427
G,1.318
Y,0.7308
N,1.001
D,3.376
K,1.044
Y,1.29
R,0.1766
L,1.125
A,0.05513
T,0.5451
Y,1.107
D,1.965
D,0.07052
N,0.317
P,0.163
W,0.7689
E,0.9982
T,0.6423
F,0.8447
K,1.502
N,2.843
