"pdb_aa","rate"
A,1.302
H,1.997
M,2.68
K,1.009
K,0.7468
V,0.6114
I,0.1201
G,0.1761
I,0.1181
G,0.1426
E,0.3072
Y,1.201
A,0.7891
V,0.9714
M,0.7997
K,2.019
N,1.951
P,0.731
G,1.614
V,1.563
I,0.4134
V,0.4798
T,0.08074
L,0.5116
G,0.04557
L,0.03304
G,0.009473
S,0.006206
C,0.01052
V,0.2373
A,0.1631
V,0.4856
C,0.4411
M,0.815
R,0.5556
D,0.08739
P,1.79
V,4.581
A,1.659
K,1.203
V,0.9492
G,0.4049
A,0.2444
M,0.4667
A,0.4058
H,0.006724
V,0.5535
M,0.07829
L,0.009261
P,0.0087
D,0.7166
S,1.392
G,1.291
G,0.9605
K,1.2
T,1.994
D,1.993
K,0.3606
P,1.626
G,0.6003
K,0.06232
Y,0.4582
A,0.09262
D,0.07133
T,0.1982
A,0.2819
V,0.5314
K,1.59
T,1.969
L,0.5426
V,1.19
E,2.701
E,1.656
L,0.6126
K,2.73
K,2.55
M,2.701
G,0.06025
A,0.5222
K,2.021
V,2.052
E,2.218
R,0.8821
L,0.9055
E,1.309
A,0.1163
K,0.0348
I,0.5902
A,0.1126
G,0.009473
G,0.009473
A,0.1332
S,0.4276
M,0.03351
F,0.03527
E,1.039
S,1.039
K,1.58
G,1.177
M,0.6392
N,0.5887
I,0.1566
G,0.009473
A,1.168
R,0.1422
N,0.006427
V,0.6399
E,1.202
A,0.2806
V,0.3898
K,0.8074
K,2.657
H,1.987
L,0.08361
K,2.006
D,2.625
F,2.698
G,1.978
I,0.1916
K,0.9491
L,0.7883
L,1.35
A,0.511
E,0.4652
D,0.1443
T,0.5118
G,0.07335
G,0.4004
N,0.5662
R,0.8577
A,0.07005
R,0.007051
S,0.07932
V,0.2468
E,0.6243
Y,0.6559
N,1.067
I,0.9036
E,2.528
T,0.6222
G,0.6579
K,2.132
L,0.4863
L,2.701
V,0.3991
R,0.4249
K,0.3638
V,0.3718
L,1.494
E,0.4409
I,0.9375
K,4.042
E,1.701
I,1.692
