"pdb_aa","rate"
A,0.4723
H,1.276
M,2.065
K,0.1342
K,-0.1687
V,-0.325
I,-0.8926
G,-0.8278
I,-0.8949
G,-0.8665
E,-0.6764
Y,0.3562
A,-0.1198
V,0.09078
M,-0.1075
K,1.3
N,1.223
P,-0.1868
G,0.8332
V,0.774
I,-0.5538
V,-0.477
T,-0.938
L,-0.4404
G,-0.9787
L,-0.9931
G,-1.02
S,-1.024
C,-1.019
V,-0.7571
A,-0.8429
V,-0.4703
C,-0.5218
M,-0.08981
R,-0.3895
D,-0.9303
P,1.036
V,4.261
A,0.8846
K,0.3578
V,0.06521
G,-0.5635
A,-0.749
M,-0.4922
A,-0.5625
H,-1.024
V,-0.3919
M,-0.9408
L,-1.021
P,-1.021
D,-0.2036
S,0.5768
G,0.4605
G,0.0782
K,0.3554
T,1.272
D,1.271
K,-0.6148
P,0.847
G,-0.3378
K,-0.9593
Y,-0.502
A,-0.9243
D,-0.9489
T,-0.8023
A,-0.7056
V,-0.4175
K,0.8058
T,1.244
L,-0.4045
V,0.3432
E,2.089
E,0.8814
L,-0.3236
K,2.122
K,1.914
M,2.088
G,-0.9617
A,-0.4281
K,1.303
V,1.339
E,1.531
R,-0.01231
L,0.01468
E,0.4807
A,-0.8969
K,-0.9911
I,-0.3495
A,-0.9012
G,-1.02
G,-1.02
A,-0.8774
S,-0.5374
M,-0.9926
F,-0.9905
E,0.1689
S,0.1684
K,0.7933
G,0.3283
M,-0.2929
N,-0.3513
I,-0.8504
G,-1.02
A,0.3183
R,-0.8671
N,-1.024
V,-0.2921
E,0.3572
A,-0.7071
V,-0.581
K,-0.09868
K,2.038
H,1.264
L,-0.9347
K,1.286
D,2.001
F,2.085
G,1.254
I,-0.8099
K,0.0651
L,-0.1207
L,0.5277
A,-0.441
E,-0.4939
D,-0.8645
T,-0.4401
G,-0.9466
G,-0.5688
N,-0.3773
R,-0.04049
A,-0.9504
R,-1.023
S,-0.9397
V,-0.7462
E,-0.3102
Y,-0.2736
N,0.201
I,0.01253
E,1.889
T,-0.3125
G,-0.2714
K,1.431
L,-0.4695
L,2.089
V,-0.5703
R,-0.5405
K,-0.611
V,-0.6018
L,0.695
E,-0.522
I,0.0517
K,3.638
E,0.9342
I,0.9229
