"pdb_aa","rate"
V,1.12
Q,-0.09625
A,-0.9118
V,-0.6923
A,-0.4499
V,-0.5243
L,-0.3032
K,0.7815
G,-0.6386
D,0.3244
A,2.048
G,1.439
V,-0.5064
S,1.2
G,-0.879
V,0.2069
V,-0.2328
K,2.068
F,-0.4785
E,0.9304
Q,-0.8126
A,2.069
S,2.066
E,1.857
S,2.039
E,2.06
P,0.5861
T,-0.5704
T,1.25
V,0.05433
S,0.9459
Y,-0.1881
E,1.008
I,-0.2311
A,1.259
G,-0.7128
N,-0.5935
S,0.6205
P,0.8318
N,-0.3486
A,-0.666
E,2.03
R,-0.9207
G,-0.8816
F,-0.769
H,-0.9534
I,0.05633
H,-0.9535
E,0.1394
F,-0.1337
G,-0.909
D,-0.9346
A,-0.5128
T,-0.7796
N,-0.7648
G,-0.9065
C,-0.9609
V,0.01808
S,-0.8834
A,-0.8399
G,-0.8804
P,0.2728
H,-0.9685
F,-0.1823
N,-0.9565
P,-0.9642
F,2.082
K,2.006
K,0.01433
T,0.6789
H,-0.9685
G,-0.7762
A,-0.2258
P,-0.7423
T,2.07
D,-0.2849
E,2.065
V,2.07
R,-0.9677
H,-0.9685
V,-0.484
G,-0.9628
D,-0.9678
M,-0.7789
G,-0.9628
N,-0.9694
V,-0.0532
K,1.161
T,-0.6923
D,0.2649
E,2.052
N,0.8795
G,-0.6357
V,0.2635
A,-0.4842
K,1.499
G,0.1637
S,1.463
F,0.2755
K,1.492
D,-0.8658
S,2.068
L,2.068
I,0.07009
K,-0.02139
L,-0.8293
I,1.146
G,-0.9364
P,2.015
T,1.417
S,-0.6326
V,-0.2171
V,0.03515
G,-0.9628
R,-0.9677
S,-0.4487
V,0.1516
V,-0.9121
I,-0.4979
H,-0.9685
A,-0.1937
G,-0.4808
Q,0.6501
D,-0.9678
D,-0.9678
L,-0.7186
G,-0.9628
K,0.5189
G,-0.8457
D,0.03927
T,-0.06091
E,0.134
E,-0.5606
S,-0.9702
L,0.08886
K,-0.391
T,-0.9572
G,-0.9365
N,-0.8996
A,-0.9125
G,-0.9628
P,0.8157
R,-0.9514
P,0.7161
A,-0.8223
C,-0.9609
G,-0.8551
V,-0.7163
I,-0.736
G,-0.6329
L,-0.004252
T,0.6606
N,1.17
