"pdb_aa","rate"
V,1.962
Q,0.8239
A,0.06076
V,0.2662
A,0.493
V,0.4234
L,0.6303
K,1.645
G,0.3165
D,1.218
A,2.831
G,2.26
V,0.4402
S,2.037
G,0.09142
V,1.108
V,0.6962
K,2.849
F,0.4662
E,1.785
Q,0.1536
A,2.85
S,2.847
E,2.652
S,2.822
E,2.842
P,1.462
T,0.3802
T,2.084
V,0.9648
S,1.799
Y,0.738
E,1.857
I,0.6977
A,2.092
G,0.247
N,0.3586
S,1.495
P,1.692
N,0.5878
A,0.2908
E,2.813
R,0.05245
G,0.08904
F,0.1944
H,0.02188
I,0.9667
H,0.02178
E,1.044
F,0.7889
G,0.06338
D,0.0394
A,0.4341
T,0.1844
N,0.1984
G,0.06572
C,0.01487
V,0.9309
S,0.08733
A,0.1281
G,0.09015
P,1.169
H,0.007703
F,0.7434
N,0.01897
P,0.01171
F,2.862
K,2.791
K,0.9274
T,1.549
H,0.007703
G,0.1877
A,0.7028
P,0.2193
T,2.851
D,0.6474
E,2.847
V,2.851
R,0.008473
H,0.007703
V,0.4611
G,0.01308
D,0.008332
M,0.1851
G,0.01308
N,0.006892
V,0.8642
K,2
T,0.2662
D,1.162
E,2.834
N,1.737
G,0.3191
V,1.161
A,0.4609
K,2.317
G,1.067
S,2.283
F,1.172
K,2.31
D,0.1038
S,2.849
L,2.849
I,0.9796
K,0.894
L,0.138
I,1.986
G,0.03777
P,2.799
T,2.24
S,0.3221
V,0.7109
V,0.9469
G,0.01308
R,0.008473
S,0.4941
V,1.056
V,0.06049
I,0.4481
H,0.007703
A,0.7327
G,0.4641
Q,1.522
D,0.008332
D,0.008332
L,0.2416
G,0.01308
K,1.4
G,0.1227
D,0.9508
T,0.857
E,1.039
E,0.3894
S,0.006156
L,0.9972
K,0.5481
T,0.01827
G,0.03765
N,0.07221
A,0.06016
G,0.01308
P,1.677
R,0.02372
P,1.584
A,0.1446
C,0.01487
G,0.1138
V,0.2437
I,0.2253
G,0.3217
L,0.91
T,1.532
N,2.009
