"pdb_aa","rate"
D,1.216
T,0.9854
T,1.101
I,0.9518
C,0.3265
E,1.019
P,0.6402
F,1.497
G,1.16
T,0.79
T,1.969
T,1.345
I,1.023
Q,1.031
G,0.7059
R,0.6583
Y,0.4122
V,0.6949
V,0.8262
Q,0.368
N,0.09637
N,0.2552
R,0.6707
W,0.1076
G,0.2003
S,1.26
T,1.269
A,1.012
P,1.016
Q,0.08929
C,0.5327
V,0.4211
T,0.5597
A,1.121
T,0.9528
D,0.9606
T,0.8804
G,0.722
F,0.2264
R,0.7037
V,0.3578
T,0.9978
Q,0.8549
A,0.7277
D,1.139
G,0.4313
S,1.035
A,0.4098
P,0.8717
T,0.8813
N,1.05
G,0.8381
A,0.8088
P,0.1639
K,0.09365
S,0.2294
Y,0.3385
P,0.3973
S,0.2138
V,0.5641
F,0.7101
N,1.081
G,0.1509
C,0.2947
H,0.1287
Y,0.5393
T,0.5843
N,1.289
C,0.4772
S,0.975
P,1.001
G,1.097
T,1.119
D,1.211
L,0.947
P,0.6756
V,1.162
R,1.378
L,0.646
D,0.6328
T,1.574
V,0.7257
S,1.627
A,0.6194
A,0.3841
P,0.9844
S,0.2904
S,1.107
I,0.5126
S,1.572
Y,0.6139
G,1.028
F,0.4413
V,0.9518
D,1.034
G,1.129
A,0.4867
V,0.4435
Y,0.2788
N,0.434
A,0.1979
S,0.4411
Y,0.1129
D,0.08917
I,0.4435
W,0.1151
L,0.4279
D,0.3157
P,0.6554
T,0.8458
A,1.009
R,0.916
T,0.7437
D,1.126
G,0.8961
V,0.9322
N,1.014
Q,0.6675
T,0.6218
E,0.08924
I,0.4152
M,0.08914
I,0.2463
W,0.1122
F,0.4926
N,0.4196
R,0.8482
V,1.248
G,0.1986
P,0.8256
I,0.3026
Q,0.3669
P,0.09353
I,0.5088
G,0.1003
S,0.6254
P,1.792
V,0.9131
G,0.8136
T,0.7668
A,0.8447
S,1.069
V,0.7759
G,0.9571
G,0.1782
R,1.187
T,1.152
W,0.3829
E,1.114
V,0.3617
W,0.9158
S,1.559
G,0.09182
G,1.272
N,0.1153
G,0.4179
S,1.153
N,0.2893
D,1.026
V,0.09447
L,1.005
S,0.08919
F,0.2235
V,0.3628
A,0.272
P,1.298
S,0.6833
A,0.9825
I,0.5913
S,1.378
G,0.8982
W,0.6916
S,0.9269
F,0.6451
D,0.4327
V,0.8996
M,1.124
D,1.414
F,0.2812
V,0.954
R,1.632
A,0.6429
T,0.4541
V,1.322
A,1.184
R,0.6906
G,0.7186
L,1.035
A,1.009
E,0.7122
N,1.153
D,0.8802
W,0.4408
Y,0.5536
L,0.5994
T,0.6876
S,0.6407
V,0.6174
Q,0.202
A,0.3109
G,0.0895
F,0.2149
E,0.08921
P,0.2314
W,0.1804
Q,0.6781
N,0.2424
G,0.7616
A,0.9657
G,0.8418
L,0.95
A,1.084
V,0.4867
N,1.231
S,1.062
F,0.789
S,0.5675
S,0.7098
T,0.8742
V,0.7656
E,1.233
T,2.3
