"pdb_aa","rate"
D,1.188
T,0.6277
T,0.9087
I,0.5463
C,-0.9703
E,0.7101
P,-0.2096
F,1.869
G,1.052
T,0.1537
T,3.014
T,1.501
I,0.7198
Q,0.7371
G,-0.05013
R,-0.1657
Y,-0.7624
V,-0.07675
V,0.2416
Q,-0.8696
N,-1.528
N,-1.143
R,-0.1357
W,-1.501
G,-1.276
S,1.293
T,1.315
A,0.6929
P,0.703
Q,-1.546
C,-0.4702
V,-0.7409
T,-0.4047
A,0.9561
T,0.5485
D,0.5675
T,0.373
G,-0.01114
F,-1.213
R,-0.0555
V,-0.8943
T,0.6576
Q,0.3111
A,0.002791
D,1.001
G,-0.7161
S,0.7477
A,-0.7682
P,0.3519
T,0.3752
N,0.7846
G,0.2704
A,0.1994
P,-1.365
K,-1.535
S,-1.206
Y,-0.9412
P,-0.7987
S,-1.244
V,-0.394
F,-0.04008
N,0.8606
G,-1.396
C,-1.047
H,-1.45
Y,-0.4542
T,-0.3451
N,1.365
C,-0.6049
S,0.6024
P,0.6662
G,0.8988
T,0.9526
D,1.175
L,0.5344
P,-0.1236
V,1.057
R,1.58
L,-0.1955
D,-0.2275
T,2.054
V,-0.002127
S,2.183
A,-0.2599
A,-0.8305
P,0.6251
S,-1.058
S,0.9223
I,-0.519
S,2.049
Y,-0.2733
G,0.7302
F,-0.6919
V,0.5462
D,0.7456
G,0.975
A,-0.5817
V,-0.6864
Y,-1.086
N,-0.7096
A,-1.282
S,-0.6924
Y,-1.488
D,-1.546
I,-0.6864
W,-1.483
L,-0.7244
D,-0.9966
P,-0.1725
T,0.2891
A,0.685
R,0.4595
T,0.04147
D,0.9691
G,0.411
V,0.4987
N,0.6959
Q,-0.1433
T,-0.2542
E,-1.546
I,-0.7552
M,-1.546
I,-1.165
W,-1.49
F,-0.5674
N,-0.7445
R,0.295
V,1.264
G,-1.281
P,0.2401
I,-1.028
Q,-0.8724
P,-1.535
I,-0.5282
G,-1.519
S,-0.2453
P,2.584
V,0.4522
G,0.211
T,0.09747
A,0.2864
S,0.8301
V,0.1196
G,0.559
G,-1.33
R,1.116
T,1.031
W,-0.8335
E,0.9393
V,-0.885
W,0.4588
S,2.019
G,-1.539
G,1.322
N,-1.483
G,-0.7485
S,1.034
N,-1.06
D,0.7249
V,-1.533
L,0.6759
S,-1.546
F,-1.22
V,-0.8824
A,-1.102
P,1.386
S,-0.1051
A,0.6207
I,-0.3281
S,1.579
G,0.4162
W,-0.08483
S,0.4859
F,-0.1976
D,-0.7128
V,0.4195
M,0.9649
D,1.667
F,-1.08
V,0.5516
R,2.197
A,-0.203
T,-0.6609
V,1.445
A,1.109
R,-0.08732
G,-0.01945
L,0.7484
A,0.6845
E,-0.03484
N,1.035
D,0.3724
W,-0.6932
Y,-0.4195
L,-0.3085
T,-0.09448
S,-0.2083
V,-0.2648
Q,-1.272
A,-1.008
G,-1.545
F,-1.241
E,-1.546
P,-1.201
W,-1.325
Q,-0.1175
N,-1.174
G,0.08483
A,0.5799
G,0.2795
L,0.5419
A,0.8665
V,-0.5818
N,1.223
S,0.8139
F,0.1514
S,-0.3859
S,-0.0407
T,0.3581
V,0.09471
E,1.227
T,3.817
