"pdb_aa","rate"
T,2.042
I,0.4468
K,0.8662
L,0.2111
I,0.4339
V,0.1507
G,0.014
L,0.05249
A,0.4099
N,0.008185
P,0.09381
G,0.1175
A,1.998
E,0.9641
Y,0.1421
A,1.577
A,2.531
T,0.05741
R,0.01974
H,0.008894
N,0.008185
A,0.2078
G,0.014
A,0.5425
W,1.01
F,1.339
V,0.7788
D,0.9797
L,1.766
L,0.8742
A,0.2831
E,1.982
R,2.698
L,2.671
R,1.723
A,2.126
P,2.7
L,0.6635
R,1.756
E,2.701
E,0.8543
A,1.83
K,0.4849
F,0.9669
F,1.873
G,0.2942
Y,2.01
T,1.16
S,0.8813
R,0.7461
V,1.86
T,2.79
L,2.426
G,3.377
G,1.205
E,2.702
D,1.644
V,1.171
R,0.6743
L,0.1337
L,0.2964
V,0.8028
P,0.01267
T,1.114
T,0.04633
F,1.381
M,0.01676
N,0.008185
L,0.9591
S,0.04262
G,0.014
K,1.053
A,0.6159
V,0.2712
A,1.515
A,0.4973
M,1.211
A,0.4532
S,1.178
F,0.2063
F,1.098
R,0.5778
I,0.257
N,2.7
P,1.008
D,1.489
E,1.437
I,0.4509
L,0.1122
V,0.3781
A,0.6003
H,0.05563
D,0.009465
E,0.1819
L,0.1741
D,0.07282
L,0.9498
P,1.959
P,0.4622
G,0.014
V,1.969
A,0.7355
K,0.5338
F,1.004
K,0.01062
L,2.572
G,0.5313
G,0.014
G,0.3759
H,0.2836
G,0.328
G,0.07416
H,0.04309
N,0.008185
G,0.014
L,0.1679
K,0.2802
D,0.1432
I,0.3455
I,0.8272
S,0.8444
K,1.303
L,0.6315
G,0.8133
N,0.08671
N,1.001
P,1.607
N,1.538
F,0.3372
H,1.396
R,0.009594
L,0.2604
R,0.009594
I,1.071
G,0.03218
I,0.1264
G,0.1979
H,0.08473
P,0.01267
G,0.4522
D,1.551
K,0.9478
N,1.357
K,1.736
V,0.05022
V,1.264
G,1.258
F,1.393
V,0.01579
L,0.03208
G,1.271
K,0.6086
P,0.3677
P,1.047
V,2.266
S,2.072
E,0.8435
Q,1.066
K,4.683
L,1.999
I,0.4059
D,1.79
E,2.702
A,0.8927
I,0.7804
D,1.631
E,1.06
A,0.5857
A,2.27
R,2.608
C,1.484
T,1.516
E,1.496
M,2.693
W,1.428
F,2.156
T,2.682
D,0.931
G,1.646
L,1.929
T,2.7
K,1.849
A,0.1533
T,0.5421
N,1.055
R,1.94
L,0.319
H,0.1507
A,0.7699
F,2.029
K,1.599
A,1.551
Q,3.208
