"pdb_aa","rate"
T,1.184
I,-0.6214
K,-0.1468
L,-0.8882
I,-0.6361
V,-0.9566
G,-1.111
L,-1.068
A,-0.6632
N,-1.118
P,-1.021
G,-0.9942
A,1.134
E,-0.03589
Y,-0.9663
A,0.6577
A,1.738
T,-1.062
R,-1.105
H,-1.117
N,-1.118
A,-0.892
G,-1.111
A,-0.5132
W,0.01609
F,0.3879
V,-0.2457
D,-0.0182
L,0.872
L,-0.1377
A,-0.8068
E,1.116
R,1.927
L,1.896
R,0.8228
A,1.28
P,1.929
L,-0.3762
R,0.8609
E,1.93
E,-0.1602
A,0.9442
K,-0.5783
F,-0.03271
F,0.9932
G,-0.7941
Y,1.148
T,0.1856
S,-0.1296
R,-0.2827
V,0.9787
T,2.03
L,1.619
G,2.696
G,0.2369
E,1.931
D,0.7336
V,0.1985
R,-0.364
L,-0.9758
L,-0.7917
V,-0.2185
P,-1.113
T,0.1336
T,-1.075
F,0.4365
M,-1.108
N,-1.118
L,-0.04155
S,-1.079
G,-1.111
K,0.06474
A,-0.43
V,-0.8202
A,0.5882
A,-0.5643
M,0.2436
A,-0.6142
S,0.2062
F,-0.8937
F,0.1159
R,-0.4732
I,-0.8363
N,1.929
P,0.01346
D,0.5581
E,0.4997
I,-0.6168
L,-1
V,-0.6992
A,-0.4477
H,-1.064
D,-1.116
E,-0.9213
L,-0.9301
D,-1.045
L,-0.05213
P,1.091
P,-0.604
G,-1.111
V,1.101
A,-0.2947
K,-0.5229
F,0.009485
K,-1.115
L,1.784
G,-0.5258
G,-1.111
G,-0.7017
H,-0.8062
G,-0.7559
G,-1.043
H,-1.078
N,-1.118
G,-1.111
L,-0.9371
K,-0.8101
D,-0.965
I,-0.7361
I,-0.1909
S,-0.1714
K,0.3479
L,-0.4123
G,-0.2065
N,-1.029
N,0.005887
P,0.6923
N,0.6138
F,-0.7455
H,0.4524
R,-1.116
L,-0.8324
R,-1.116
I,0.08554
G,-1.091
I,-0.9841
G,-0.9031
H,-1.031
P,-1.113
G,-0.6153
D,0.628
K,-0.05441
N,0.4087
K,0.8374
V,-1.07
V,0.3038
G,0.297
F,0.4497
V,-1.109
L,-1.091
G,0.3117
K,-0.4382
P,-0.711
P,0.05791
V,1.438
S,1.218
E,-0.1724
Q,0.07919
K,4.174
L,1.136
I,-0.6677
D,0.8986
E,1.931
A,-0.1168
I,-0.2439
D,0.7188
E,0.07208
A,-0.4642
A,1.442
R,1.825
C,0.5524
T,0.5885
E,0.5659
M,1.921
W,0.4893
F,1.313
T,1.908
D,-0.07336
G,0.7355
L,1.056
T,1.929
K,0.9654
A,-0.9536
T,-0.5135
N,0.06711
R,1.069
L,-0.7661
H,-0.9566
A,-0.2558
F,1.17
K,0.6831
A,0.6284
Q,2.503
