"pdb_aa","rate"
H,3.297
G,2.563
I,3.369
R,0.2461
M,0.7779
T,1.985
R,1.382
I,1.36
S,2.389
R,2.466
E,1.933
M,1.922
M,1.294
K,1.394
E,1.925
L,2.548
L,0.2224
S,1.216
V,0.5108
Y,0.0503
F,0.3241
I,0.1786
M,0.2473
G,0.08452
S,0.2758
N,0.9304
N,0.2879
T,0.8183
K,2.578
A,2.033
D,1.171
P,0.4044
V,1.914
T,2.579
V,0.6073
V,0.4335
Q,1.073
K,1.34
A,0.1123
L,0.4476
K,1.731
G,0.3304
G,0.0301
A,0.3672
T,0.1545
L,0.8377
Y,0.5584
Q,0.01247
F,0.6404
R,0.01249
E,0.1228
K,0.01269
G,0.6833
G,2.644
D,1.502
A,0.4914
L,0.6298
T,1.349
G,0.9963
E,2.572
A,1.619
R,0.5389
I,2.583
K,2.568
F,0.6339
A,0.1547
E,2.493
K,1.981
A,0.5718
Q,0.6916
A,2.576
A,0.7091
C,0.2146
R,1.305
E,1.946
A,0.8292
G,2.004
V,0.2872
P,0.2205
F,0.1707
I,0.3589
V,0.3937
N,0.08879
D,0.01576
D,0.2207
V,0.4189
E,1.148
L,0.247
A,0.08292
L,1.681
N,1.717
L,0.7975
K,1.259
A,0.05185
D,0.03717
G,0.01798
I,0.3469
H,0.01239
I,0.3276
G,0.01808
Q,0.01582
E,0.8716
D,0.01247
A,1.117
N,1.614
A,0.6172
K,2.579
E,1.971
V,0.4686
R,0.3231
A,2.303
A,1.468
I,0.8062
G,0.8677
D,1.181
M,0.7545
I,0.3843
L,0.509
G,0.01378
V,0.1808
S,0.01277
A,0.503
H,0.3951
T,0.5673
M,1.576
S,1.522
E,0.1789
V,0.339
K,2.287
Q,2.136
A,0.0796
E,1.187
E,2.115
D,1.915
G,0.7238
A,0.1638
D,0.1283
Y,0.01934
V,0.4952
G,0.02914
L,0.4743
G,0.01378
P,0.1004
I,0.394
Y,0.7189
P,1.291
T,0.01564
E,1.658
T,0.1431
K,0.01269
K,1.921
D,0.07414
T,0.1817
R,0.9773
A,1.887
V,0.9934
Q,0.601
G,0.3279
V,1.153
S,2.302
L,1.068
I,0.3592
E,1.958
A,2.385
V,0.6491
R,0.4534
R,2.579
Q,2.021
G,0.9678
I,1.45
S,2.575
I,0.7999
P,0.01634
I,0.5508
V,0.1128
G,0.1922
I,0.01255
G,0.01378
G,0.01378
I,0.0539
T,0.866
I,2.571
D,1.925
N,0.2647
A,0.6475
A,2.578
P,2.112
V,0.3377
I,1.26
Q,2.223
A,0.5443
G,0.2232
A,0.1765
D,0.4577
G,0.06902
V,0.5556
S,0.1556
M,0.2675
I,0.1017
S,0.1487
A,0.161
I,0.1408
S,0.4168
Q,1.429
A,0.486
E,2.58
D,0.7386
P,0.6629
E,2.579
S,2.577
A,0.3943
A,0.3961
R,2.515
K,2.566
F,0.6627
R,2.397
E,4.106
E,2.574
I,1.246
Q,4.318
T,4.317
Y,2.592
K,3.006
T,4.319
G,3.699
R,4.286
