"pdb_aa","rate"
M,0.357
N,1.776
Y,0.6044
T,1.364
K,2.217
F,0.3604
D,0.4516
V,1.666
K,1.563
N,1.383
W,0.3112
V,1.688
R,0.051
R,0.8696
E,0.7606
H,0.4947
F,0.4161
E,1.234
F,0.4481
Y,0.428
R,1.171
H,1.476
R,1.314
L,0.9038
P,0.7373
C,0.3921
G,0.5819
F,0.5895
S,0.3494
L,0.939
T,0.2352
S,0.7629
K,0.926
I,0.8743
D,0.2632
I,0.3667
T,0.2501
T,3.482
L,0.6711
K,1.345
K,3.15
S,2.333
L,1.298
D,0.8308
D,3.092
S,1.811
A,1.938
Y,1.65
K,0.4909
F,0.4852
Y,0.3049
P,0.5166
V,0.9805
M,0.7712
I,0.4785
Y,0.5479
L,1.3
I,0.7621
A,0.532
Q,1.303
A,0.8786
V,0.4608
N,0.1368
Q,1.48
F,0.7124
D,1.895
E,0.4344
L,0.3853
R,0.2271
M,0.524
A,0.9651
I,1.241
K,1.718
D,1.621
D,0.8798
E,1.789
L,0.347
I,0.495
V,1.279
W,0.9739
D,0.6211
S,2.131
V,0.8049
D,1.058
P,0.1174
Q,0.7441
F,0.4266
T,0.1339
V,0.6736
F,0.6028
H,0.3413
Q,1.662
E,0.9963
T,0.703
E,0.8951
T,0.2934
F,0.228
S,0.2349
A,0.7832
L,0.7785
S,0.731
C,0.3893
P,1.761
Y,1.005
S,1.711
S,2.239
D,0.9733
I,0.7332
D,3.484
Q,3.076
F,0.09908
M,0.929
V,3.107
N,1.593
Y,0.52
L,1.769
S,3.185
V,0.3267
M,1.408
E,1.552
R,2.27
Y,0.6082
K,1.138
S,2.118
D,1.097
T,1.144
K,1.47
L,0.8906
F,1.384
P,0.7563
Q,0.5357
G,1.836
V,1.394
T,1.196
P,0.5918
E,2.155
N,0.1522
H,1.177
L,0.3956
N,0.5586
I,0.519
S,0.05071
A,0.5337
L,0.6531
P,0.05255
W,0.1484
V,0.9844
N,0.638
F,0.1386
D,0.4449
S,0.6967
F,0.4547
N,0.4585
L,0.4826
N,0.4572
V,0.8189
A,1.366
N,1.303
F,1.236
T,1.908
D,1.277
Y,0.6417
F,0.408
A,0.8857
P,0.05154
I,0.2844
I,0.475
T,0.1378
M,1.069
A,0.06072
K,0.4024
Y,0.7013
Q,2.1
Q,2.022
E,1.597
G,1.765
D,1.707
R,0.9854
L,1.548
L,2.07
L,0.5399
P,0.1473
L,0.9475
S,0.388
V,0.6242
Q,0.271
V,0.4631
H,0.2399
H,0.05067
A,0.2124
V,0.3428
C,0.242
D,0.05158
G,0.09662
F,0.6965
H,0.06919
V,0.7557
A,0.6998
R,1.282
F,0.5804
I,1.199
N,1.13
R,1.469
L,0.7161
Q,0.3244
E,2.283
L,2.177
C,1.022
N,1.334
S,2.28
K,2.049
L,2.016
K,3.484
