"pdb_aa","rate"
M,-0.8502
N,1.061
Y,-0.517
T,0.5066
K,1.654
F,-0.8455
D,-0.7227
V,0.9134
K,0.7741
N,0.5323
W,-0.9118
V,0.9427
R,-1.262
R,-0.1598
E,-0.3066
H,-0.6647
F,-0.7706
E,0.3312
F,-0.7274
Y,-0.7545
R,0.2458
H,0.6566
R,0.4385
L,-0.1137
P,-0.338
C,-0.8028
G,-0.5473
F,-0.537
S,-0.8603
L,-0.06626
T,-1.014
S,-0.3035
K,-0.08384
I,-0.1534
D,-0.9765
I,-0.837
T,-0.994
T,3.358
L,-0.4271
K,0.4809
K,2.912
S,1.811
L,0.4168
D,-0.212
D,2.834
S,1.108
A,1.28
Y,0.8907
K,-0.6698
F,-0.6774
Y,-0.9204
P,-0.6351
V,-0.01048
M,-0.2923
I,-0.6865
Y,-0.5931
L,0.4197
I,-0.3046
A,-0.6144
Q,0.4238
A,-0.1477
V,-0.7104
N,-1.147
Q,0.6626
F,-0.3715
D,1.221
E,-0.7459
L,-0.8121
R,-1.025
M,-0.6252
A,-0.03112
I,0.3401
K,0.9824
D,0.8524
D,-0.1461
E,1.079
L,-0.8636
I,-0.6642
V,0.3922
W,-0.0193
D,-0.4945
S,1.54
V,-0.2469
D,0.09377
P,-1.173
Q,-0.3288
F,-0.7564
T,-1.151
V,-0.4237
F,-0.5191
H,-0.8713
Q,0.907
E,0.0108
T,-0.3841
E,-0.1254
T,-0.9357
F,-1.024
S,-1.015
A,-0.2761
L,-0.2825
S,-0.3464
C,-0.8066
P,1.041
Y,0.02239
S,0.9734
S,1.684
D,-0.02012
I,-0.3436
D,3.361
Q,2.812
F,-1.197
M,-0.07973
V,2.853
N,0.8143
Y,-0.6307
L,1.052
S,2.958
V,-0.8909
M,0.5658
E,0.7591
R,1.726
Y,-0.5119
K,0.2019
S,1.521
D,0.147
T,0.2096
K,0.6488
L,-0.1315
F,0.5327
P,-0.3123
Q,-0.6095
G,1.142
V,0.5461
T,0.2792
P,-0.5339
E,1.572
N,-1.126
H,0.2544
L,-0.7981
N,-0.5786
I,-0.632
S,-1.263
A,-0.6121
L,-0.4514
P,-1.26
W,-1.131
V,-0.005136
N,-0.4717
F,-1.144
D,-0.7318
S,-0.3926
F,-0.7185
N,-0.7134
L,-0.6809
N,-0.7152
V,-0.2281
A,0.5089
N,0.4239
F,0.3336
T,1.239
D,0.3886
Y,-0.4667
F,-0.7814
A,-0.1381
P,-1.262
I,-0.948
I,-0.6912
T,-1.145
M,0.109
A,-1.249
K,-0.789
Y,-0.3865
Q,1.497
Q,1.393
E,0.8196
G,1.046
D,0.9674
R,-0.003824
L,0.7535
L,1.456
L,-0.6038
P,-1.133
L,-0.05491
S,-0.8084
V,-0.4903
Q,-0.966
V,-0.7073
H,-1.008
H,-1.263
A,-1.045
V,-0.8693
C,-1.005
D,-1.261
G,-1.201
F,-0.3929
H,-1.238
V,-0.3132
A,-0.3885
R,0.3953
F,-0.5493
I,0.2841
N,0.1904
R,0.6469
L,-0.3666
Q,-0.894
E,1.743
L,1.601
C,0.04539
N,0.4658
S,1.739
K,1.429
L,1.384
K,3.361
