"pdb_aa","rate"
M,0.7991
D,0.5584
F,1.201
T,1.183
K,0.859
P,1.471
E,0.9993
T,0.8168
V,0.5407
L,0.4637
N,0.4538
L,0.1344
Q,1.095
N,0.5974
I,0.1442
R,0.05077
D,1.15
E,0.4519
L,0.05742
V,0.3961
R,0.2149
M,0.2516
E,0.05119
D,0.1428
S,0.2463
I,0.06075
I,0.2996
F,0.4075
K,0.7897
F,0.2946
I,0.08279
E,0.1364
R,0.0508
S,0.2618
H,0.2868
F,0.4538
A,0.6595
T,0.9011
C,0.1312
P,1.293
S,1.003
V,0.411
Y,0.06484
E,1.623
A,1.773
N,0.822
H,0.966
P,1.45
G,2.921
L,0.9765
E,3.224
I,0.5323
P,0.9042
N,1.343
F,0.9119
K,2.243
G,0.8469
S,0.08814
F,0.4893
L,0.6004
D,0.7292
W,0.9844
A,0.9271
L,0.5003
S,1.266
N,0.527
L,0.5657
E,0.05085
I,1.02
A,1.013
H,0.3151
S,0.2122
R,0.5424
I,0.4853
R,0.07057
R,0.07985
F,0.3393
E,0.7482
S,0.2286
P,0.141
D,0.1141
E,0.07419
T,0.5626
P,0.2701
F,0.07339
F,0.3221
P,0.2069
D,1.441
K,1.304
I,0.6242
Q,0.8649
K,2.166
S,0.493
F,0.8352
L,0.3967
P,0.7743
S,0.8988
I,1.012
N,1.78
Y,0.7125
P,0.4098
Q,1.698
I,0.5721
L,0.1614
A,0.4795
P,1.107
Y,0.5274
A,1.2
P,0.4421
E,0.9767
V,0.3725
N,0.1539
Y,0.5806
N,0.1263
D,1.719
K,1.325
I,0.143
K,0.7294
K,1.788
V,1.04
Y,0.06552
I,0.7678
E,1.712
K,1.723
I,0.4147
I,0.3574
P,0.1819
L,1.138
I,0.6358
S,0.4081
K,1.359
R,1.605
D,0.9751
G,0.8981
D,0.8598
D,0.5041
K,0.6322
N,0.3773
N,0.1983
F,0.5536
G,0.1551
S,0.1633
V,0.587
A,0.209
T,0.5713
R,0.7718
D,0.05063
I,0.4492
E,1.102
C,0.7208
L,0.07245
Q,0.1162
S,0.2709
L,0.3889
S,0.05176
R,0.2036
R,0.05335
I,0.1377
H,0.05769
F,0.4278
G,0.05116
K,0.2507
F,0.3009
V,0.08406
A,0.07882
E,0.05514
A,0.3221
K,0.05102
F,0.32
Q,0.9222
S,1.281
D,0.9513
I,0.9757
P,1.075
L,1.509
Y,0.4002
T,0.6147
K,1.308
L,0.4483
I,0.05209
K,1.178
S,1.05
K,1.121
D,0.1464
V,1.086
E,2.075
G,0.6773
I,0.1458
M,0.7224
K,1.822
N,0.4173
I,0.07632
T,0.06155
N,0.3683
S,1.113
A,0.7284
V,0.05203
E,0.05074
E,1.144
K,0.8752
I,0.1513
L,0.2756
E,1.154
R,0.05068
L,0.136
T,1.113
K,1.047
K,0.05079
A,0.2211
E,1.499
V,0.6282
Y,0.227
G,0.1592
V,0.5169
D,0.4612
P,0.5725
T,0.8732
E,1.785
R,1.99
R,0.2361
I,0.401
T,0.7489
P,0.3959
E,0.8091
Y,0.8861
L,0.3072
V,0.3256
K,1.483
I,0.3772
Y,0.1089
K,1.032
E,1.065
I,1.666
V,0.3087
I,0.1352
P,0.05257
I,0.4505
T,0.05391
K,0.145
E,1.033
V,0.05484
E,0.255
V,0.213
E,0.6446
Y,0.09191
L,0.07572
L,0.2867
R,0.5954
R,0.05555
L,0.2628
E,0.7483
E,1.194
