"pdb_aa","rate"
P,4.7
A,4.677
Q,4.699
D,4.599
N,4.7
S,2.688
R,2.7
F,2.059
V,1.955
I,1.289
R,1.117
D,1.624
R,1.122
N,2.114
W,1.904
H,0.5079
P,0.2144
K,1.394
A,0.7844
L,1.692
T,1.359
P,0.9204
D,2.186
Y,0.01401
K,0.6794
T,0.1727
S,0.2093
I,1.408
A,1.213
R,0.009133
S,0.3612
P,0.02674
R,1.827
Q,1.443
A,0.965
L,0.618
V,1.407
S,1.104
I,1.512
P,0.9896
Q,1.146
S,0.9872
I,1.296
S,0.5858
E,0.1575
T,1.387
T,0.8836
G,0.5643
P,0.01198
N,1.062
F,0.4264
S,0.7409
H,1.65
L,2.228
G,1.479
F,1.181
G,1.04
A,2.609
H,1.635
D,0.209
H,0.9925
D,0.0916
L,0.1252
L,0.1791
L,1.788
N,0.05416
F,1.451
G,0.7871
L,0.7882
P,0.1889
I,0.9496
G,0.01323
E,0.214
R,0.03239
I,0.2769
I,0.8315
V,0.2858
A,0.886
G,0.01323
R,0.4448
V,0.3064
V,1.311
D,0.0441
Q,0.7146
Y,1.847
G,0.5437
K,0.6105
P,0.4616
V,0.2415
P,0.8536
N,1.431
T,0.4242
L,0.122
V,0.7879
E,0.009723
M,0.9455
W,0.02545
Q,0.009013
A,0.02708
N,0.007845
A,0.1704
G,0.5304
G,0.01323
R,0.01824
Y,0.03224
R,0.5197
H,0.00849
K,1.331
N,1.189
D,0.1192
R,0.9804
Y,0.1064
L,0.5587
A,0.1526
P,0.2864
L,0.518
D,0.009014
P,0.1145
N,0.2399
F,0.01342
G,0.3883
G,0.01323
V,0.6915
G,0.0693
R,0.01828
C,1.492
L,1.355
T,0.1397
D,0.3798
S,1.968
D,1.622
G,0.01323
Y,1.986
Y,0.09613
S,1.959
F,0.1725
R,0.7252
T,0.06316
I,0.6382
K,0.6531
P,0.02655
G,0.02993
P,0.315
Y,0.01401
P,0.01198
W,0.1066
R,0.7472
N,0.02627
G,0.3905
P,1.624
N,0.04501
D,0.2178
W,0.06321
R,0.009133
P,0.02693
A,0.185
H,0.00849
I,0.1173
H,0.00849
F,0.5288
G,0.02289
I,1.049
S,0.3317
G,0.06958
P,1.278
S,0.8373
I,0.26
A,0.5508
T,0.1921
K,0.03235
L,0.2481
I,0.4009
T,0.09114
Q,0.009013
L,0.2327
Y,0.01401
F,0.03057
E,0.1236
G,0.3739
D,0.009014
P,0.09635
L,0.2043
I,0.486
P,1.693
M,1.686
C,0.05271
P,0.08218
I,0.1277
V,0.9802
K,1.197
S,0.6053
I,0.4775
A,1.105
N,0.7213
P,2.569
E,2.624
A,0.3599
V,0.4599
Q,1.994
Q,0.7258
L,0.3545
I,0.744
A,0.3566
K,1.764
L,0.4553
D,0.1951
M,0.7649
N,1.929
N,1.612
A,0.5215
N,1.962
P,0.5373
M,0.6219
D,0.8738
C,0.6226
L,0.4482
A,0.3676
Y,0.3136
R,0.9036
F,0.3507
D,0.0679
I,0.3125
V,0.1315
L,0.1631
R,0.1986
G,0.03039
Q,1.143
R,1.339
K,0.715
T,0.09162
H,1.562
F,0.9477
E,0.1596
