Residue,Amino_Acid,Chain,RSA
   1,A,A,0.480620155039
   2,E,A,0.515695067265
   3,G,A,0.346153846154
   4,D,A,0.730569948187
   5,T,A,0.366279069767
   6,L,A,0.238805970149
   7,I,A,0.010152284264
   8,S,A,0.0838709677419
   9,V,A,0.00574712643678
  10,D,A,0.19689119171
  11,Y,A,0.0228136882129
  12,E,A,0.233183856502
  13,I,A,0.0
  14,F,A,0.183333333333
  15,G,A,0.326923076923
  16,K,A,0.584745762712
  17,V,A,0.0114942528736
  18,Q,A,0.315555555556
  19,G,A,0.788461538462
  20,V,A,0.103448275862
  21,F,A,0.658333333333
  22,F,A,0.0125
  23,R,A,0.229927007299
  24,K,A,0.563559322034
  25,Y,A,0.414448669202
  26,T,A,0.0
  27,Q,A,0.155555555556
  28,A,A,0.441860465116
  29,E,A,0.067264573991
  30,G,A,0.0
  31,K,A,0.491525423729
  32,K,A,0.622881355932
  33,L,A,0.119402985075
  34,G,A,0.548076923077
  35,L,A,0.0298507462687
  36,V,A,0.0747126436782
  37,G,A,0.0
  38,W,A,0.164912280702
  39,V,A,0.0
  40,Q,A,0.248888888889
  41,N,A,0.2
  42,T,A,0.093023255814
  43,D,A,0.886010362694
  44,Q,A,0.688888888889
  45,G,A,0.346153846154
  46,T,A,0.0523255813953
  47,V,A,0.0
  48,Q,A,0.28
  49,G,A,0.0384615384615
  50,Q,A,0.164444444444
  51,L,A,0.0
  52,Q,A,0.00888888888889
  53,G,A,0.0192307692308
  54,P,A,0.207547169811
  55,A,A,0.0
  56,S,A,0.290322580645
  57,K,A,0.398305084746
  58,V,A,0.0
  59,R,A,0.167883211679
  60,H,A,0.441964285714
  61,M,A,0.0
  62,Q,A,0.0755555555556
  63,E,A,0.47533632287
  64,W,A,0.0631578947368
  65,L,A,0.0
  66,E,A,0.390134529148
  67,T,A,0.668604651163
  68,K,A,0.584745762712
  69,G,A,0.0288461538462
  70,S,A,0.00645161290323
  71,P,A,0.59748427673
  72,K,A,0.758474576271
  73,S,A,0.116129032258
  74,H,A,0.504464285714
  75,I,A,0.137055837563
  76,D,A,0.585492227979
  77,R,A,0.503649635036
  78,A,A,0.178294573643
  79,S,A,0.161290322581
  80,F,A,0.1875
  81,H,A,0.473214285714
  82,N,A,0.564102564103
  83,E,A,0.286995515695
  84,K,A,0.601694915254
  85,V,A,0.545977011494
  86,I,A,0.177664974619
  87,V,A,0.816091954023
  88,K,A,0.677966101695
  89,L,A,0.353233830846
  90,D,A,0.59585492228
  91,Y,A,0.269961977186
  92,T,A,0.81976744186
  93,D,A,0.450777202073
  94,F,A,0.0
  95,Q,A,0.431111111111
  96,I,A,0.213197969543
  97,V,A,0.195402298851
  98,K,A,0.834745762712
