type,dataset,mean,se
cat,Enzymes,0.0973203048525165,0.00686124352648113
interface_enzyme,Enzymes,0.905367677446283,0.00721371430796741
interface_protein,Non-enzymes,0.816490195809809,0.025652672840075
no_cat_int,Enzymes,1.02292146091209,0.00320763087236029
no_interface_protein,Non-enzymes,1.02702685448056,0.0116623879278415
