comp,dataset,mean,se
delta.act,Enzymes,0.0486292323284112,0.00311097516982671
delta.int,Non-enzymes,0.0153705853542703,0.00361277889992801
delta.int.enzyme,Enzymes,0.0274501956921075,0.00217335399386072
