Residue,Amino_Acid,Chain,RSA
   1,E,A,0.780269058296
   2,N,A,0.502564102564
   3,C,A,0.155688622754
   4,C,A,0.251497005988
   5,V,A,0.281609195402
   6,R,A,0.211678832117
   7,P,A,0.62893081761
   8,L,A,0.36815920398
   9,Y,A,0.399239543726
  10,I,A,0.152284263959
  11,D,A,0.212435233161
  12,F,A,0.0166666666667
  13,R,A,0.474452554745
  14,Q,A,0.64
  15,D,A,0.487046632124
  16,L,A,0.338308457711
  17,G,A,0.471153846154
  18,W,A,0.277192982456
  19,K,A,0.631355932203
  20,W,A,0.431578947368
  21,V,A,0.0459770114943
  22,H,A,0.366071428571
  23,E,A,0.403587443946
  24,P,A,0.264150943396
  25,K,A,0.444915254237
  26,G,A,0.0576923076923
  27,Y,A,0.0950570342205
  28,Y,A,0.539923954373
  29,A,A,0.093023255814
  30,N,A,0.133333333333
  31,F,A,0.379166666667
  32,C,A,0.119760479042
  33,S,A,0.335483870968
  34,G,A,0.221153846154
  35,P,A,0.51572327044
  36,C,A,0.197604790419
  37,P,A,0.503144654088
  38,Y,A,0.74144486692
  39,L,A,0.646766169154
  40,R,A,0.489051094891
  41,S,A,0.787096774194
  42,A,A,1.06201550388
  43,S,A,1.12903225806
  44,A,A,0.542635658915
  45,S,A,0.367741935484
  46,P,A,0.100628930818
  47,C,A,0.461077844311
  48,C,A,0.125748502994
  49,V,A,0.281609195402
  50,P,A,0.358490566038
  51,Q,A,0.453333333333
  52,D,A,0.445595854922
  53,L,A,0.318407960199
  54,E,A,0.367713004484
  55,P,A,0.314465408805
  56,L,A,0.114427860697
  57,T,A,0.46511627907
  58,I,A,0.0152284263959
  59,L,A,0.208955223881
  60,Y,A,0.163498098859
  61,Y,A,0.433460076046
  62,V,A,0.454022988506
  63,G,A,0.701923076923
  64,R,A,0.835766423358
  65,T,A,0.418604651163
  66,P,A,0.440251572327
  67,K,A,0.385593220339
  68,V,A,0.620689655172
  69,E,A,0.385650224215
  70,Q,A,0.511111111111
  71,L,A,0.144278606965
  72,S,A,0.535483870968
  73,N,A,0.528205128205
  74,M,A,0.142857142857
  75,V,A,0.0804597701149
  76,V,A,0.103448275862
  77,K,A,0.491525423729
  78,S,A,0.161290322581
  79,C,A,0.131736526946
  80,K,A,0.372881355932
  81,C,A,0.323353293413
  82,S,A,0.425806451613
