Residue,Amino_Acid,Chain,RSA
   1,Q,B,0.382222222222
   2,I,B,0.0203045685279
   3,F,B,0.2125
   4,V,B,0.0172413793103
   5,K,B,0.279661016949
   6,T,B,0.255813953488
   7,L,B,0.8407960199
   8,T,B,0.802325581395
   9,G,B,0.307692307692
  10,K,B,0.851694915254
  11,T,B,0.389534883721
  12,I,B,0.152284263959
  13,T,B,0.308139534884
  14,L,B,0.0398009950249
  15,E,B,0.569506726457
  16,V,B,0.114942528736
  17,E,B,0.560538116592
  18,P,B,0.440251572327
  19,S,B,0.587096774194
  20,D,B,0.129533678756
  21,T,B,0.197674418605
  22,I,B,0.0
  23,E,B,0.313901345291
  24,N,B,0.369230769231
  25,V,B,0.0
  26,K,B,0.0550847457627
  27,A,B,0.271317829457
  28,K,B,0.28813559322
  29,I,B,0.0
  30,Q,B,0.337777777778
  31,D,B,0.709844559585
  32,K,B,0.521186440678
  33,E,B,0.484304932735
  34,G,B,0.528846153846
  35,I,B,0.162436548223
  36,P,B,0.264150943396
  37,P,B,0.125786163522
  38,D,B,0.585492227979
  39,Q,B,0.337777777778
  40,Q,B,0.0266666666667
  41,R,B,0.394160583942
  42,L,B,0.0
  43,I,B,0.223350253807
  44,F,B,0.2125
  45,A,B,0.720930232558
  46,G,B,0.769230769231
  47,K,B,0.427966101695
  48,Q,B,0.453333333333
  49,L,B,0.0248756218905
  50,E,B,0.520179372197
  51,D,B,0.347150259067
  52,G,B,0.653846153846
  53,R,B,0.324817518248
  54,T,B,0.156976744186
  55,L,B,0.0149253731343
  56,S,B,0.4
  57,D,B,0.445595854922
  58,Y,B,0.102661596958
  59,N,B,0.615384615385
  60,I,B,0.0862944162437
  61,Q,B,0.568888888889
  62,K,B,0.707627118644
  63,E,B,0.408071748879
  64,S,B,0.129032258065
  65,T,B,0.31976744186
  66,L,B,0.0
  67,H,B,0.352678571429
  68,L,B,0.0646766169154
  69,V,B,0.310344827586
  70,L,B,0.442786069652
  71,R,B,0.733576642336
