Residue,Amino_Acid,Chain,RSA
   1,D,D,1.17098445596
   2,K,D,0.648305084746
   3,R,D,0.71897810219
   4,T,D,0.406976744186
   5,C,D,0.0538922155689
   6,V,D,0.770114942529
   7,S,D,0.593548387097
   8,L,D,0.18407960199
   9,T,D,0.273255813953
  10,T,D,0.738372093023
  11,Q,D,0.613333333333
  12,R,D,0.675182481752
  13,L,D,0.164179104478
  14,P,D,0.421383647799
  15,V,D,0.350574712644
  16,S,D,0.509677419355
  17,R,D,0.529197080292
  18,I,D,0.0152284263959
  19,K,D,0.516949152542
  20,T,D,0.441860465116
  21,Y,D,0.330798479087
  22,T,D,0.354651162791
  23,I,D,0.406091370558
  24,T,D,0.25
  25,E,D,0.614349775785
  26,G,D,0.644230769231
  27,S,D,0.651612903226
  28,L,D,0.402985074627
  29,R,D,0.408759124088
  30,A,D,0.0
  31,V,D,0.0402298850575
  32,I,D,0.106598984772
  33,F,D,0.0
  34,I,D,0.142131979695
  35,T,D,0.0988372093023
  36,K,D,0.470338983051
  37,R,D,0.85401459854
  38,G,D,0.298076923077
  39,L,D,0.597014925373
  40,K,D,0.563559322034
  41,V,D,0.126436781609
  42,C,D,0.179640718563
  43,A,D,0.0
  44,D,D,0.274611398964
  45,P,D,0.0503144654088
  46,Q,D,0.68
  47,A,D,0.178294573643
  48,T,D,0.720930232558
  49,W,D,0.129824561404
  50,V,D,0.0114942528736
  51,R,D,0.478102189781
  52,D,D,0.60103626943
  53,V,D,0.0632183908046
  54,V,D,0.132183908046
  55,R,D,0.671532846715
  56,S,D,0.335483870968
  57,M,D,0.111607142857
  58,D,D,0.284974093264
  59,R,D,0.802919708029
  60,K,D,0.796610169492
  61,S,D,0.677419354839
